etID  | Proto-Indo-European | Proto-Balkan-Indo-European | Archaic Proto-Albanian | Classical Proto-Albanian | Middle Proto-Albanian I | Middle Proto-Albanian II | Late Proto-Albanian I | Late Proto-Albanian II | Late Proto-Albanian III | Proto-Tosk-SGheg {GOLD} | Proto-Tosk | Old North Tosk | Output {GOLD}
0      | ... | ... | ... | ... | ... | ... | ... | #ˌaɣjˈazma# | *#ˌajˈaːzma# | *#ˌajˈaːzm̩# {GOLD: >*} | *#ˌajˈaːzm̩# | *#ajˈazm̩# | *#ajˈazəm# {GOLD: #ajˈazəm#}
1      | ... | ... | ... | ... | ... | ... | ... | #ˌɑxtɑpˈɔði# | *#ˌɑftɑpˈɔðə# | *#ˌaftapˈɔð# {GOLD: >*} | *#ˌaftapˈɔð# | *#aftapˈɔð# | *#aftapˈɔð# {GOLD: #aftapˈɔð#}
2      | ... | ... | ... | ... | ... | ... | ... | #ˌavlˈi# | *#ˌavlˠˈi# | *#ˌavlˠˈi# {GOLD: >*} | *#ˌavlˠˈi# | *#avlˠˈi# | *#avlˠˈi# {GOLD: #avlˠˈi#}
3      | ... | ... | ... | ... | ... | ... | ... | #ˈalima# | *#ˈaːlima# | *#ˈaːlimə# {GOLD: >*} | *#ˈaːlim# | *#ˈalm# | *#ˈalm# {GOLD: #ˈaləm#}
4      | ... | ... | ... | ... | ... | ... | ... | #ˈamja# | *#ˈamja# | *#ˈamɛ# {GOLD: >*} | *#ˈamɛ# | *#ˈamɛ# | *#ˈamɛ# {GOLD: #ˈamɛ#}
5      | ... | ... | ... | ... | ... | ... | ... | #ˌarsˈɛnɪka# | *#ˌarsˈɛnɡa# | *#ˌaɾsˈɛŋɡə# {GOLD: >*} | *#ˌaɾsˈɛɲ̈ɡə# | *#aɾsˈɛɲ̈ɡə# | *#aɾsˈɛŋɡə# {GOLD: #əɾsˈiŋɡə#}
6      | ... | ... | ... | ... | #ˈɑɡrion# | *#ˈɑɡrion# | *#ˈeɡrɪon# | *#ˈeɡɾɪ̃n# | *#ˈɛɡɾə̃# | *#ˈɛɡɾ̩# {GOLD: >*} | *#ˈɛɡɾ̩# | *#ˈɛɡɾ̩# | *#ˈɛɡəɾ# {GOLD: #ˈɛɡəɾ#}
7      | ... | ... | #ɦˌaːˈera# | *#ˌɒːˈerɑ# | *#ˌɒːˈɛrɑ# | *#ˌoˈɛrɑ# | *#ˌoːˈɛra# | *#ˌɔːˈɛɾa# | *#ˌɔːˈɛːɾa# | *#ˈɛːɾə# {GOLD: >*} | *#ˈɛːɾə# | *#ˈɛɾə# | *#ˈɛɾə# {GOLD: #ˈɛɾə#}
8      | ... | ... | ... | ... | #ˈɛːxɔn# | *#ˈɛxon# | *#ˈɛxon# | *#ˈɛːxɔ̃n# | *#ˈie̯xə# | *#jˈɛx# {GOLD: >*} | *#jˈɛh# | *#jˈɛh# | *#jˈɛh# {GOLD: #jˈɛh#}
9      | ... | ... | #ɦˈɛːremon# | *#ˈɛːrəmon# | *#ˈɛːrəmʊ# | *#ˈɛrəmu# | *#ˈɛrəmu# | *#ˈɛːɾmu# | *#ˈie̯ɾmə# | *#jˈɛɾm# {GOLD: #jˈɛɾəm#} | *#jˈɛɾm# | *#jˈɛɾm# | *#jˈɛɾm# {GOLD: #jˈɛɾm#}
10     | ... | ... | ... | ... | ... | ... | ... | #jˌɔzˈɛfɔ# | *#jˌɔzˈɛːfə# | *#jˌɔzˈɛːf# {GOLD: >*} | *#jˌɔzˈɛːf# | *#jɔzˈɛf# | *#jɔzˈɛf# {GOLD: #jɔzˈɛf#}
11     | ... | ... | ... | ... | ... | ... | ... | #jˌɔzˈifɔ# | *#jˌɔzˈiːfə# | *#jˌɔzˈiːf# {GOLD: >*} | *#jˌɔzˈiːf# | *#jɔzˈif# | *#jɔzˈif# {GOLD: #jɔzˈif#}
12     | ... | ... | #ɦˈejsammon# | *#ˈejsɑmmon# | *#ˈɛjsɑmmʊ# | *#ˈɛjsɑmmu# | *#ˈisammu# | *#ˈiʃɐmmu# | *#ˈiːʃɐmə# | *#ˈiːʃm̩# {GOLD: >*} | *#ˈiːʃm̩# | *#ˈiʃm̩# | *#ˈiʃəm# {GOLD: #ˈiʃəm#}
13     | ... | ... | ... | ... | ... | ... | ... | #ˈiːðulɔ# | *#ˈiːðulˠə# | *#ˈiːðulˠ# {GOLD: >*} | *#ˈiːðulˠ# | *#ˈiðulˠ# | *#ˈiðulˠ# {GOLD: #ˈiðulˠ#}
14     | ... | ... | ... | ... | ... | ... | ... | #ˈɔkrɔn# | *#ˈɔkrə# | *#ˈɔkɾ̩# {GOLD: >*} | *#ˈɔkɾ̩# | *#ˈɔkɾ̩# | *#ˈɔkəɾ# {GOLD: #ˈɔkəɾ#}
15     | ... | ... | ... | ... | ... | ... | ... | #kˌalɔɣˈɛːrɔ# | *#kˌalˠɔɡˈie̯rə# | *#kˌalˠɔɡjˈɛɾ# {GOLD: >*} | *#kˌalˠɔɡjˈɛɾ# | *#kalˠɔɟˈɛɾ# | *#kalˠɔɟˈɛɾ# {GOLD: #kalˠɔɟˈɛɾ#}
16     | ... | ... | ... | ... | ... | ... | ... | #kˌatˈɔːɣɪ# | *#kˌatˈuo̯# | *#kˌatˈuo̯# {GOLD: >*} | *#kˌatˈua̯# | *#katˈua̯# | *#katˈua̯# {GOLD: #katˈua̯#}
17     | ... | ... | #kˈɑntʰɑron# | *#kˈɑntʰɑron# | *#kˈɑntʰɑrʊ# | *#kˈɑntɑru# | *#kˈantaru# | *#kˈãntɐɾu# | *#kˈandɐɾə# | *#kˈandɾ̩# {GOLD: #kˈãntəɾə#} | *#kˈandɾ̩# | *#kˈandɾ̩# | *#kˈandəɾ# {GOLD: #kˈandəɾ#}
18     | ... | ... | #kˈɑltʰɑ# | *#kˈɑltʰɑ# | *#kˈɑltʰɑ# | *#kˈɑltɑ# | *#kˈalta# | *#kˈalta# | *#kˈaːlta# | *#kˈaːltə# {GOLD: >*} | *#kˈaːltə# | *#kˈaltə# | *#kˈaltə# {GOLD: #kˈaltə#}
19     | ... | ... | #kˈɑltʰinɑ# | *#kˈɑltʰənɑ# | *#kˈɑltʰənɑ# | *#kˈɑltənɑ# | *#kˈaltɑ̃ɾ̃a# | *#kˈaltɐɾ̃a# | *#kˈaːltɐɾ̃a# | *#kˈaːltəɾ̃ə# {GOLD: #kˈaltə̃ɾ̃ə#} | *#kˈaːltəɾ̃# | *#kˈaltəɾ# | *#kˈaltəɾ# {GOLD: #kˈaltəɾ#}
20     | ... | ... | ... | ... | #kˌɑlˈɔɡɛrɔ# | *#kˌɑlˈoɡɛro# | *#kˌalˈoɟɪro# | *#kəlˠˈɔɟɪɾɔ# | *#kəlˠˈɔɟəɾə# | *#kəlˠˈɔɟɾ̩# {GOLD: >*} | *#kəlˠˈɔɟɾ̩# | *#kəlˠˈɔɟɾ̩# | *#klˠˈɔɟəɾ# {GOLD: #klˠˈɔɟəɾ#}
21     | ... | ... | #kˌokkˈumɛːlon# | *#kɐkkˈumbəlon# | *#kɐkkˈʊmbəlʊ# | *#kɐkkˈumbəlu# | *#kɐkkˈumbəlu# | *#kkˈũmbəlu# | *#kːˈũmbəlˠə# | *#kːˈũmbulˠ# {GOLD: >*} | *#kːˈũmbulˠ# | *#kˈumbulˠ# | *#kˈumbulˠ# {GOLD: #kˈumbulˠ#}
22     | ... | ... | #ɡˌawzˈaːfon# | *#ɡˌɑwzˈɒːfon# | *#ɡˌɑwzˈɒfʊ# | *#ɡˌɑwzˈofu# | *#ɡəzˈofu# | *#ɡəzˈɔfu# | *#ɡəzˈɔːfə# | *#ɡəzˈɔːf# {GOLD: >*} | *#ɡəzˈɔːf# | *#ɡəzˈɔf# | *#ɡəzˈɔf# {GOLD: #ɡəzˈɔf#}
23     | ... | ... | #kˌorsɔːtˈon# | *#kɐrsɔːtˈon# | *#kɐrsˈoːtʊn# | *#kɐrsˈøtun# | *#kɐrsˈøtun# | *#kəɾʃˈœtũn# | *#kəɾʃˈɛtə# | *#kɾ̩ʃˈɛt# {GOLD: #kɾ̩ʃˈœt#} | *#ɡɾ̩ʃˈɛt# | *#ɡɾ̩ʃˈɛt# | *#ɡəɾʃˈɛt# {GOLD: #ɡəɾʃˈɛt#}
24     | ... | ... | ... | ... | ... | ... | ... | #ɡrˌafˈɛjɔn# | *#ɡrˌafˈɛjə# | *#ɡɾ̩fˈɛj# {GOLD: >*} | *#ɡɾ̩fˈɛj# | *#ɡɾ̩fˈɛj# | *#ɡəɾfˈɛj# {GOLD: #ɡəɾfˈɛj#}
25     | ... | ... | #ɡrˈamma# | *#ɡrˈɑmmɑ# | *#ɡrˈɑmmɑ# | *#ɡrˈɑmmɑ# | *#ɡrˈamma# | *#ɡɾˈãmma# | *#ɡɾˈãmːa# | *#ɡɾˈʌ̃mːə# {GOLD: >*} | *#ɡɾˈə̃mə# | *#ɡɾˈəmə# | *#ɡɾˈəmə# {GOLD: #ɡˈəɾmə#}
26     | ... | ... | #ɡˌɔːlˈoːn# | *#ɡˌɔːlˈoːn# | *#ɡˈɒːlun# | *#ɡˈolun# | *#ɡˈolun# | *#ɡˈɔlũn# | *#ɡˈɔːlˠə# | *#ɡˈɔːlˠ# {GOLD: >*} | *#ɡˈɔːlˠ# | *#ɡˈɔlˠ# | *#ɡˈɔlˠ# {GOLD: #ɡˈɔlˠ#}
27     | ... | ... | #ɦˌɔːlˈenaː# | *#ˌɔːlˈenɑ# | *#ˌʊlˈɛnɑ# | *#ˌulˈɛnɑ# | *#ɔːʷlˈana# | *#ʊlˈãɾ̃a# | *#ʊlˠˈãɾ̃a# | *#lˠˈʌ̃ɾ̃ə# {GOLD: #lˠˈãɾ̃ə#} | *#lˠˈə̃ɾ̃ə# | *#lˠˈəɾə# | *#lˠˈəɾə# {GOLD: #lˠˈəɾə#}
28     | ... | ... | #kˌerasˈiːa# | *#kˌerɑsˈiːɑ# | *#kˌɛrɑsˈiɑ# | *#kˌɛrɑsˈijɑ# | *#kˌɛrasˈija# | *#cˌɛɾəʃˈija# | *#cˌɛɾəʃˈija# | *#cˌɛɾəʃˈiː# {GOLD: >*} | *#cˌɛɾʃˈiː# | *#cɛɾʃˈi# | *#cɛɾʃˈi# {GOLD: #cɛɾʃˈi#}
29     | ... | ... | #tˈermon# | *#tˈermon# | *#tˈɛrmʊ# | *#tˈɛrmu# | *#tˈɛrmu# | *#tjˈaɾmu# | *#tjˈaːɾmə# | *#cˈaːɾm# {GOLD: >*} | *#cˈaːɾm# | *#cˈaɾm# | *#cˈaɾm# {GOLD: #cˈɛɾm#}
30     | ... | ... | ... | ... | #stˈɛfɑnɔn# | *#stˈɛfɑnon# | *#stˈɛfɑ̃ɾ̃on# | *#ʃtˈɛfɐɾ̃ɔ̃n# | *#ʃtˈɛːfɐɾ̃ə# | *#ʃtˈɛːfəɾ̃# {GOLD: >*} | *#ʃtˈɛːfəɾ̃# | *#ʃtˈɛfəɾ# | *#ʃtˈɛfəɾ# {GOLD: #cˈɛfəɾ#}
31     | ... | ... | ... | ... | #kˈɛfɑlɔn# | *#kˈɛfɑlon# | *#kˈɛfalon# | *#cˈɛfɐlɔ̃n# | *#cˈɛːfɐlˠə# | *#cˈɛːfulˠ# {GOLD: >*} | *#cˈɛːfulˠ# | *#cˈɛfulˠ# | *#cˈɛfulˠ# {GOLD: #cˈɛfulˠ#}
32     | ... | ... | #kˌapnˈi# | *#kɐpnˈi# | *#kˈɑpnɪ# | *#kˈepnɪ# | *#kˈepnɪ# | *#cˈepnɪ# | *#cˈɛmːə# | *#cˈɛmː# {GOLD: >*} | *#cˈɛm# | *#cˈɛm# | *#cˈɛm# {GOLD: #cˈɛm#}
33     | ... | ... | ... | ... | ... | ... | ... | #kˌiːrˈiːɑ# | *#kˌiːrˈiːɑ# | *#kˌiːɾˈiː# {GOLD: >*} | *#kˌiːɾˈiː# | *#kiɾˈi# | *#ciɾˈi# {GOLD: #ciɾˈi#}
34     | ... | ... | ... | ... | #kʰˈylɔn# | *#kˈylon# | *#kˈylon# | *#cˈylɔ̃n# | *#cˈuːlˠə# | *#cˈuːlˠ# {GOLD: >*} | *#cˈuːlˠ# | *#cˈulˠ# | *#cˈulˠ# {GOLD: #cˈulˠ#}
35     | ... | ... | #sˈarkon# | *#sˈɑrkon# | *#sˈɑrkʊ# | *#sˈɑrku# | *#sˈarku# | *#ʃˈaɾku# | *#ʃˈaːɾkə# | *#ʃˈaːɾk# {GOLD: >*} | *#ʃˈaːɾk# | *#ʃˈaɾk# | *#ʃˈaɾk# {GOLD: #ʃˈaɾk#}
36     | ... | ... | #sˌurˈittioː# | *#sɐrˈiːtt͡ʃoː# | *#sɐrˈitt͡ʃu# | *#sɐrˈitt͡ʃu# | *#sɐrˈitt͡ʃu# | *#ʃəɾˈisu# | *#ʃəɾˈiːsə# | *#ʃəɾˈiːs# {GOLD: >*} | *#ʃəɾˈiːs# | *#ʃəɾˈis# | *#ʃəɾˈis# {GOLD: #ʃəɾˈis#}
37     | ... | ... | #sˈaːsis# | *#sˈɒːsiːs# | *#sˈɒːsi# | *#sˈosi# | *#sˈosɪ# | *#ʃˈɔʃɪ# | *#ʃˈɔːʃə# | *#ʃˈɔːʃ# {GOLD: #ʃˈɔʃ#} | *#ʃˈɔːʃ# | *#ʃˈɔʃ# | *#ʃˈɔʃ# {GOLD: #ʃˈɔʃ#}
38     | ... | ... | #skˈalmaːn# | *#skˈɑlmɑn# | *#skˈɑlmɑ# | *#skˈɑlmɑ# | *#skˈalma# | *#ʃkˈalˠma# | *#ʃkˈaːlˠma# | *#ʃkˈaːlˠmə# {GOLD: >*} | *#ʃkˈaːlˠmə# | *#ʃkˈalˠmə# | *#ʃkˈalˠmə# {GOLD: #ʃkˈalˠmə#}
39     | ... | ... | #skˈaripʰa# | *#skˈɑrəpʰɑ# | *#skˈɑrəpʰɑ# | *#skˈɑrəpɑ# | *#skˈarəpa# | *#ʃkˈaɾəpa# | *#ʃkˈaːɾpa# | *#ʃkˈaːɾpə# {GOLD: >*} | *#ʃkˈaːɾpə# | *#ʃkˈaɾpə# | *#ʃkˈaɾpə# {GOLD: #ʃkˈaɾpə#}
40     | ... | ... | #skˈɑmnon# | *#skˈɑmbon# | *#skˈɑmbʊ# | *#skˈɑmbu# | *#skˈambu# | *#ʃkˈãmbu# | *#ʃkˈãmbə# | *#ʃkˈʌ̃mb# {GOLD: >*} | *#ʃkˈə̃mb# | *#ʃkˈəmb# | *#ʃkˈəmb# {GOLD: #ʃkˈəmb#}
41     | ... | ... | #skˈaːpon# | *#skˈɒːpon# | *#skˈɒːpʊ# | *#skˈopu# | *#skˈopu# | *#ʃkˈɔpu# | *#ʃkˈɔpə# | *#ʃkˈɔp# {GOLD: >*} | *#ʃkˈɔp# | *#ʃkˈɔp# | *#ʃkˈɔp# {GOLD: #ʃkˈɔp#}
42     | ... | ... | #skˌampˈiːnon# | *#skɐmpˈiːnon# | *#skɐmpˈinʊ# | *#skɐmpˈinu# | *#skɐmpˈinu# | *#ʃkə̃mpˈĩnu# | *#ʃkə̃mbˈĩːnːə# | *#ʃkə̃mbˈĩːnː# {GOLD: #ʃkumbˈĩːn#} | *#ʃkə̃mbˈĩːn# | *#ʃkəmbˈin# | *#ʃkəmbˈin# {GOLD: #ʃkumbˈin#}
43     | ... | ... | #skʰˈiːnton# | *#skʰˈiːnton# | *#skʰˈintʊ# | *#skˈintu# | *#scˈintu# | *#ʃcˈĩntu# | *#ʃcˈĩndə# | *#ʃcˈĩnd# {GOLD: >*} | *#ʃcˈĩnd# | *#ʃcˈind# | *#ʃcˈind# {GOLD: #ʃcˈind#}
44     | ... | ... | #stˈamna# | *#stˈɑmbɑ# | *#stˈɑmbɑ# | *#stˈɑmbɑ# | *#stˈamba# | *#ʃtˈãmba# | *#ʃtˈãmba# | *#ʃtˈʌ̃mbə# {GOLD: #ʃtˈãmbə#} | *#ʃtˈə̃mbə# | *#ʃtˈəmbə# | *#ʃtˈəmbə# {GOLD: #ʃtˈəmbə#}
45     | ... | ... | #stˈeripʰa# | *#stˈerəpʰɑ# | *#stˈɛrəpʰɑ# | *#stˈɛrəpɑ# | *#stˈɛrəpa# | *#ʃtˈɛɾəpa# | *#ʃtˈɛːɾpa# | *#ʃtˈɛːɾpə# {GOLD: >*} | *#ʃtˈɛːɾpə# | *#ʃtˈɛɾpə# | *#ʃtˈɛɾpə# {GOLD: #ʃtˈɛɾpə#}
46     | ... | ... | ... | ... | #stˈylɑ# | *#stˈylɑ# | *#stˈyla# | *#ʃtˈyla# | *#ʃtˈyːlˠa# | *#ʃtˈyːlˠə# {GOLD: >*} | *#ʃtˈyːlˠə# | *#ʃtˈylˠə# | *#ʃtˈylˠə# {GOLD: #ʃtˈylˠə#}
47     | ... | ... | #spˈaron# | *#spˈɑron# | *#spˈɑrʊ# | *#spˈɑru# | *#spˈaru# | *#ʃpˈaɾu# | *#ʃpˈaːɾə# | *#ʃpˈaːɾ# {GOLD: >*} | *#ʃpˈaːɾ# | *#ʃpˈaɾ# | *#ʃpˈaɾ# {GOLD: #ʃpˈaɾ#}
48     | ... | ... | #spˈarɡanon# | *#spˈɑrɡɑnon# | *#spˈɑrɡɑnʊ# | *#spˈɑrɡɑnu# | *#spˈarɡɑ̃ɾ̃u# | *#ʃpˈaɾɡɐɾ̃u# | *#ʃpˈaːɾɡɐɾ̃ə# | *#ʃpˈaːɾɡəɾ̃# {GOLD: #ʃpˈaɾɡəɾ̃ə#} | *#ʃpˈaːɾɡəɾ̃# | *#ʃpˈaɾɡəɾ# | *#ʃpˈaɾɡəɾ# {GOLD: #ʃpˈaɾɡəɾ#}
49     | ... | ... | #spˈarta# | *#spˈɑrtɑ# | *#spˈɑrtɑ# | *#spˈɑrtɑ# | *#spˈarta# | *#ʃpˈaɾta# | *#ʃpˈaːɾta# | *#ʃpˈaːɾtə# {GOLD: >*} | *#ʃpˈaːɾtə# | *#ʃpˈaɾtə# | *#ʃpˈaɾtə# {GOLD: #ʃpˈaɾtə#}
50     | ... | ... | #spˈɛːlaia# | *#spˈɛːlɑjɑ# | *#spˈɛːlɑjɑ# | *#spˈɛlɑjɑ# | *#spˈɛlaja# | *#ʃpˈɛlɐja# | *#ʃpˈɛːlˠɐja# | *#ʃpˈɛːlˠə# {GOLD: >*} | *#ʃpˈɛːlˠə# | *#ʃpˈɛlˠə# | *#ʃpˈɛlˠə# {GOLD: #ʃpˈɛlˠə#}
51     | ... | ... | #ɦˌaspellˈon# | *#ˌɑspellˈon# | *#ˌɑspˈɛllʊn# | *#ˌɑspˈɛlːun# | *#spˈɛlːun# | *#ʃpˈɛlːũn# | *#ʃpˈɛːlːə# | *#ʃpˈɛːlː# {GOLD: >*} | *#ʃpˈɛːlː# | *#ʃpˈɛl# | *#ʃpˈɛl# {GOLD: #ʃpˈɛl#}
52     | ... | ... | #spˈonɡia# | *#spˈond͡ʒɑ# | *#spˈʊnd͡ʒɑ# | *#spˈud͡ʒɑ# | *#spˈud͡ʒa# | *#ʃpˈuza# | *#ʃpˈuːza# | *#ʃpˈuːzə# {GOLD: >*} | *#ʃpˈuːzə# | *#ʃpˈuzə# | *#ʃpˈuzə# {GOLD: #ʃpˈuzə#}
53     | ... | ... | #tʰˈipʰaːn# | *#tʰˈepʰɑn# | *#tʰˈɛpʰɑ# | *#tˈɛpɑ# | *#tˈɛpa# | *#tˈɛːpa# | *#tˈie̯pa# | *#tjˈɛpə# {GOLD: >*} | *#tjˈɛpə# | *#tjˈɛpə# | *#tjˈɛpə# {GOLD: #tˈɛpə#}
54     | ... | ... | #tˈomaːron# | *#tˌomˈɒːron# | *#tˌɛmːˈɒːrʊ# | *#tˌɛmːˈoru# | *#tˌɛmːˈoru# | *#tɪ̃mːˈɔɾu# | *#tə̃mːˈuo̯ɾə# | *#tmːˈuo̯ɾ# {GOLD: >*} | *#tmˈua̯ɾ# | *#tmˈua̯ɾ# | *#tmˈua̯ɾ# {GOLD: #tɔmˈɔr#}
55     | ... | ... | ... | ... | ... | ... | ... | #tˈuvla# | *#tˈuːvla# | *#tˈuːvlə# {GOLD: >*} | *#tˈuːvlə# | *#tˈuvlə# | *#tˈuvlə# {GOLD: #tˈuvlə#}
56     | ... | ... | ... | ... | #tˌɛtrˈɑnɡurɔn# | *#tˌɛtrˈɑnɡuron# | *#tˌɛtrˈanɡuron# | *#ttɾˈãnɡuɾɔ̃n# | *#tːɾˈanɡuɾə# | *#tːɾˈaŋɡuɾ# {GOLD: >*} | *#tːɾˈaɲ̈ɡuɾ# | *#tɾˈaɲ̈ɡuɾ# | *#tɾˈaŋɡuɾ# {GOLD: #tɾˈaŋɡuɾ#}
57     | ... | ... | #trˌɑntˈɑfyllɔn# | *#trˌɑntˌɑfˈyːllɔn# | *#trˌɑntˌɑfˈillʊ# | *#trˌɑntˌɑfˈilːu# | *#trˌantˌafˈilːu# | *#tɾə̃ntˌafˈilːu# | *#tɾə̃ndˌafˈiːlːə# | *#tɾə̃ndˌafˈiːlː# {GOLD: >*} | *#tɾə̃ndˌafˈiːlː# | *#tɾəndafˈil# | *#tɾəndafˈil# {GOLD: #tɾəndafˈil#}
58     | ... | ... | #tʰˈumbraː# | *#tʰˈumbrɑ# | *#tʰˈʊmbrɑ# | *#tˈumbrɑ# | *#tˈumbra# | *#tˈũmbɾa# | *#tˈũmbɾa# | *#tˈũmbɾ̩# {GOLD: >*} | *#tˈũmbɾ̩# | *#tˈumbɾ̩# | *#tˈumbəɾ# {GOLD: #tɾˈumə#}
59     | ... | ... | #dˈepon# | *#dˈepon# | *#dˈɛpʊ# | *#dˈɛpu# | *#dˈɛpu# | *#dˈɛːpu# | *#dˈie̯pə# | *#djˈɛp# {GOLD: >*} | *#djˈɛp# | *#djˈɛp# | *#djˈɛp# {GOLD: #djˈɛp#}
60     | ... | ... | #dˌurrhˈacum# | *#dˌurrhˈɑt͡ʃum# | *#dˈʊrrɑt͡ʃʊ# | *#dˈurrɑt͡ʃu# | *#dˈurrat͡ʃu# | *#dˈuɾɾɐsu# | *#dˈuːrːɐsə# | *#dˈuːrəs# {GOLD: >*} | *#dˈuːrəs# | *#dˈurəs# | *#dˈurəs# {GOLD: #dˈurəs#}
61     | ... | ... | #drˈaɡmaː# | *#drˈɑɡmɑ# | *#drˈɑɡmɑ# | *#drˈɑɡmɑ# | *#drˈaɡma# | *#dɾˈaɡma# | *#dɾˈaɡma# | *#dɾˈaɡm̩# {GOLD: #dɾˈaɡmə#} | *#dɾˈaɡm̩# | *#dɾˈaɡm̩# | *#dɾˈaɡəm# {GOLD: #dɾˈaɡəm#}
62     | ... | ... | #drˈapanon# | *#drˈɑpɑnon# | *#drˈɑpɑnʊ# | *#drˈɑpɑnu# | *#drˈapɑ̃ɾ̃u# | *#dɾˈapɐɾ̃u# | *#dɾˈapɐɾ̃ə# | *#dɾˈapəɾ̃# {GOLD: #dɾˈapə̃ɾ̃ə#} | *#dɾˈapəɾ̃# | *#dɾˈapəɾ# | *#dɾˈapəɾ# {GOLD: #dɾˈapəɾ#}
63     | ... | ... | #drˈiwaston# | *#drˌiːwˈɑston# | *#drˈiwɑstʊ# | *#drˈiwɑstu# | *#drˈiwastu# | *#dɾˈiːʃtu# | *#dɾˈiːʃtə# | *#dɾˈiːʃt# {GOLD: >*} | *#dɾˈiːʃt# | *#dɾˈiʃt# | *#dɾˈiʃt# {GOLD: #dɾˈiʃt#}
64     | ... | ... | ... | ... | ... | ... | ... | #dɛrnˈɔpɔli# | *#dərːˈɔpɔlˠə# | *#dɾˈɔpulˠ# {GOLD: >*} | *#dɾˈɔpulˠ# | *#dɾˈɔpulˠ# | *#dɾˈɔpulˠ# {GOLD: #dɾˈɔpulˠ#}
65     | ... | ... | ... | ... | ... | ... | ... | #t͡sˌarˈuxja# | *#t͡sˌarˈuxja# | *#t͡sˌaɾˈuxɛ# {GOLD: >*} | *#t͡sˌaɾˈuhɛ# | *#t͡saɾˈuhɛ# | *#t͡saɾˈuhɛ# {GOLD: #t͡saɾˈucɛ#}
66     | ... | ... | ... | ... | ... | ... | ... | #sˌimmaxˈɔːrɔn# | *#sˌimːaxˈuo̯rə# | *#sˌimːaxˈuo̯ɾ# {GOLD: >*} | *#sˌimahˈua̯ɾ# | *#simahˈua̯ɾ# | *#simahˈua̯ɾ# {GOLD: #simahˈua̯ɾ#}
67     | ... | ... | ... | ... | ... | ... | ... | #sxˈima# | *#skˈima# | *#skˈimə# {GOLD: >*} | *#skˈimə# | *#skˈimə# | *#scˈimə# {GOLD: #scˈimə#}
68     | ... | ... | #ɦˌajɡialˈon# | *#ˌɑjd͡ʒɑlˈon# | *#ˌɑjd͡ʒˈɑlʊn# | *#ˌɑjd͡ʒˈɑlun# | *#d͡ʒˈalun# | *#zˈalũn# | *#zˈaːlˠə# | *#zˈaːlˠ# {GOLD: >*} | *#zˈaːlˠ# | *#zˈalˠ# | *#zˈalˠ# {GOLD: #zˈalˠ#}
69     | ... | ... | #diˈaːmeron# | *#d͡ʒˈɒːməron# | *#d͡ʒˈaːmːərʊ# | *#d͡ʒˈamːəru# | *#d͡ʒˈamːəru# | *#zˈãmːəɾu# | *#zˈãmːəɾə# | *#zˈʌ̃mːɾ̩# {GOLD: #zˈãməɾə#} | *#zˈə̃mɾ̩# | *#zˈəmɾ̩# | *#zˈəməɾ# {GOLD: #zˈəməɾ#}
70     | ... | ... | ... | ... | #jɔzˈɛfɔ# | *#jozˈɛfo# | *#jozˈɛfo# | *#jɔzˈɛfɔ# | *#jɔzˈɛːfə# | *#jɔzˈɛːf# {GOLD: >*} | *#jɔzˈɛːf# | *#jɔzˈɛf# | *#jɔzˈɛf# {GOLD: #zˈɛf#}
71     | ... | ... | ... | ... | ... | ... | ... | #θˈamna# | *#θˈamːa# | *#θˈamːə# {GOLD: >*} | *#θˈamə# | *#θˈamə# | *#θˈamə# {GOLD: #θˈanə#}
72     | ... | ... | ... | ... | ... | ... | ... | #ðjˈakɔn# | *#ðjˈakə# | *#ðjˈak# {GOLD: >*} | *#ðjˈak# | *#ðjˈak# | *#ðjˈak# {GOLD: #ðjˈak#}
73     | ... | ... | #ɦˌajd͡zˈiːd͡zaː# | *#ˌɑjd͡zˈiːd͡zɑ# | *#ˌɑjd͡zˈid͡zɑ# | *#ˌɑjðˈiðɑ# | *#ðˈiða# | *#ðˈiða# | *#ðˈiða# | *#ðˈiðə# {GOLD: #ðˈiː#} | *#ðˈiðə# | *#ðˈiðə# | *#ðˈiðə# {GOLD: #ðˈi#}
74     | ... | ... | ... | ... | ... | ... | ... | #ðˈiskɔ# | *#ðˈiːskə# | *#ðˈiːsk# {GOLD: >*} | *#ðˈiːsk# | *#ðˈisk# | *#ðˈisk# {GOLD: #ðˈisk#}
75     | ... | ... | ... | ... | ... | ... | ... | #ðˈɔmɔ# | *#ðˈɔmə# | *#ðˈɔm# {GOLD: >*} | *#ðˈɔm# | *#ðˈɔm# | *#ðˈɔm# {GOLD: #ðˈɔmə#}
76     | ... | ... | ... | ... | #ˌɑnˌɑfˈɔrɑ# | *#ˌɑnˌɑfˈorɑ# | *#nˌafˈora# | *#nˌafˈɔɾa# | *#nˌafˈɔːɾa# | *#nˌafˈɔːɾə# {GOLD: >*} | *#nˌafˈɔːɾə# | *#nafˈɔɾə# | *#nafˈɔɾə# {GOLD: #nafˈɔɾə#}
77     | ... | ... | #naiːssˈon# | *#nɑiːssˈon# | *#nɑˈissʊn# | *#nɑˈissun# | *#naˈissun# | *#nəˈiʃũn# | *#nəˈiːʃə# | *#nˈiːʃ# {GOLD: >*} | *#nˈiːʃ# | *#nˈiʃ# | *#nˈiʃ# {GOLD: #nˈiʃ#}
78     | ... | ... | ... | ... | ... | ... | ... | #lˌanɡˈɔː# | *#lˌanɡˈuo̯# | *#lˌaŋɡˈuo̯# {GOLD: >*} | *#lˌaɲ̈ɡˈua̯# | *#laɲ̈ɡˈua̯# | *#laŋɡˈua̯# {GOLD: #laŋɡˈua̯#}
79     | ... | ... | #lˈakʰanon# | *#lˈɑkʰɑnon# | *#lˈɑkʰɑnʊ# | *#lˈɑkɑnu# | *#lˈakɑ̃ɾ̃u# | *#lˈakɐɾ̃u# | *#lˈakɐɾ̃ə# | *#lˈakəɾ̃# {GOLD: #lˈakəɾ̃ə#} | *#lˈakəɾ̃# | *#lˈakəɾ# | *#lˈakəɾ# {GOLD: #lˈakəɾ#}
80     | ... | ... | ... | ... | #lˈabrikʰon# | *#lˈaːrkon# | *#lˈaːrkon# | *#lˈaːɾkɔ̃n# | *#lˈaːɾkə# | *#lˈaːɾk# {GOLD: >*} | *#lˈaːɾk# | *#lˈaɾk# | *#lˈaɾk# {GOLD: #lˈabɾik#}
81     | ... | ... | ... | ... | #ˌɛlemˈɔsinɑ# | *#ˌɛlemˈosinɑ# | *#lɪmˈosɑ̃ɾ̃a# | *#lə̃mˈɔʃɐɾ̃a# | *#lə̃mˈɔːʃɐɾ̃a# | *#lə̃mˈɔːʃəɾ̃ə# {GOLD: >*} | *#lə̃mˈɔːʃəɾ̃# | *#ləmˈɔʃəɾ# | *#ləmˈɔʃəɾ# {GOLD: #ləmˈɔʃtəɾ#}
82     | ... | ... | #lˌekˈanɛːn# | *#ləkˈɑnɛːn# | *#ləkˈɑnɛː# | *#ləkˈɑnɛ# | *#ləcˈenɪ# | *#ləcˈẽɾ̃ɪ# | *#ləcˈɛ̃ːnːə# | *#ləcˈɛ̃ːnː# {GOLD: #ləkˈæ̃n#} | *#ləcˈɛ̃ːn# | *#licˈɛn# | *#licˈɛn# {GOLD: #licˈɛn#}
83     | ... | ... | ... | ... | ... | ... | ... | #lˌivˈaðja# | *#lˌivˈaðja# | *#lˌivˈaðɛ# {GOLD: >*} | *#lˌivˈaðɛ# | *#livˈaðɛ# | *#livˈaðɛ# {GOLD: #livˈaðɛ#}
84     | ... | ... | #ɦelɛːwˈaːnioː# | *#elɛːwˈɒːnjoː# | *#ɛlˈɛːwɒːnju# | *#ɛlˈøːoɲu# | *#lˈøːoɲu# | *#lˈœ̃ːɲu# | *#lˈỹe̯ɲə# | *#lˈỹe̯ɲ# {GOLD: >*} | *#lˈỹe̯ɲ# | *#lˈye̯ɲ# | *#lˈye̯j# {GOLD: #lˈye̯j#}
85     | ... | ... | #lˈuːma# | *#lˈuːmɑ# | *#lˈuːmɑ# | *#lˈymɑ# | *#lˈyma# | *#lˈỹma# | *#lˈỹma# | *#lˈỹmə# {GOLD: >*} | *#lˈỹmə# | *#lˈymə# | *#lˈymə# {GOLD: #lˈymə#}
86     | ... | ... | ... | ... | #lˌiβˈɑði# | *#lˈiβɑði# | *#lˈiwaðɪ# | *#lˈuə̯ðɪ# | *#lˈuo̯ðə# | *#lˈuo̯ð# {GOLD: >*} | *#lˈua̯ð# | *#lˈua̯ð# | *#lˈua̯ð# {GOLD: #lˈua̯ð#}
87     | ... | ... | ... | ... | ... | ... | ... | #rˈasa# | *#rˈaːsa# | *#ɾˈaːsə# {GOLD: >*} | *#ɾˈaːsə# | *#ɾˈasə# | *#ɾˈasə# {GOLD: #ɾˈasə#}
88     | ... | ... | #ɦˌarˈenton# | *#ɐrˈenton# | *#ɐrˈɛntʊ# | *#ɐrˈɛntu# | *#ɐːrˈɛntu# | *#ɐɾˈɛ̃ntu# | *#ɾˈɛ̃ndə# | *#ɾˈɛ̃nd# {GOLD: >*} | *#ɾˈɛ̃nd# | *#ɾˈɛnd# | *#ɾˈɛnd# {GOLD: #ɾˈɛnd#}
89     | ... | ... | ... | ... | ... | ... | ... | #rˈiɣa# | *#rˈiɡa# | *#ɾˈiɡə# {GOLD: >*} | *#ɾˈiɡə# | *#ɾˈiɡə# | *#ɾˈiɡə# {GOLD: #ɾˈiɡə#}
90     | ... | ... | ... | ... | ... | ... | ... | #rˈikja# | *#rˈikja# | *#ɾˈikɛ# {GOLD: >*} | *#ɾˈikɛ# | *#ɾˈikɛ# | *#ɾˈicɛ# {GOLD: #ɾˈicɛ#}
91     | ... | ... | ... | ... | ... | ... | ... | #rˈɔza# | *#rˈɔːza# | *#ɾˈɔːzə# {GOLD: >*} | *#ɾˈɔːzə# | *#ɾˈɔzə# | *#ɾˈɔzə# {GOLD: #ɾˈɔzə#}
92     | ... | ... | ... | ... | ... | ... | ... | #rˈussɔn# | *#rˈuːsːə# | *#ɾˈuːsː# {GOLD: >*} | *#ɾˈuːsː# | *#ɾˈus# | *#ɾˈus# {GOLD: #ɾˈus#}
93     | ... | ... | ... | ... | #rˈɑpin# | *#rˈepin# | *#rːˈepɪn# | *#rːˈepɪ̃n# | *#rːˈɛpə̃# | *#rˈɛp# {GOLD: >*} | *#rˈɛp# | *#rˈɛp# | *#rˈɛp# {GOLD: #rˈɛp#}
94     | ... | ... | ... | ... | #rˈɔɣɑ# | *#rˈoɣɑ# | *#rːˈoɣa# | *#rːˈɔɣa# | *#rːˈɔɡa# | *#rˈɔɡə# {GOLD: >*} | *#rˈɔɡə# | *#rˈɔɡə# | *#rˈɔɡə# {GOLD: #rˈɔɡə#}
95     | ... | ... | #pˈawla# | *#pˈɑwlɑ# | *#pˈɑwlɑ# | *#pˈɑwlɑ# | *#pˈawla# | *#pˈaːla# | *#pˈaːlˠa# | *#pˈaːlˠə# {GOLD: >*} | *#pˈaːlˠə# | *#pˈalˠə# | *#pˈalˠə# {GOLD: #pˈalˠə#}
96     | ... | ... | ... | ... | #prˌykˈiɑ# | *#prˌykˈijɑ# | *#prˌycˈija# | *#pɾˌycˈija# | *#pɾˌycˈija# | *#pɾ̩cˈiː# {GOLD: >*} | *#pɾ̩cˈiː# | *#pɾ̩cˈi# | *#pəɾcˈi# {GOLD: #pəɾcˈi#}
97     | ... | ... | ... | ... | #prˌɔːtɔɡˈɛnnɛːmɑ# | *#prˌøtoɡˈɛnːɛmɑ# | *#prˌøtoɟˈinːɪma# | *#pɾˌœtəɟˈĩnːma# | *#pɾˌɛtəɟˈĩmːa# | *#pɾ̩təɟˈĩmːə# {GOLD: >*} | *#pɾ̩təɟˈĩmə# | *#pɾ̩təɟˈimə# | *#pəɾtəɟˈimə# {GOLD: #pəɾɟˈim#}
98     | ... | ... | ... | ... | ... | ... | ... | #prˌinˈɑrɔ# | *#prˌinˈɑːrə# | *#pɾˌinˈaːɾ# {GOLD: >*} | *#pɾˌinˈaːɾ# | *#pɾinˈaɾ# | *#pɾinˈaɾ# {GOLD: #pəɾnˈaɾ#}
99     | ... | ... | ... | ... | ... | ... | ... | #pˌɛtˈavrɔ# | *#pˌɛtˈaːvrə# | *#pˌɛtˈaːvɾ̩# {GOLD: >*} | *#pˌɛtˈaːvɾ̩# | *#pɛtˈavɾ̩# | *#pɛtˈavəɾ# {GOLD: #pɛtˈavəɾ#}
100    | ... | ... | ... | ... | ... | ... | ... | #pˌɛðˈɑnɑ# | *#pˌɛðˈɑnɑ# | *#pˌɛðˈanə# {GOLD: >*} | *#pˌɛðˈanə# | *#pɛðˈanə# | *#pɛðˈanə# {GOLD: #pɛðˈanə#}
101    | ... | ... | #pˈelaɡon# | *#pˈelɑɡon# | *#pˈɛlɑɡʊ# | *#pˈɛlɑɡu# | *#pˈɛlaɡu# | *#pˈɛlɐɡu# | *#pˈɛːlˠɐɡə# | *#pˈɛːlˠəɡ# {GOLD: #pˈɛlˠəɡ#} | *#pˈɛːlˠəɡ# | *#pˈɛlˠəɡ# | *#pˈɛlˠɡ# {GOLD: #pˈɛlˠɡ#}
102    | ... | ... | ... | ... | #plˈɑɣjɑ# | *#plˈɑɣjɑ# | *#plˈaɣja# | *#plˈaɣja# | *#plˈaja# | *#plˠˈajə# {GOLD: >*} | *#plˠˈajə# | *#plˠˈajə# | *#plˠˈajə# {GOLD: #plˠˈajə#}
103    | ... | ... | #pʰˌɑlˈɑnɡon# | *#pʰɐlˈɑnɡon# | *#pʰɐlˈɑŋɡʊ# | *#pɐlˈɑŋɡu# | *#pɐlˈaŋɡu# | *#pəlˈãŋɡu# | *#pəlˠˈɛ̃ŋɡə# | *#pəlˠˈɛ̃ŋɡ# {GOLD: >*} | *#pəlˠˈɛ̃ɲ̈ɡ# | *#pəlˠˈɛɲ̈ɡ# | *#pəlˠˈɛŋɡ# {GOLD: #plˈɛŋɡ#}
104    | ... | ... | #pʰˌɑlˈɑnɡɑ# | *#pʰɐlˈɑnɡɑ# | *#pʰɐlˈɑŋɡɑ# | *#pɐlˈɑŋɡɑ# | *#pɐlˈaŋɡa# | *#pəlˈãŋɡa# | *#pəlˠˈɛ̃ŋɡa# | *#pəlˠˈɛ̃ŋɡə# {GOLD: >*} | *#pəlˠˈɛ̃ɲ̈ɡə# | *#pəlˠˈɛɲ̈ɡə# | *#pəlˠˈɛŋɡə# {GOLD: #plˈɛŋɡə#}
105    | ... | ... | ... | ... | ... | ... | ... | #plˈɔːri# | *#plˈuo̯rə# | *#plˈuo̯ɾ# {GOLD: >*} | *#plˈua̯ɾ# | *#plˈua̯ɾ# | *#plˈua̯ɾ# {GOLD: #plˈua̯ɾ#}
106    | ... | ... | ... | ... | #pˌarˈɛːlon# | *#pˌarˈɛlon# | *#pərˈɛlon# | *#pəɾˈɛlɔ̃n# | *#pəɾˈɛːlˠə# | *#pəɾˈɛːlˠ# {GOLD: >*} | *#pəɾˈɛːlˠ# | *#pɾˈɛlˠ# | *#pɾˈɛlˠ# {GOLD: #pɾˈɛlˠ#}
107    | ... | ... | #prˈason# | *#prˈɑson# | *#prˈɑsʊ# | *#prˈɑsu# | *#prˈasu# | *#pɾˈaʃu# | *#pɾˈaːʃə# | *#pɾˈaːʃ# {GOLD: >*} | *#pɾˈaːʃ# | *#pɾˈaʃ# | *#pɾˈaʃ# {GOLD: #pɾˈɛʃ#}
108    | ... | ... | #brˈoːtakʰon# | *#brˈoːtɑkʰon# | *#brˈoːtɑkʰʊ# | *#brˈøtku# | *#brˈøtku# | *#bɾˈœtku# | *#bɾˈɛtkə# | *#bɾˈɛtk# {GOLD: #bɾˈɛtək#} | *#bɾˈɛtk# | *#bɾˈɛtk# | *#bɾˈɛtk# {GOLD: #bɾˈɛtk#}
109    | ... | ... | #brˈukaː# | *#brˈukɑ# | *#brˈʊkɑ# | *#brˈukɑ# | *#brˈuka# | *#bɾˈuka# | *#bɾˈuka# | *#bɾˈukə# {GOLD: >*} | *#bɾˈukə# | *#bɾˈukə# | *#bɾˈukə# {GOLD: #bɾˈukə#}
110    | ... | ... | ... | ... | ... | ... | ... | #fˌakjˈɔli# | *#fˌakjˈɔːlˠə# | *#fˌakjˈɔːlˠ# {GOLD: >*} | *#fˌakjˈɔːlˠ# | *#facˈɔlˠ# | *#facˈɔlˠ# {GOLD: #facˈɔlˠ#}
111    | ... | ... | ... | ... | #fˌɑkiˈɔlɑ# | *#fˌɑkjˈolɑ# | *#fˌacˈøla# | *#fəcˈœla# | *#fcˈɔːlˠa# | *#fcˈɔːlˠə# {GOLD: >*} | *#fcˈɔːlˠə# | *#fcˈɔlˠə# | *#fcˈɔlˠə# {GOLD: #fcˈɔlˠə#}
112    | ... | ... | ... | ... | ... | ... | ... | #flˌamˈuːri# | *#flˌamˈuːrə# | *#flˌamˈuːɾ# {GOLD: >*} | *#flˌamˈuːɾ# | *#flamˈuɾ# | *#flamˈuɾ# {GOLD: #flamˈuɾ#}
113    | ... | ... | ... | ... | ... | ... | ... | #frˌant͡sˈɔla# | *#frˌand͡zˈɔːlˠa# | *#fɾˌand͡zˈɔːlˠə# {GOLD: >*} | *#fɾˌand͡zˈɔːlˠə# | *#fɾand͡zˈɔlˠə# | *#fɾand͡zˈɔlˠə# {GOLD: #fɾand͡zˈɔlˠə#}
114    | ... | ... | #ɦˈorɡon# | *#ˈorɡon# | *#ˈɒrɡʊ# | *#ˈorɡu# | *#ˈorɡu# | *#ˈɔːɾɡu# | *#ˈuo̯ɾɡə# | *#wˈɔɾɡ# {GOLD: >*} | *#vˈaɾɡ# | *#vˈaɾɡ# | *#vˈaɾɡ# {GOLD: #vˈaɾɡ#}
115    | ... | ... | ... | ... | ... | ... | ... | #mˌaɡˈiːa# | *#mˌaɡˈiːa# | *#mˌaɡˈiː# {GOLD: >*} | *#mˌaɡˈiː# | *#maɡˈi# | *#maɟˈi# {GOLD: #maɟˈi#}
116    | ... | ... | ... | ... | ... | ... | ... | #mˌanuːʃˈakja# | *#mˌanuːʃˈakja# | *#mˌanuːʃˈakɛ# {GOLD: >*} | *#mˌanuːʃˈakɛ# | *#manuʃˈakɛ# | *#manuʃˈacɛ# {GOLD: #manuʃˈacɛ#}
117    | ... | ... | ... | ... | ... | ... | ... | #mˌantˈilja# | *#mˌandˈiːlja# | *#mˌandˈiːlɛ# {GOLD: >*} | *#mˌandˈiːlɛ# | *#mandˈilɛ# | *#mandˈilɛ# {GOLD: #mandˈilɛ#}
118    | ... | ... | ... | ... | #ˌɑmˈɑːrɑki# | *#ˌɑmˈɑrɑki# | *#mˈaracɪ# | *#mˈaɾɐcɪ# | *#mˈaːɾɐcə# | *#mˈaːɾəc# {GOLD: >*} | *#mˈaːɾəc# | *#mˈaɾəc# | *#mˈaɾc# {GOLD: #maɾˈac#}
119    | ... | ... | #mˈaradrion# | *#mˌɑrrˈɑdrjon# | *#mˌɑrrˈɑdʎʊ# | *#mˌɑrrˈɑdʎu# | *#mˌarrˈaðʎu# | *#məɾɾˈaðʎu# | *#mərːˈaːʎə# | *#mərˈaːʎ# {GOLD: >*} | *#mərˈaːʎ# | *#mərˈaj# | *#mərˈaj# {GOLD: #marˈaj#}
120    | ... | ... | #mˈatɛː# | *#mˈɑtɛː# | *#mˈɑtɛː# | *#mˈɑtɛ# | *#mˈatɪ# | *#mˈatɪ# | *#mˈatə# | *#mˈat# {GOLD: #mˈat#} | *#mˈat# | *#mˈat# | *#mˈat# {GOLD: #mˈat#}
121    | ... | ... | #mˌalˈaɡaː# | *#mˌɑlˈɑɡɑ# | *#mˌɑlˈɑɡɑ# | *#mˌɑlˈɑɡɑ# | *#mˌalˈaɡa# | *#mˌɐlˈaɡa# | *#mˌɐlˠˈaɡa# | *#mˌəlˠˈaɡə# {GOLD: >*} | *#mˌəlˠˈaɡə# | *#məlˠˈaɡə# | *#məlˠˈaɡə# {GOLD: #məlˠˈaɡə#}
122    | ... | ... | #mˌastˈikʰinon# | *#mˌɑstˈekʰənon# | *#mˌɑstˈɛkʰənʊ# | *#mˌɑstˈɛkənu# | *#mɪstˈɛkɑ̃ɾ̃u# | *#mɪʃtˈɛkɐɾ̃u# | *#məʃtˈɛkɐɾ̃ə# | *#məʃtˈɛkəɾ̃# {GOLD: >*} | *#məʃtˈɛkəɾ̃# | *#məʃtˈɛkəɾ# | *#məʃtˈɛkəɾ# {GOLD: #məʃtˈɛkəɾ#}
123    | ... | ... | #mˌanˈiːa# | *#mˌɑnˈiːɑ# | *#mˌɑnˈiɑ# | *#mˌɑnˈijɑ# | *#mˌanˈija# | *#mə̃ɾ̃ˈija# | *#mə̃ɾ̃ˈija# | *#mə̃ɾ̃ˈiː# {GOLD: #məɾ̃ˈi#} | *#mə̃ɾ̃ˈiː# | *#məɾˈi# | *#məɾˈi# {GOLD: #məɾˈi#}
124    | ... | ... | #mˈaradria# | *#mˌɑrrˈɑdrjɑ# | *#mˌɑrrˈɑdʎɑ# | *#mˌɑrrˈɑdʎɑ# | *#mˌarrˈaðʎa# | *#məɾɾˈaðʎa# | *#mərːˈaːʎa# | *#mərˈaːʎə# {GOLD: >*} | *#mərˈaːʎə# | *#mərˈajə# | *#mərˈajə# {GOLD: #mərˈajə#}
125    | ... | ... | #mˈanɡanon# | *#mˈɑnɡɑnon# | *#mˈɑŋɡɑnʊ# | *#mˈɑŋɡɑnu# | *#mˈaŋɡɑ̃ɾ̃u# | *#mˈãŋɡɐɾ̃u# | *#mˈãŋɡɐɾ̃ə# | *#mˈʌ̃ŋɡəɾ̃# {GOLD: #mˈãŋɡəɾ̃ə#} | *#mˈə̃ɲ̈ɡəɾ̃# | *#mˈəɲ̈ɡəɾ# | *#mˈəŋɡəɾ# {GOLD: #mˈəŋɡəɾ#}
126    | ... | ... | ... | ... | #mˌɛtˈoːxjɔ# | *#mˌɛtˈøxjo# | *#mɪ̃tˈøxjo# | *#mə̃ntˈœxjɔ# | *#mə̃ndˈɛxjə# | *#mə̃ndˈɛxj# {GOLD: >*} | *#mə̃ndˈɛhj# | *#məndˈɛhj# | *#məndˈɛhj# {GOLD: #mɛtˈɛh#}
127    | ... | ... | #mˈita# | *#mˈetɑ# | *#mˈɛtɑ# | *#mˈɛtɑ# | *#mˈɛta# | *#mˈɛːta# | *#mˈie̯ta# | *#mjˈɛtə# {GOLD: >*} | *#mjˈɛtə# | *#mjˈɛtə# | *#mjˈɛtə# {GOLD: #mjˈɛtə#}
128    | ... | ... | #mˌaːkʰanˈaː# | *#mˌɒːkʰɐnˈɑː# | *#mˈɒːkʰɑnɑː# | *#mˈokɑnɑ# | *#mˈokɑ̃ɾ̃a# | *#mˈɔkɐɾ̃a# | *#mˈɔkɐɾ̃a# | *#mˈɔkəɾ̃ə# {GOLD: #mˈɔkəɾ̃ə#} | *#mˈɔkəɾ̃# | *#mˈɔkəɾ# | *#mˈɔkəɾ# {GOLD: #mˈɔkəɾ#}
129    | ... | ... | #mˈaːla# | *#mˈɒːlɑ# | *#mˈɒːlɑ# | *#mˈolɑ# | *#mˈola# | *#mˈɔla# | *#mˈɔːlˠa# | *#mˈɔːlˠə# {GOLD: >*} | *#mˈɔːlˠə# | *#mˈɔlˠə# | *#mˈɔlˠə# {GOLD: #mˈɔlˠə#}