etID  | Proto-Indo-European | Proto-Balkan-Indo-European | Archaic Proto-Albanian | Classical Proto-Albanian | Middle Proto-Albanian I | Middle Proto-Albanian II | Late Proto-Albanian I | Late Proto-Albanian II | Late Proto-Albanian III | Proto-Tosk-SGheg {GOLD} | Proto-Tosk | Old North Tosk | Standard Albanian | Output {GOLD}
0      | ... | ... | ... | ... | ... | ... | ... | ... | #ˌɒrɡˈɒβɑ# | *#hˌarɡˈaːvə# {GOLD: >*} | *#hˌaɾɡˈaːvə# | *#həɾɡˈavə# | *#həɾɡˈavə# | *#həɾɡˈavə# {GOLD: #aɾɡˈɔvə#}
1      | ... | ... | ... | ... | ... | ... | ... | ... | #ˌɒrkˈɨtɑ# | *#hˌarkˈitə# {GOLD: >*} | *#hˌaɾkˈitə# | *#həɾkˈitə# | *#həɾcˈitə# | *#həɾt͡ʃˈitə# {GOLD: #aɾcˈitə#}
2      | ... | ... | ... | ... | ... | ... | ... | ... | #ˌɒrdɛnˈit͡sɑ# | *#hˌardɛ̃nˈiːt͡sə# {GOLD: >*} | *#hˌaɾdɛ̃ɾˈiːt͡sə# | *#hˌaɾdəɾˈit͡sə# | *#haɾdəɾˈit͡sə# | *#haɾdəɾˈit͡sə# {GOLD: #aɾdɛnˈit͡sə#}
3      | ... | ... | ... | ... | ... | ... | ... | ... | #ˌɑβˈitɪ# | *#hˌavˈit# {GOLD: >*} | *#hˌavˈit# | *#həvˈit# | *#həvˈit# | *#həvˈit# {GOLD: #avˈit#}
4      | ... | ... | ... | ... | ... | ... | #xˌɒrbˈɪlɪ# | *#xˌɒrbˈɪlɪ# | *#xˌɒrbˈɪlɪ# | *#xˌarbˈɪːl# {GOLD: >*} | *#hˌaɾbˈɪːl# | *#həɾbˈɪl# | *#həɾbˈɪl# | *#həɾbˈɪl# {GOLD: #haɾabˈɛl#}
5      | ... | ... | ... | ... | ... | ... | ... | ... | #xˌɑbˈitɪ# | *#xˌabˈit# {GOLD: >*} | *#hˌabˈit# | *#həbˈit# | *#həbˈit# | *#həbˈit# {GOLD: #habˈit#}
6      | ... | ... | ... | ... | ... | ... | ... | ... | #xˌɨtˈɑtɪ# | *#xˌitˈat# {GOLD: >*} | *#hˌitˈat# | *#hətˈat# | *#hətˈat# | *#hətˈat# {GOLD: #hitˈat#}
7      | ... | ... | ... | ... | ... | ... | ... | #xˌɒɾmˈɒβɑ# | *#xˌɒɾmˈɒβɑ# | *#xˌaɾmˈaːvə# {GOLD: #xˌɒrmˈɔvə#} | *#hˌaɾmˈaːvə# | *#həɾmˈavə# | *#həɾmˈavə# | *#həɾmˈavə# {GOLD: #hɔɾmˈɔvə#}
8      | ... | ... | ... | ... | ... | ... | ... | ... | #xˈɔːrɑ# | *#xˈɔːrə# {GOLD: >*} | *#hˈɔːɾə# | *#hˈɔɾə# | *#hˈɔɾə# | *#hˈɔɾə# {GOLD: #hˈɔɾə#}
9      | ... | ... | ... | ... | ... | ... | ... | ... | #xˌukˈɑtɪ# | *#xˌukˈat# {GOLD: >*} | *#hˌukˈat# | *#həkˈat# | *#həkˈat# | *#həkˈat# {GOLD: #hukˈat#}
10     | ... | ... | ... | ... | ... | ... | ... | ... | #jˌɑrˈinɑ# | *#jˌarˈĩːnə# {GOLD: >*} | *#jˌaɾˈĩːɾə# | *#jəɾˈiɾə# | *#jəɾˈiɾə# | *#jəɾˈiɾə# {GOLD: #jaɾˈinə#}
11     | ... | ... | ... | ... | ... | ... | #jˌɑrˈɒwʊ# | *#jˌɑrˈɒwʊ# | *#jˌɑrˈɒwʊ# | *#jˌarˈaw# {GOLD: >*} | *#jˌaɾˈaw# | *#jəɾˈaw# | *#jəɾˈaw# | *#jəɾˈaw# {GOLD: #jaɾˈua̯#}
12     | ... | ... | ... | ... | ... | ... | #ˈæzʊ# | *#ˈæzʊ# | *#ˈæzʊ# | *#hˈɛːz# {GOLD: >*} | *#hˈɛːz# | *#hˈɛs# | *#hˈɛs# | *#hˈɛs# {GOLD: #jˈaz#}
13     | ... | ... | ... | ... | ... | ... | ... | ... | #jˈɑrɪmʊ# | *#jˈaːr# {GOLD: >*} | *#jˈaːɾ# | *#jˈaɾ# | *#jˈaɾ# | *#jˈaɾ# {GOLD: #jˈaɾm#}
14     | ... | ... | ... | ... | ... | ... | #ˈɛzɛrʊ# | *#ˈɛzɛrʊ# | *#ˈɛzɛrʊ# | *#hˈɛːzɛr# {GOLD: >*} | *#hˈɛːzɛɾ# | *#hˈɛzɛɾ# | *#hˈɛzɛɾ# | *#hˈɛzɛɾ# {GOLD: #jˈɛzəɾ#}
15     | ... | ... | ... | ... | ... | ... | ... | ... | #jˈuɡʊ# | *#jˈuɡ# {GOLD: >*} | *#jˈuɡ# | *#jˈuɡ# | *#jˈuɡ# | *#jˈuɡ# {GOLD: #jˈuɡ#}
16     | ... | ... | ... | ... | ... | ... | ... | ... | #jˈudʊ# | *#jˈud# {GOLD: >*} | *#jˈud# | *#jˈud# | *#jˈud# | *#jˈud# {GOLD: #jˈud#}
17     | ... | ... | ... | ... | ... | ... | ... | ... | #jˈɪskrɑ# | *#jˈɪːskrə# {GOLD: >*} | *#jˈɪːskɾə# | *#jˈɪskɾə# | *#jˈɪskɾə# | *#jˈɪskɾə# {GOLD: #ˈiskəɾ#}
18     | ... | ... | ... | ... | ... | ... | ... | ... | #ˈiβɑ# | *#hˈiːvə# {GOLD: >*} | *#hˈiːvə# | *#hˈivə# | *#hˈivə# | *#hˈivə# {GOLD: #ˈivə#}
19     | ... | ... | ... | ... | ... | ... | ... | ... | #ˌɒbʊkˈɨtɑ# | *#hˌabkˈitə# {GOLD: >*} | *#hˌabkˈitə# | *#həbkˈitə# | *#həbcˈitə# | *#həbt͡ʃˈitə# {GOLD: #ɔkˈitə#}
20     | ... | ... | ... | ... | ... | ... | #ˌɒɡrˈɒdjɑ# | *#ˌɒɡrˈɒ?1ɑ# | *#ˌɒɡrˈɒ?1ɑ# | *#hˌaɡrˈa?1ə# {GOLD: >*} | *#hˌaɡɾˈa?1ə# | *#həɡɾˈa?1ə# | *#həɡɾˈa?1ə# | *#həɡɾˈa?1ə# {GOLD: #ɔɡɾˈajə#}
21     | ... | ... | ... | ... | ... | ... | ... | ... | #ˌɒtˈɑβɑ# | *#hˌatˈaːvə# {GOLD: >*} | *#hˌatˈaːvə# | *#hətˈavə# | *#hətˈavə# | *#hətˈavə# {GOLD: #ɔtˈavə#}
22     | ... | ... | ... | ... | ... | ... | #ˌɒrɒ̃dˈɪjɛ# | *#ˌɒrɒ̃dˈɪjɛ# | *#ˌɒrɒ̃dˈɪjɛ# | *#hˌarãdˈɪj# {GOLD: >*} | *#hˌaɾə̃dˈɪj# | *#hˌaɾədˈɪj# | *#haɾədˈɪj# | *#haɾədˈɪj# {GOLD: #ɔɾəndˈi#}
23     | ... | ... | ... | ... | ... | ... | ... | ... | #ˌɒbʊrˈɒkʊ# | *#hˌabrˈak# {GOLD: >*} | *#hˌabɾˈak# | *#həbɾˈak# | *#həbɾˈak# | *#həbɾˈak# {GOLD: #ɔɾˈɔk#}
24     | ... | ... | ... | ... | ... | ... | #ˌɒbʊpˈɪnʊkɑ# | *#ˌɒbʊpˈɪnʊkɑ# | *#ˌɒbʊpˈɪnʊkɑ# | *#hˌabpˈɪː̃nkə# {GOLD: #ˌɒpˈɑ̃nkə#} | *#hˌabpˈɪː̃nkə# | *#həbpˈɪnkə# | *#həbpˈɪnkə# | *#həbpˈɪnkə# {GOLD: #ɔpˈəŋɡə#}
25     | ... | ... | ... | ... | ... | ... | ... | ... | #ˌɒbβˈɒrʊ# | *#hˌabvˈaːr# {GOLD: >*} | *#hˌabvˈaːɾ# | *#həbvˈaɾ# | *#həbvˈaɾ# | *#həbvˈaɾ# {GOLD: #ɔbˈɔr#}
26     | ... | ... | ... | ... | ... | ... | #ˌɒblˈɒ̃kʊ# | *#ˌɒblˈɒ̃kʊ# | *#ˌɒblˈɒ̃kʊ# | *#hˌablˈãk# {GOLD: #ˌɒblˠˈɑ̃nk#} | *#hˌablˈə̃k# | *#həblˈək# | *#həblˈək# | *#həblˈək# {GOLD: #ɔblˠˈəŋɡ#}
27     | ... | ... | ... | ... | ... | ... | ... | ... | #ˈɔjiʃtɛ# | *#hˈɔjiʃt# {GOLD: >*} | *#hˈɔjiʃt# | *#hˈɔjiʃt# | *#hˈɔjit͡ʃt# | *#hˈɔjit͡ʃt# {GOLD: #ˈɔʃtə#}
28     | ... | ... | ... | ... | ... | ... | ... | ... | #kˌɒt͡ʃurˈɛlʊ# | *#kˌat͡ʃurˈɛːl# {GOLD: >*} | *#kˌat͡ʃuɾˈɛːl# | *#kˌat͡ʃəɾˈɛl# | *#kat͡ʃəɾˈɛl# | *#kat͡ʃəɾˈɛl# {GOLD: #kat͡ʃurˈɛl#}
29     | ... | ... | ... | ... | ... | ... | ... | ... | #kˌɒt͡ʃˈulʊ# | *#kˌat͡ʃˈuːl# {GOLD: >*} | *#kˌat͡ʃˈuːl# | *#kət͡ʃˈul# | *#kət͡ʃˈul# | *#kət͡ʃˈul# {GOLD: #kat͡ʃˈul#}
30     | ... | ... | ... | ... | ... | ... | ... | ... | #kˌɒt͡ʃˈubɑ# | *#kˌat͡ʃˈubə# {GOLD: >*} | *#kˌat͡ʃˈubə# | *#kət͡ʃˈubə# | *#kət͡ʃˈubə# | *#kət͡ʃˈubə# {GOLD: #kat͡ʃˈubə#}
31     | ... | ... | ... | ... | ... | ... | ... | ... | #kˌɒt͡ʃˈubɛlɪ# | *#kˌat͡ʃˈubɛl# {GOLD: >*} | *#kˌat͡ʃˈubɛl# | *#kət͡ʃˈubɛl# | *#kət͡ʃˈubɛl# | *#kət͡ʃˈubɛl# {GOLD: #kat͡ʃˈubəl#}
32     | ... | ... | ... | ... | ... | ... | ... | ... | #kˌɑdˈitɪ# | *#kˌadˈit# {GOLD: >*} | *#kˌadˈit# | *#kədˈit# | *#kədˈit# | *#kədˈit# {GOLD: #kadˈit#}
33     | ... | ... | ... | ... | ... | ... | ... | ... | #kˌɑstrɑβˈɪt͡sɪ# | *#kˌastravˈɪːt͡s# {GOLD: >*} | *#kˌastɾavˈɪːt͡s# | *#kˌastɾəvˈɪt͡s# | *#kastɾəvˈɪt͡s# | *#kastɾəvˈɪt͡s# {GOLD: #kastɾavˈɛt͡s#}
34     | ... | ... | ... | ... | ... | ... | ... | ... | #kˌɑsnˈɪt͡sɪ# | *#kˌasnˈɪːt͡s# {GOLD: >*} | *#kˌasnˈɪːt͡s# | *#kəsnˈɪt͡s# | *#kəsnˈɪt͡s# | *#kəsnˈɪt͡s# {GOLD: #kasnˈɛt͡s#}
35     | ... | ... | ... | ... | ... | ... | ... | ... | #kˌɑlibˈɒbʊ# | *#kˌalibˈab# {GOLD: >*} | *#kˌalibˈab# | *#kˌaləbˈab# | *#kaləbˈab# | *#kaləbˈab# {GOLD: #kalibˈɔb#}
36     | ... | ... | ... | ... | ... | ... | #kˌɒlˈɨbɑ# | *#kˌɒlˈɨbɑ# | *#kˌɒlˈɨbɑ# | *#kˌalˈibə# {GOLD: >*} | *#kˌalˈibə# | *#kəlˈibə# | *#kəlˈibə# | *#kəlˈibə# {GOLD: #kalˈibə#}
37     | ... | ... | ... | ... | ... | ... | #kˌɒrwˈɑʎɑ# | *#kˌɒrwˈɑʎɑ# | *#kˌɒrwˈɑʎɑ# | *#kˌarvˈaːʎə# {GOLD: #kˌɒɾˌɒvˈɛlə#} | *#kˌaɾvˈaːʎə# | *#kəɾvˈajə# | *#kəɾvˈajə# | *#kəɾvˈajə# {GOLD: #kaɾavˈɛlə#}
38     | ... | ... | ... | ... | ... | ... | #kˌɒrˈɪt͡sɑ# | *#kˌɒrˈɪt͡sɑ# | *#kˌɒrˈɪt͡sɑ# | *#kˌarˈɪːt͡sə# {GOLD: #kˌɒɾˈit͡sə#} | *#kˌaɾˈɪːt͡sə# | *#kəɾˈɪt͡sə# | *#kəɾˈɪt͡sə# | *#kəɾˈɪt͡sə# {GOLD: #kaɾˈit͡sə#}
39     | ... | ... | ... | ... | ... | ... | #kˌɒrˈɯtɒ# | *#kˌɒrˈɯtɒ# | *#kˌɒrˈɯtɒ# | *#kˌarˈutə# {GOLD: >*} | *#kˌaɾˈutə# | *#kəɾˈutə# | *#kəɾˈutə# | *#kəɾˈutə# {GOLD: #karˈutə#}
40     | ... | ... | ... | ... | ... | ... | #kˌɒrˈupʊ# | *#kˌɒrˈupʊ# | *#kˌɒrˈupʊ# | *#kˌarˈup# {GOLD: >*} | *#kˌaɾˈup# | *#kəɾˈup# | *#kəɾˈup# | *#kəɾˈup# {GOLD: #karˈup#}
41     | ... | ... | ... | ... | ... | ... | ... | ... | #kˌɑpˈitɪ# | *#kˌapˈit# {GOLD: >*} | *#kˌapˈit# | *#kəpˈit# | *#kəpˈit# | *#kəpˈit# {GOLD: #kapˈit#}
42     | ... | ... | ... | ... | ... | ... | #kˌɑmɛnˈit͡sɑ# | *#kˌɑmɛnˈit͡sɑ# | *#kˌɑmɛnˈit͡sɑ# | *#kˌãmɛ̃nˈiːt͡sə# {GOLD: >*} | *#kˌə̃mbɛ̃ɾˈiːt͡sə# | *#kˌəmbəɾˈit͡sə# | *#kəmbəɾˈit͡sə# | *#kəmbəɾˈit͡sə# {GOLD: #kamˈit͡sə#}
43     | ... | ... | ... | ... | ... | ... | ... | ... | #tʊkˈɑt͡ʃɪ# | *#tkˈaːt͡ʃ# {GOLD: >*} | *#tkˈaːt͡ʃ# | *#tkˈat͡ʃ# | *#tkˈat͡ʃ# | *#tkˈat͡ʃ# {GOLD: #kˈat͡ʃ#}
44     | ... | ... | ... | ... | ... | ... | #krˌit͡ʃˈɑtɪ# | *#krˌi?2ˈɑtɪ# | *#krˌi?2ˈɑtɪ# | *#krˌi?2ˈat# {GOLD: >*} | *#kɾˌi?2ˈat# | *#kɾə?2ˈat# | *#kɾə?2ˈat# | *#kɾə?2ˈat# {GOLD: #kəɾt͡sˈat#}
45     | ... | ... | ... | ... | ... | ... | #kˌɒrt͡ʃˈunə# | *#kˌɒr?2ˈunə# | *#kˌɒr?2ˈunə# | *#kˌar?2ˈũː# {GOLD: #kˌɾ̩t͡sˈũ#} | *#kˌaɾ?2ˈũː# | *#kəɾ?2ˈu# | *#kəɾ?2ˈu# | *#kəɾ?2ˈu# {GOLD: #kəɾt͡sˈu#}
46     | ... | ... | ... | ... | ... | ... | ... | ... | #kˌʊrbˈɑt͡ʃɪ# | *#kˌʊrbˈaːt͡ʃ# {GOLD: >*} | *#kˌʊɾbˈaːt͡ʃ# | *#kəɾbˈat͡ʃ# | *#kəɾbˈat͡ʃ# | *#kəɾbˈat͡ʃ# {GOLD: #kəɾbˈat͡ʃ#}
47     | ... | ... | ... | ... | ... | ... | #kˌɑpˈuʎɑ# | *#kˌɑpˈuʎɑ# | *#kˌɑpˈuʎɑ# | *#kˌapˈuːʎə# {GOLD: >*} | *#kˌapˈuːʎə# | *#kəpˈujə# | *#kəpˈujə# | *#kəpˈujə# {GOLD: #kəpˈujə#}
48     | ... | ... | ... | ... | ... | ... | #kˌɑmˈiʃtɪ# | *#kˌɑmˈiʃtɪ# | *#kˌɑmˈiʃtɪ# | *#kˌãmˈiːʃt# {GOLD: >*} | *#kˌə̃mˈiːʃt# | *#kəmˈiʃt# | *#kəmˈit͡ʃt# | *#kəmˈit͡ʃt# {GOLD: #kəmˈiʃt#}
49     | ... | ... | ... | ... | ... | ... | ... | ... | #kˈʊlkʊ# | *#kˈɔːʷʎk# {GOLD: >*} | *#kˈɔːʷʎk# | *#kˈʊjk# | *#kˈʊjk# | *#kˈʊjk# {GOLD: #kˈəlˠk#}
50     | ... | ... | ... | ... | ... | ... | #kˈɒ̃tʊ# | *#kˈɒ̃tʊ# | *#kˈɒ̃tʊ# | *#kˈãt# {GOLD: #kˈɑ̃nt#} | *#kˈə̃t# | *#kˈət# | *#kˈət# | *#kˈət# {GOLD: #kˈənd#}
51     | ... | ... | ... | ... | ... | ... | #kˈʊrt͡ʃɪ# | *#kˈʊr?2ɪ# | *#kˈʊr?2ɪ# | *#kˈɔːʷr?2# {GOLD: >*} | *#kˈɔːʷɾ?2# | *#kˈʊɾ?2# | *#kˈʊɾ?2# | *#kˈʊɾ?2# {GOLD: #kˈəɾt͡s#}
52     | ... | ... | ... | ... | ... | ... | ... | ... | #kˈʊrpɑ# | *#kˈɔːʷrpə# {GOLD: >*} | *#kˈɔːʷɾpə# | *#kˈʊɾpə# | *#kˈʊɾpə# | *#kˈʊɾpə# {GOLD: #kˈəɾpə#}
53     | ... | ... | ... | ... | ... | ... | ... | ... | #kˌɒsˈitɪ# | *#kˌasˈit# {GOLD: >*} | *#kˌasˈit# | *#kəsˈit# | *#kəsˈit# | *#kəsˈit# {GOLD: #kɔsˈit#}
54     | ... | ... | ... | ... | ... | ... | ... | ... | #kˌɒsˈɒrʊ# | *#kˌasˈaːr# {GOLD: >*} | *#kˌasˈaːɾ# | *#kəsˈaɾ# | *#kəsˈaɾ# | *#kəsˈaɾ# {GOLD: #kɔsˈɔɾɛ#}
55     | ... | ... | ... | ... | ... | ... | ... | ... | #kwˌɑðrˈɑnt# | *#kvˌaðrˈãːnt# {GOLD: >*} | *#kvˌaðɾˈəːnt# | *#kvəðɾˈənt# | *#kvəðɾˈənt# | *#kvəðɾˈənt# {GOLD: #kɔðɾˈand#}
56     | ... | ... | ... | ... | ... | ... | ... | ... | #kˌɒ̃kˈɒlʊ# | *#kˌãkˈaːl# {GOLD: >*} | *#kˌə̃kˈaːl# | *#kəkˈal# | *#kəkˈal# | *#kəkˈal# {GOLD: #kɔnkˈɔl#}
57     | ... | ... | ... | ... | ... | ... | #kˌɒlˈɛsʊkɑ# | *#kˌɒlˈɛʃʊkɑ# | *#kˌɒlˈɛʃʊkɑ# | *#kˌalˈɛːʃkə# {GOLD: >*} | *#kˌalˈɛːʃkə# | *#kəlˈɛʃkə# | *#kəlˈɛt͡ʃkə# | *#kəlˈɛt͡ʃkə# {GOLD: #kɔlˈɛʃkə#}
58     | ... | ... | ... | ... | ... | ... | ... | ... | #kˌɒlˈɨbɑ# | *#kˌalˈibə# {GOLD: >*} | *#kˌalˈibə# | *#kəlˈibə# | *#kəlˈibə# | *#kəlˈibə# {GOLD: #kɔlˈibɛ#}
59     | ... | ... | ... | ... | ... | ... | ... | ... | #kˌɒrˈitɪ# | *#kˌarˈit# {GOLD: >*} | *#kˌaɾˈit# | *#kəɾˈit# | *#kəɾˈit# | *#kəɾˈit# {GOLD: #kɔɾˈit#}
60     | ... | ... | ... | ... | ... | ... | ... | ... | #kˌɒrˈɨtɒ# | *#kˌarˈitə# {GOLD: >*} | *#kˌaɾˈitə# | *#kəɾˈitə# | *#kəɾˈitə# | *#kəɾˈitə# {GOLD: #kɔɾˈitə#}
61     | ... | ... | ... | ... | ... | ... | ... | ... | #kˌɒrˈubɑ# | *#kˌarˈubə# {GOLD: >*} | *#kˌaɾˈubə# | *#kəɾˈubə# | *#kəɾˈubə# | *#kəɾˈubə# {GOLD: #kɔɾˈubə#}
62     | ... | ... | ... | ... | ... | ... | ... | ... | #kˌɒpˈit͡sɑ# | *#kˌapˈiːt͡sə# {GOLD: >*} | *#kˌapˈiːt͡sə# | *#kəpˈit͡sə# | *#kəpˈit͡sə# | *#kəpˈit͡sə# {GOLD: #kɔpˈit͡sə#}
63     | ... | ... | ... | ... | ... | ... | ... | ... | #kˌɒpˈɨlʊ# | *#kˌapˈiːl# {GOLD: >*} | *#kˌapˈiːl# | *#kəpˈil# | *#kəpˈil# | *#kəpˈil# {GOLD: #kɔpˈil#}
64     | ... | ... | ... | ... | ... | ... | ... | #kˌɒpɾˈɪ̃nɪsɪkɑ# | *#kˌɒpɾˈɪ̃nɪsɪkɑ# | *#kˌapɾˈɪː̃skə# {GOLD: >*} | *#kˌapɾˈɪː̃skə# | *#kəpɾˈɪskə# | *#kəpɾˈɪskə# | *#kəpɾˈɪskə# {GOLD: #kɔpɾˈənt͡skə#}
65     | ... | ... | ... | ... | ... | ... | ... | ... | #kˌɒβˈɑt͡ʃɪ# | *#kˌavˈaːt͡ʃ# {GOLD: >*} | *#kˌavˈaːt͡ʃ# | *#kəvˈat͡ʃ# | *#kəvˈat͡ʃ# | *#kəvˈat͡ʃ# {GOLD: #kɔvˈat͡ʃ#}
66     | ... | ... | ... | ... | ... | ... | ... | ... | #kˈɒlʊ# | *#kˈaːl# {GOLD: >*} | *#kˈaːl# | *#kˈal# | *#kˈal# | *#kˈal# {GOLD: #kˈɔlˠ#}
67     | ... | ... | ... | ... | ... | ... | ... | ... | #kˈɒʃʊ# | *#kˈaːʃ# {GOLD: >*} | *#kˈaːʃ# | *#kˈaʃ# | *#kˈaʃ# | *#kˈaʃ# {GOLD: #kˈɔʃ#}
68     | ... | ... | ... | ... | ... | ... | ... | ... | #kˈɒstɪ# | *#kˈaːst# {GOLD: >*} | *#kˈaːst# | *#kˈast# | *#kˈast# | *#kˈast# {GOLD: #kˈɔt͡s#}
69     | ... | ... | ... | ... | ... | ... | ... | #kˈɒzɪlɪt͡sɑ# | *#kˈɒzɪlɪt͡sɑ# | *#kˈaːzlt͡sə# {GOLD: >*} | *#kˈaːzlt͡sə# | *#kˈazlt͡sə# | *#kˈazlt͡sə# | *#kˈazlt͡sə# {GOLD: #kˈɔt͡sə#}
70     | ... | ... | ... | ... | ... | ... | ... | ... | #kˈɒtɪt͡sɑ# | *#kˈatt͡sə# {GOLD: >*} | *#kˈatt͡sə# | *#kˈatt͡sə# | *#kˈatt͡sə# | *#kˈatt͡sə# {GOLD: #kˈɔt͡sə#}
71     | ... | ... | ... | ... | ... | ... | ... | ... | #kβˈɑsʊ# | *#kvˈa# {GOLD: >*} | *#kvˈa# | *#kvˈa# | *#kvˈa# | *#kvˈa# {GOLD: #kˈɔs#}
72     | ... | ... | ... | ... | ... | ... | ... | ... | #kˈɒsɑ# | *#kˈaːsə# {GOLD: >*} | *#kˈaːsə# | *#kˈasə# | *#kˈasə# | *#kˈasə# {GOLD: #kˈɔsə#}
73     | ... | ... | ... | ... | ... | ... | ... | ... | #kˈɒstrɑ# | *#kˈaːstrə# {GOLD: >*} | *#kˈaːstɾə# | *#kˈastɾə# | *#kˈastɾə# | *#kˈastɾə# {GOLD: #kˈɔstəɾ#}
74     | ... | ... | ... | ... | ... | ... | ... | ... | #kˈɒrɑ# | *#kˈaːrə# {GOLD: >*} | *#kˈaːɾə# | *#kˈaɾə# | *#kˈaɾə# | *#kˈaɾə# {GOLD: #kˈɔɾə#}
75     | ... | ... | ... | ... | ... | ... | ... | ... | #kˈɒrɪt͡sjɑ# | *#kˈaːrt͡sɛ# {GOLD: >*} | *#kˈaːɾt͡sɛ# | *#kˈaɾt͡sɛ# | *#kˈaɾt͡sɛ# | *#kˈaɾt͡sɛ# {GOLD: #kˈɔɾt͡ʃə#}
76     | ... | ... | ... | ... | ... | ... | #kˈɒrʊdɑ# | *#kˈɒrʊdɑ# | *#kˈɒrʊdɑ# | *#kˈaːrdə# {GOLD: >*} | *#kˈaːɾdə# | *#kˈaɾdə# | *#kˈaɾdə# | *#kˈaɾdə# {GOLD: #kˈɔɾðə#}
77     | ... | ... | ... | ... | ... | ... | ... | ... | #kˈɒprʊ# | *#kˈapr# {GOLD: >*} | *#kˈapɾ# | *#kˈapɾ# | *#kˈapɾ# | *#kˈapɾ# {GOLD: #kˈɔpəɾ#}
78     | ... | ... | ... | ... | ... | ... | ... | ... | #kˈɒbɪ# | *#kˈab# {GOLD: >*} | *#kˈab# | *#kˈab# | *#kˈab# | *#kˈab# {GOLD: #kˈɔb#}
79     | ... | ... | ... | ... | ... | ... | #kˌɑlpˈitɪ# | *#kˌɑlpˈitɪ# | *#kˌɑlpˈitɪ# | *#kˌalpˈit# {GOLD: >*} | *#kˌalpˈit# | *#kəlpˈit# | *#kəlpˈit# | *#kəlpˈit# {GOLD: #klˠapˈit#}
80     | ... | ... | ... | ... | ... | ... | #kˈɑlpɑ# | *#kˈɑlpɑ# | *#kˈɑlpɑ# | *#kˈaːlpə# {GOLD: >*} | *#kˈaːlpə# | *#kˈalpə# | *#kˈalpə# | *#kˈalpə# {GOLD: #klˠˈapə#}
81     | ... | ... | ... | ... | ... | ... | ... | #kˌɒlt͡ʃˈitɪ# | *#kˌɒlt͡ʃˈitɪ# | *#kˌalt͡ʃˈit# {GOLD: >*} | *#kˌalt͡ʃˈit# | *#kəlt͡ʃˈit# | *#kəlt͡ʃˈit# | *#kəlt͡ʃˈit# {GOLD: #klˠɔt͡ʃˈit#}
82     | ... | ... | ... | ... | ... | ... | ... | ... | #kˌukˈɑtɪ# | *#kˌukˈat# {GOLD: >*} | *#kˌukˈat# | *#kəkˈat# | *#kəkˈat# | *#kəkˈat# {GOLD: #kukˈat#}
83     | ... | ... | ... | ... | ... | ... | #kˌɯsˈɒwɑ# | *#kˌɯʃˈɒwɑ# | *#kˌɯʃˈɒwɑ# | *#kˌuʃˈawə# {GOLD: #kˌuʃˈɔvə#} | *#kˌuʃˈawə# | *#kəʃˈawə# | *#kəʃˈawə# | *#kəʃˈawə# {GOLD: #kuʃˈɔvə#}
84     | ... | ... | ... | ... | ... | ... | ... | ... | #kˌɒlˈɑt͡ʃɪ# | *#kˌalˈaːt͡ʃ# {GOLD: >*} | *#kˌalˈaːt͡ʃ# | *#kəlˈat͡ʃ# | *#kəlˈat͡ʃ# | *#kəlˈat͡ʃ# {GOLD: #kulˈat͡ʃ#}
85     | ... | ... | ... | ... | ... | ... | #kˌupælnˈikʊ# | *#kˌupælnˈikʊ# | *#kˌupælnˈikʊ# | *#kˌupɛlnˈik# {GOLD: #kˌupl̩nˈik#} | *#kˌupɛlnˈik# | *#kˌupəlnˈik# | *#kupəlnˈik# | *#kupəlnˈik# {GOLD: #kuplˈik#}
86     | ... | ... | ... | ... | ... | ... | #kˈɯkɑ# | *#kˈɯkɑ# | *#kˈɯkɑ# | *#kˈukə# {GOLD: >*} | *#kˈukə# | *#kˈukə# | *#kˈukə# | *#kˈukə# {GOLD: #kˈukə#}
87     | ... | ... | ... | ... | ... | ... | ... | #kˈut͡ʃɛ̃# | *#kˈut͡ʃɛ̃# | *#kˈuːt͡ʃ# {GOLD: #kˈut͡ʃ#} | *#kˈuːt͡ʃ# | *#kˈut͡ʃ# | *#kˈut͡ʃ# | *#kˈut͡ʃ# {GOLD: #kˈut͡ʃ#}
88     | ... | ... | ... | ... | ... | ... | ... | #kˈutɛ̃# | *#kˈutɛ̃# | *#kˈut# {GOLD: #kˈut#} | *#kˈut# | *#kˈut# | *#kˈut# | *#kˈut# {GOLD: #kˈut#}
89     | ... | ... | ... | ... | ... | ... | #kˈɯlɑ# | *#kˈɯlɑ# | *#kˈɯlɑ# | *#kˈuːlə# {GOLD: >*} | *#kˈuːlə# | *#kˈulə# | *#kˈulə# | *#kˈulə# {GOLD: #kˈulə#}
90     | ... | ... | ... | ... | ... | ... | #kˈʊlbɑ# | *#kˈʊlbɑ# | *#kˈʊlbɑ# | *#kˈɔːʷlbə# {GOLD: >*} | *#kˈɔːʷlbə# | *#kˈʊlbə# | *#kˈʊlbə# | *#kˈʊlbə# {GOLD: #kˈulbə#}
91     | ... | ... | ... | ... | ... | ... | ... | ... | #kˈurβɑ# | *#kˈuːrvə# {GOLD: >*} | *#kˈuːɾvə# | *#kˈuɾvə# | *#kˈuɾvə# | *#kˈuɾvə# {GOLD: #kˈuɾvə#}
92     | ... | ... | ... | ... | ... | ... | ... | ... | #kˈumʊ# | *#kˈu# {GOLD: >*} | *#kˈu# | *#kˈu# | *#kˈu# | *#kˈu# {GOLD: #kˈum#}
93     | ... | ... | ... | ... | ... | ... | ... | ... | #kˈumɑ# | *#kˈũːmə# {GOLD: >*} | *#kˈũːmbə# | *#kˈumbə# | *#kˈumbə# | *#kˈumbə# {GOLD: #kˈumə#}
94     | ... | ... | ... | ... | ... | ... | #krˌɑxˈitɪ# | *#krˌɑxˈitɪ# | *#krˌɑxˈitɪ# | *#krˌaxˈit# {GOLD: >*} | *#kɾˌahˈit# | *#kɾəhˈit# | *#kɾəhˈit# | *#kɾəhˈit# {GOLD: #kɾahˈit#}
95     | ... | ... | ... | ... | ... | ... | #krˌɑxˈinɑ# | *#krˌɑxˈinɑ# | *#krˌɑxˈinɑ# | *#krˌaxˈĩːnə# {GOLD: >*} | *#kɾˌahˈĩːɾə# | *#kɾəhˈiɾə# | *#kɾəhˈiɾə# | *#kɾəhˈiɾə# {GOLD: #kɾahˈinə#}
96     | ... | ... | ... | ... | ... | ... | #ɡˌɒtˈɒwɔɲ# | *#ɡˌɒtˈɒwɔɲ# | *#ɡˌɒtˈɒwɔɲ# | *#ɡˌatˈawɔ̃ɲ# {GOLD: #ɡˌatˈuo̯ɲ#} | *#ɡˌatˈawãɲ# | *#ɡətˈawaɲ# | *#ɡətˈawaɲ# | *#ɡətˈawaɲ# {GOLD: #ɡatˈua̯j#}
97     | ... | ... | ... | ... | ... | ... | #ɡˌɒlˈinɑ# | *#ɡˌɒlˈinɑ# | *#ɡˌɒlˈinɑ# | *#ɡˌalˈĩːnə# {GOLD: >*} | *#ɡˌalˈĩːɾə# | *#ɡəlˈiɾə# | *#ɡəlˈiɾə# | *#ɡəlˈiɾə# {GOLD: #ɡalˈinə#}
98     | ... | ... | ... | ... | ... | ... | ... | ... | #ɡˌɑmˈitɪ# | *#ɡˌãmˈit# {GOLD: >*} | *#ɡˌə̃mˈit# | *#ɡəmˈit# | *#ɡəmˈit# | *#ɡəmˈit# {GOLD: #ɡamˈit#}
99     | ... | ... | ... | ... | ... | ... | ... | ... | #ɡˈɑjɪ# | *#ɡˈaj# {GOLD: >*} | *#ɡˈaj# | *#ɡˈaj# | *#ɡˈaj# | *#ɡˈaj# {GOLD: #ɡˈaj#}
100    | ... | ... | ... | ... | ... | ... | ... | #ɡˈɑʎɪkɑ# | *#ɡˈɑʎɪkɑ# | *#ɡˈaːʎkə# {GOLD: >*} | *#ɡˈaːʎkə# | *#ɡˈajkə# | *#ɡˈajkə# | *#ɡˈajkə# {GOLD: #ɡˈajɡə#}
101    | ... | ... | ... | ... | ... | ... | #ɡˈɒlwɑ# | *#ɡˈɒlwɑ# | *#ɡˈɒlwɑ# | *#ɡˈaːlvə# {GOLD: >*} | *#ɡˈaːlvə# | *#ɡˈalvə# | *#ɡˈalvə# | *#ɡˈalvə# {GOLD: #ɡˈalˠvə#}
102    | ... | ... | ... | ... | ... | ... | ... | #ɡˈɑʎɑ# | *#ɡˈɑʎɑ# | *#ɡˈaːʎə# {GOLD: >*} | *#ɡˈaːʎə# | *#ɡˈajə# | *#ɡˈajə# | *#ɡˈajə# {GOLD: #ɡˈalə#}
103    | ... | ... | ... | ... | ... | ... | #ɡˌʊltˈitɪ# | *#ɡˌʊltˈitɪ# | *#ɡˌʊltˈitɪ# | *#ɡˌʊltˈit# {GOLD: >*} | *#ɡˌʊltˈit# | *#ɡəltˈit# | *#ɡəltˈit# | *#ɡəltˈit# {GOLD: #ɡəlˠtˈit#}
104    | ... | ... | ... | ... | ... | ... | #kˌʊlbˈɑzɑ# | *#kˌʊlbˈɑzɑ# | *#kˌʊlbˈɑzɑ# | *#kˌʊlbˈaːzə# {GOLD: #kˌl̩bˈazə#} | *#kˌʊlbˈaːzə# | *#kəlbˈazə# | *#kəlbˈazə# | *#kəlbˈazə# {GOLD: #ɡəlbˈazə#}
105    | ... | ... | ... | ... | ... | ... | #kˌʊrxˈɑtɪ# | *#kˌʊrxˈɑtɪ# | *#kˌʊrxˈɑtɪ# | *#kˌʊrxˈat# {GOLD: >*} | *#kˌʊɾhˈat# | *#kəɾhˈat# | *#kəɾhˈat# | *#kəɾhˈat# {GOLD: #ɡəɾhˈat#}
106    | ... | ... | ... | ... | ... | ... | ... | ... | #ɡrˌəkˈɨɲɑ# | *#ɡrˌəkˈĩːɲə# {GOLD: >*} | *#ɡɾˌəkˈĩːɲə# | *#ɡɾəkˈiɲə# | *#ɡɾəcˈiɲə# | *#ɡɾət͡ʃˈiɲə# {GOLD: #ɡəɾcˈiɲə#}
107    | ... | ... | ... | ... | ... | ... | ... | ... | #kˌərt͡ʃˈɑkʊ# | *#kˌərt͡ʃˈak# {GOLD: >*} | *#kˌəɾt͡ʃˈak# | *#kəɾt͡ʃˈak# | *#kəɾt͡ʃˈak# | *#kəɾt͡ʃˈak# {GOLD: #ɡəɾt͡ʃˈak#}
108    | ... | ... | ... | ... | ... | ... | ... | ... | #ɡˌʊrdˈɑlɑ# | *#ɡˌʊrdˈaːlə# {GOLD: >*} | *#ɡˌʊɾdˈaːlə# | *#ɡəɾdˈalə# | *#ɡəɾdˈalə# | *#ɡəɾdˈalə# {GOLD: #ɡəɾdˈalˠə#}
109    | ... | ... | ... | ... | ... | ... | ... | #ɡˌɒɾdˈɛt͡s# | *#ɡˌɒɾdˈɛt͡s# | *#ɡˌaɾdˈɛːt͡s# {GOLD: >*} | *#ɡˌaɾdˈɛːt͡s# | *#ɡəɾdˈɛt͡s# | *#ɡəɾdˈɛt͡s# | *#ɡəɾdˈɛt͡s# {GOLD: #ɡəɾdˈɛt͡s#}
110    | ... | ... | ... | ... | ... | ... | ... | ... | #ɡˌʊrdˈitɪ# | *#ɡˌʊrdˈit# {GOLD: >*} | *#ɡˌʊɾdˈit# | *#ɡəɾdˈit# | *#ɡəɾdˈit# | *#ɡəɾdˈit# {GOLD: #ɡəɾdˈit#}
111    | ... | ... | ... | ... | ... | ... | #ɡˌʊrdˈitɪ# | *#ɡˌʊrdˈitɪ# | *#ɡˌʊrdˈitɪ# | *#ɡˌʊrdˈit# {GOLD: #ɡɾ̩ðˈit#} | *#ɡˌʊɾdˈit# | *#ɡəɾdˈit# | *#ɡəɾdˈit# | *#ɡəɾdˈit# {GOLD: #ɡəɾðˈit#}
112    | ... | ... | ... | ... | ... | ... | #ɡˌʊrdlˈɑt͡ʃɪ# | *#ɡˌʊrdlˈɑ?2ɪ# | *#ɡˌʊrdlˈɑ?2ɪ# | *#ɡˌʊrdlˈaː?2# {GOLD: >*} | *#ɡˌʊɾdlˈaː?2# | *#ɡəɾdlˈa?2# | *#ɡəɾdlˈa?2# | *#ɡəɾdlˈa?2# {GOLD: #ɡəɾlˈat͡s#}
113    | ... | ... | ... | ... | ... | ... | ... | ... | #ɡˌʊɾlˈit͡sɑ# | *#ɡˌʊɾlˈiːt͡sə# {GOLD: >*} | *#ɡˌʊɾlˈiːt͡sə# | *#ɡəɾlˈit͡sə# | *#ɡəɾlˈit͡sə# | *#ɡəɾlˈit͡sə# {GOLD: #ɡəɾlˈit͡sə#}
114    | ... | ... | ... | ... | ... | ... | #ɡrˌɒmˈɑdɑ# | *#ɡrˌɒmˈɑdɑ# | *#ɡrˌɒmˈɑdɑ# | *#ɡrˌãmˈadə# {GOLD: >*} | *#ɡɾˌə̃mˈadə# | *#ɡɾəmˈadə# | *#ɡɾəmˈadə# | *#ɡɾəmˈadə# {GOLD: #ɡəɾmˈaðə#}
115    | ... | ... | ... | ... | ... | ... | ... | ... | #ɡrˈək# | *#ɡrˈək# {GOLD: >*} | *#ɡɾˈək# | *#ɡɾˈək# | *#ɡɾˈək# | *#ɡɾˈək# {GOLD: #ɡˈəɾk#}
116    | ... | ... | ... | ... | ... | ... | ... | ... | #ɡˈʊrt͡ʃʊ# | *#ɡˈɔːʷrt͡ʃ# {GOLD: >*} | *#ɡˈɔːʷɾt͡ʃ# | *#ɡˈʊɾt͡ʃ# | *#ɡˈʊɾt͡ʃ# | *#ɡˈʊɾt͡ʃ# {GOLD: #ɡˈəɾt͡ʃ#}
117    | ... | ... | ... | ... | ... | ... | ... | ... | #ɡˈʊrbɑ# | *#ɡˈɔːʷrbə# {GOLD: >*} | *#ɡˈɔːʷɾbə# | *#ɡˈʊɾbə# | *#ɡˈʊɾbə# | *#ɡˈʊɾbə# {GOLD: #ɡˈəɾbə#}
118    | ... | ... | ... | ... | ... | ... | ... | ... | #ɡˌɒdˈitɪ# | *#ɡˌadˈit# {GOLD: >*} | *#ɡˌadˈit# | *#ɡədˈit# | *#ɡədˈit# | *#ɡədˈit# {GOLD: #ɡɔdˈit#}
119    | ... | ... | ... | ... | ... | ... | ... | #ɡˌɒstˈɪ̃nɪsɪkɑ# | *#ɡˌɒstˈɪ̃nɪsɪkɑ# | *#ɡˌastˈɪː̃skə# {GOLD: >*} | *#ɡˌastˈɪː̃skə# | *#ɡəstˈɪskə# | *#ɡəstˈɪskə# | *#ɡəstˈɪskə# {GOLD: #ɡɔstˈənt͡skə#}
120    | ... | ... | ... | ... | ... | ... | ... | ... | #ɡˌɒstˈitɪ# | *#ɡˌastˈit# {GOLD: >*} | *#ɡˌastˈit# | *#ɡəstˈit# | *#ɡəstˈit# | *#ɡəstˈit# {GOLD: #ɡɔstˈit#}
121    | ... | ... | ... | ... | ... | ... | #ɡˌɒrɪnˈit͡sɑ# | *#ɡˌɒrɪnˈit͡sɑ# | *#ɡˌɒrɪnˈit͡sɑ# | *#ɡˌarnˈiːt͡sə# {GOLD: >*} | *#ɡˌarˈiːt͡sə# | *#ɡərˈit͡sə# | *#ɡərˈit͡sə# | *#ɡərˈit͡sə# {GOLD: #ɡɔrˈit͡sə#}
122    | ... | ... | ... | ... | ... | ... | ... | ... | #ɡˌɒmˈilɑ# | *#ɡˌãmˈiːlə# {GOLD: >*} | *#ɡˌə̃mˈiːlə# | *#ɡəmˈilə# | *#ɡəmˈilə# | *#ɡəmˈilə# {GOLD: #ɡɔmˈilə#}
123    | ... | ... | ... | ... | ... | ... | ... | ... | #ɡˌɒ̃bˈɛlɪ# | *#ɡˌãbˈɛːl# {GOLD: >*} | *#ɡˌə̃bˈɛːl# | *#ɡəbˈɛl# | *#ɡəbˈɛl# | *#ɡəbˈɛl# {GOLD: #ɡɔmbˈɛl#}
124    | ... | ... | ... | ... | ... | ... | #ɡwˈɒzdɑ# | *#ɡwˈɒzdɑ# | *#ɡwˈɒzdɑ# | *#ɡvˈaːzdə# {GOLD: >*} | *#ɡvˈaːzdə# | *#ɡvˈazdə# | *#ɡvˈazdə# | *#ɡvˈazdə# {GOLD: #ɡˈɔʒdə#}
125    | ... | ... | ... | ... | ... | ... | #ɡˌɒlwɪnˈikʊ# | *#ɡˌɒlwɪnˈikʊ# | *#ɡˌɒlwɪnˈikʊ# | *#ɡˌalvnˈik# {GOLD: >*} | *#ɡˌalvnˈik# | *#ɡəlvnˈik# | *#ɡəlvnˈik# | *#ɡəlvnˈik# {GOLD: #ɡlˠanˈik#}
126    | ... | ... | ... | ... | ... | ... | #ɡˌɒlwˈinɑ# | *#ɡˌɒlwˈinɑ# | *#ɡˌɒlwˈinɑ# | *#ɡˌalvˈĩːnə# {GOLD: >*} | *#ɡˌalvˈĩːɾə# | *#ɡəlvˈiɾə# | *#ɡəlvˈiɾə# | *#ɡəlvˈiɾə# {GOLD: #ɡlˠavˈinə#}
127    | ... | ... | ... | ... | ... | ... | ... | ... | #ɡrˌɑʃˈinɑ# | *#ɡrˌaʃˈĩːnə# {GOLD: >*} | *#ɡɾˌaʃˈĩːɾə# | *#ɡɾəʃˈiɾə# | *#ɡɾəʃˈiɾə# | *#ɡɾəʃˈiɾə# {GOLD: #ɡɾaʃˈinə#}
128    | ... | ... | ... | ... | ... | ... | ... | ... | #ɡrˌɑdˈinɑ# | *#ɡrˌadˈĩːnə# {GOLD: >*} | *#ɡɾˌadˈĩːɾə# | *#ɡɾədˈiɾə# | *#ɡɾədˈiɾə# | *#ɡɾədˈiɾə# {GOLD: #ɡɾadˈinə#}
129    | ... | ... | ... | ... | ... | ... | ... | ... | #ɡrˌɑbˈitɪ# | *#ɡrˌabˈit# {GOLD: >*} | *#ɡɾˌabˈit# | *#ɡɾəbˈit# | *#ɡɾəbˈit# | *#ɡɾəbˈit# {GOLD: #ɡɾabˈit#}
130    | ... | ... | ... | ... | ... | ... | ... | ... | #ɡrˈɑdɑ# | *#ɡrˈadə# {GOLD: >*} | *#ɡɾˈadə# | *#ɡɾˈadə# | *#ɡɾˈadə# | *#ɡɾˈadə# {GOLD: #ɡɾˈadə#}
131    | ... | ... | ... | ... | ... | ... | ... | ... | #ɡrˌɛbˈɑʃɪ# | *#ɡrˌɛbˈaːʃ# {GOLD: >*} | *#ɡɾˌɛbˈaːʃ# | *#ɡɾəbˈaʃ# | *#ɡɾəbˈaʃ# | *#ɡɾəbˈaʃ# {GOLD: #ɡɾɛbˈaʃ#}
132    | ... | ... | ... | ... | ... | ... | ... | ... | #ɡˈɒrʃɪ# | *#ɡˈaːrʃ# {GOLD: >*} | *#ɡˈaːɾʃ# | *#ɡˈaɾʃ# | *#ɡˈaɾʃ# | *#ɡˈaɾʃ# {GOLD: #ɡɾˈɔʃ#}
133    | ... | ... | ... | ... | ... | ... | #ɡrˈɒzdɪlɪ# | *#ɡrˈɒzdɪlɪ# | *#ɡrˈɒzdɪlɪ# | *#ɡrˈaːzdl# {GOLD: >*} | *#ɡɾˈaːzdl# | *#ɡɾˈazdl# | *#ɡɾˈazdl# | *#ɡɾˈazdl# {GOLD: #ɡɾˈɔʒəl#}
134    | ... | ... | ... | ... | ... | ... | #ɡˈʊrstɪ# | *#ɡˈʊrʃtɪ# | *#ɡˈʊrʃtɪ# | *#ɡˈɔːʷrʃt# {GOLD: >*} | *#ɡˈɔːʷɾʃt# | *#ɡˈʊɾʃt# | *#ɡˈʊɾt͡ʃt# | *#ɡˈʊɾt͡ʃt# {GOLD: #ɡɾˈuʃt#}
135    | ... | ... | ... | ... | ... | ... | #lˠˌɒpˈuʃɪ# | *#lˠˌɒpˈuʃɪ# | *#lˠˌɒpˈuʃɪ# | *#lˠˌapˈuːʃ# {GOLD: >*} | *#lˠˌapˈuːʃ# | *#lˠəpˈuʃ# | *#lˠəpˈuʃ# | *#lˠəpˈuʃ# {GOLD: #lˠapˈuʃ#}
136    | ... | ... | ... | ... | ... | ... | #lˠˌɒpˈuʃɑ# | *#lˠˌɒpˈuʃɑ# | *#lˠˌɒpˈuʃɑ# | *#lˠˌapˈuːʃə# {GOLD: >*} | *#lˠˌapˈuːʃə# | *#lˠəpˈuʃə# | *#lˠəpˈuʃə# | *#lˠəpˈuʃə# {GOLD: #lˠapˈuʃə#}
137    | ... | ... | ... | ... | ... | ... | #lˠˈɒskɑ# | *#lˠˈɒʃkɑ# | *#lˠˈɒʃkɑ# | *#lˠˈaːʃkə# {GOLD: >*} | *#lˠˈaːʃkə# | *#lˠˈaʃkə# | *#lˠˈat͡ʃkə# | *#lˠˈat͡ʃkə# {GOLD: #lˠˈaʃkə#}
138    | ... | ... | ... | ... | ... | ... | #lˠˈɑzɪt͡sɑ# | *#lˠˈɑzɪt͡sɑ# | *#lˠˈɑzɪt͡sɑ# | *#lˠˈaːzt͡sə# {GOLD: >*} | *#lˠˈaːzt͡sə# | *#lˠˈazt͡sə# | *#lˠˈazt͡sə# | *#lˠˈazt͡sə# {GOLD: #lˠˈat͡sə#}
139    | ... | ... | ... | ... | ... | ... | #lˠˈɒzʊkɑ# | *#lˠˈɒzʊkɑ# | *#lˠˈɒzʊkɑ# | *#lˠˈaːzkə# {GOLD: >*} | *#lˠˈaːzkə# | *#lˠˈazkə# | *#lˠˈazkə# | *#lˠˈazkə# {GOLD: #lˠˈaskə#}
140    | ... | ... | ... | ... | ... | ... | #lˠˈɒzɒrɑ# | *#lˠˈɒzɒrɑ# | *#lˠˈɒzɒrɑ# | *#lˠˈaːzarə# {GOLD: >*} | *#lˠˈaːzaɾə# | *#lˠˈazaɾə# | *#lˠˈazaɾə# | *#lˠˈazaɾə# {GOLD: #lˠˈazuɾə#}
141    | ... | ... | ... | ... | ... | ... | #lˠˈɒ̃ɡɑ# | *#lˠˈɒ̃ɡɑ# | *#lˠˈɒ̃ɡɑ# | *#lˠˈãɡə# {GOLD: #lˠˈɑ̃ŋkə#} | *#lˠˈə̃ɡə# | *#lˠˈəɡə# | *#lˠˈəɡə# | *#lˠˈəɡə# {GOLD: #lˠˈəŋɡə#}
142    | ... | ... | ... | ... | ... | ... | ... | #lˌɒmˈitɪ# | *#lˌɒmˈitɪ# | *#lˌãmˈit# {GOLD: >*} | *#lˌə̃mˈit# | *#ləmˈit# | *#ləmˈit# | *#ləmˈit# {GOLD: #lˠɔmˈit#}
143    | ... | ... | ... | ... | ... | ... | ... | #lˈɒskɑ# | *#lˈɒskɑ# | *#lˈaːskə# {GOLD: >*} | *#lˈaːskə# | *#lˈaskə# | *#lˈaskə# | *#lˈaskə# {GOLD: #lˠˈɔskə#}
144    | ... | ... | ... | ... | ... | ... | ... | #lˈɯkɑ# | *#lˈɯkɑ# | *#lˈukə# {GOLD: >*} | *#lˈukə# | *#lˈukə# | *#lˈukə# | *#lˈukə# {GOLD: #lˠˈukə#}
145    | ... | ... | ... | ... | ... | ... | ... | ... | #ˌukrˈɑjɑ# | *#hˌukrˈaː# {GOLD: >*} | *#hˌukɾˈaː# | *#həkɾˈa# | *#həkɾˈa# | *#həkɾˈa# {GOLD: #ukɾˈajə#}
146    | ... | ... | ... | ... | ... | ... | ... | ... | #ˌudˈɒbɪ# | *#hˌudˈab# {GOLD: >*} | *#hˌudˈab# | *#hədˈab# | *#hədˈab# | *#hədˈab# {GOLD: #udˈɔb#}
147    | ... | ... | ... | ... | ... | ... | ... | ... | #jˌunˈɑkʊ# | *#jˌũnˈak# {GOLD: >*} | *#jˌũɾˈak# | *#jəɾˈak# | *#jəɾˈak# | *#jəɾˈak# {GOLD: #unˈak#}
148    | ... | ... | ... | ... | ... | ... | ... | ... | #ˌulˈiʃt͡ʃɛ# | *#hˌulˈiːʃt͡ʃ# {GOLD: >*} | *#hˌulˈiːʃt͡ʃ# | *#həlˈiʃt͡ʃ# | *#həlˈit͡ʃt͡ʃ# | *#həlˈit͡ʃt͡ʃ# {GOLD: #ulˈiʃtə#}
149    | ... | ... | ... | ... | ... | ... | ... | ... | #ˌurˈɒkʊ# | *#hˌurˈak# {GOLD: >*} | *#hˌuɾˈak# | *#həɾˈak# | *#həɾˈak# | *#həɾˈak# {GOLD: #uɾˈɔk#}
150    | ... | ... | ... | ... | ... | ... | ... | ... | #tjˈɛ̃ʒɪnɑ# | *#tjˈɛ̃ːʒnə# {GOLD: >*} | *#tjˈɛ̃ːʒnə# | *#tjˈɛʒnə# | *#tjˈɛʒnə# | *#tjˈɛʒnə# {GOLD: #cˈaʒnə#}
151    | ... | ... | ... | ... | ... | ... | ... | ... | #tjɛsˈɑtɪ# | *#tjɛsˈat# {GOLD: >*} | *#tjɛsˈat# | *#tjəsˈat# | *#tjəsˈat# | *#tjəsˈat# {GOLD: #cɛsˈat#}
152    | ... | ... | ... | ... | ... | ... | #klˌɛpˈɑdlɒ# | *#klˌɛpˈɑdlɒ# | *#klˌɛpˈɑdlɒ# | *#kʎˌɛpˈadlə# {GOLD: >*} | *#kʎˌɛpˈadlə# | *#cəpˈadlə# | *#cəpˈadlə# | *#t͡ʃəpˈadlə# {GOLD: #cɛpˈalˠə#}
153    | ... | ... | ... | ... | ... | ... | #klˈɛpʊ# | *#klˈɛpʊ# | *#klˈɛpʊ# | *#kʎˈɛp# {GOLD: >*} | *#kʎˈɛp# | *#cˈɛp# | *#cˈɛp# | *#t͡ʃˈɛp# {GOLD: #cˈɛp#}
154    | ... | ... | ... | ... | ... | ... | ... | #kʎˈut͡ʃɪ# | *#kʎˈut͡ʃɪ# | *#kʎˈuːt͡ʃ# {GOLD: #kʎˈyt͡ʃ#} | *#kʎˈuːt͡ʃ# | *#cˈut͡ʃ# | *#cˈut͡ʃ# | *#t͡ʃˈut͡ʃ# {GOLD: #cˈyt͡ʃ#}
155    | ... | ... | ... | ... | ... | ... | ... | ... | #ɡlˌɑβɪnˈit͡sɑ# | *#ɡʎˌavnˈiːt͡sə# {GOLD: >*} | *#ɡʎˌavnˈiːt͡sə# | *#ɟəvnˈit͡sə# | *#ɟəvnˈit͡sə# | *#ɟəvnˈit͡sə# {GOLD: #ɟanˈit͡sə#}
156    | ... | ... | ... | ... | ... | ... | ... | #ɡlˌɒ̃bɒt͡ʃˈɑɾɪ# | *#ɡlˌɒ̃bɒt͡ʃˈɑɾɪ# | *#ɡʎˌãbat͡ʃˈaːɾ# {GOLD: >*} | *#ɡʎˌə̃bat͡ʃˈaːɾ# | *#ɟˌəbət͡ʃˈaɾ# | *#ɟəbət͡ʃˈaɾ# | *#ɟəbət͡ʃˈaɾ# {GOLD: #ɟəmbɔt͡ʃˈaɾ#}
157    | ... | ... | ... | ... | ... | ... | ... | ... | #ʝˌɛzdˈitɪ# | *#ɟˌɛzdˈit# {GOLD: >*} | *#ɟˌɛzdˈit# | *#ɟəzdˈit# | *#ɟəzdˈit# | *#ɟəzdˈit# {GOLD: #ɟɛzdˈit#}
158    | ... | ... | ... | ... | ... | ... | ... | ... | #ɡlˌɒ̃bɒt͡ʃˈɑrɪ# | *#ɡʎˌãbat͡ʃˈaːr# {GOLD: >*} | *#ɡʎˌə̃bat͡ʃˈaːɾ# | *#ɟˌəbət͡ʃˈaɾ# | *#ɟəbət͡ʃˈaɾ# | *#ɟəbət͡ʃˈaɾ# {GOLD: #ɟɔmbɔt͡ʃˈaɾ#}
159    | ... | ... | ... | ... | ... | ... | ... | ... | #ɡlˈɒbɑ# | *#ɡʎˈabə# {GOLD: >*} | *#ɡʎˈabə# | *#ɟˈabə# | *#ɟˈabə# | *#ɟˈabə# {GOLD: #ɟˈɔbə#}
160    | ... | ... | ... | ... | ... | ... | ... | ... | #ɲˌuxˈɑtɪ# | *#ɲˌuxˈat# {GOLD: >*} | *#ɲˌuhˈat# | *#ɲəhˈat# | *#ɲəhˈat# | *#ɲəhˈat# {GOLD: #ɲuhˈat#}
161    | ... | ... | ... | ... | ... | ... | ... | ... | #t͡ʃˈɑsʊ# | *#t͡ʃˈa# {GOLD: >*} | *#t͡ʃˈa# | *#t͡ʃˈa# | *#t͡ʃˈa# | *#t͡ʃˈa# {GOLD: #t͡ʃˈas#}
162    | ... | ... | ... | ... | ... | ... | ... | #t͡ʃˈɑpəkɑ# | *#t͡ʃˈɑpəkɑ# | *#t͡ʃˈapəkə# {GOLD: >*} | *#t͡ʃˈapəkə# | *#t͡ʃˈapəkə# | *#t͡ʃˈapəkə# | *#t͡ʃˈapəkə# {GOLD: #t͡ʃˈafkə#}
163    | ... | ... | ... | ... | ... | ... | ... | ... | #t͡ʃˈɑmɪ# | *#t͡ʃˈa# {GOLD: >*} | *#t͡ʃˈa# | *#t͡ʃˈa# | *#t͡ʃˈa# | *#t͡ʃˈa# {GOLD: #t͡ʃˈam#}
164    | ... | ... | ... | ... | ... | ... | #t͡ʃˌɪrnˈɑwɑ# | *#?2ˌɪrnˈɑwɑ# | *#?2ˌɪrnˈɑwɑ# | *#?2ˌɪrnˈawə# {GOLD: >*} | *#?2ˌɪrˈawə# | *#?2ərˈawə# | *#?2ərˈawə# | *#?2ərˈawə# {GOLD: #t͡ʃərˈavə#}
165    | ... | ... | ... | ... | ... | ... | ... | ... | #t͡ʃˌɛtˈinɑ# | *#t͡ʃˌɛtˈĩːnə# {GOLD: >*} | *#t͡ʃˌɛtˈĩːɾə# | *#t͡ʃətˈiɾə# | *#t͡ʃətˈiɾə# | *#t͡ʃətˈiɾə# {GOLD: #t͡ʃɛtˈinə#}
166    | ... | ... | ... | ... | ... | ... | ... | ... | #t͡ʃˌælˈitɪ# | *#t͡ʃˌɛlˈit# {GOLD: >*} | *#t͡ʃˌɛlˈit# | *#t͡ʃəlˈit# | *#t͡ʃəlˈit# | *#t͡ʃəlˈit# {GOLD: #t͡ʃɛlˈit#}
167    | ... | ... | ... | ... | ... | ... | ... | ... | #t͡ʃˌælɪnˈikʊ# | *#t͡ʃˌɛlnˈik# {GOLD: >*} | *#t͡ʃˌɛlnˈik# | *#t͡ʃəlnˈik# | *#t͡ʃəlnˈik# | *#t͡ʃəlnˈik# {GOLD: #t͡ʃɛlnˈik#}
168    | ... | ... | ... | ... | ... | ... | ... | ... | #t͡ʃˈɛtɑ# | *#t͡ʃˈɛtə# {GOLD: >*} | *#t͡ʃˈɛtə# | *#t͡ʃˈɛtə# | *#t͡ʃˈɛtə# | *#t͡ʃˈɛtə# {GOLD: #t͡ʃˈɛtə#}
169    | ... | ... | ... | ... | ... | ... | ... | ... | #t͡ʃˈælɒ# | *#t͡ʃˈɛːlə# {GOLD: >*} | *#t͡ʃˈɛːlə# | *#t͡ʃˈɛlə# | *#t͡ʃˈɛlə# | *#t͡ʃˈɛlə# {GOLD: #t͡ʃˈɛlə#}
170    | ... | ... | ... | ... | ... | ... | #t͡ʃˈɛrdɑ# | *#?2ˈɛrdɑ# | *#?2ˈɛrdɑ# | *#?2ˈɛːrdə# {GOLD: >*} | *#?2ˈɛːɾdə# | *#?2ˈɛɾdə# | *#?2ˈɛɾdə# | *#?2ˈɛɾdə# {GOLD: #t͡ʃˈɛɾðə#}
171    | ... | ... | ... | ... | ... | ... | #t͡ʃˈɪrnʊ# | *#?2ˈɪrnʊ# | *#?2ˈɪrnʊ# | *#?2ˈɪːrn# {GOLD: >*} | *#?2ˈɪːɾn# | *#?2ˈɪɾn# | *#?2ˈɪɾn# | *#?2ˈɪɾn# {GOLD: #t͡ʃˈɛr#}
172    | ... | ... | ... | ... | ... | ... | ... | ... | #t͡ʃˌɒrnɒβˈɒdɑ# | *#t͡ʃˌarnavˈadə# {GOLD: >*} | *#t͡ʃˌaravˈadə# | *#t͡ʃˌarəvˈadə# | *#t͡ʃarəvˈadə# | *#t͡ʃarəvˈadə# {GOLD: #t͡ʃɔɾɔvˈɔdə#}
173    | ... | ... | ... | ... | ... | ... | ... | ... | #t͡ʃˌudˈitɪ# | *#t͡ʃˌudˈit# {GOLD: >*} | *#t͡ʃˌudˈit# | *#t͡ʃədˈit# | *#t͡ʃədˈit# | *#t͡ʃədˈit# {GOLD: #t͡ʃudˈit#}
174    | ... | ... | ... | ... | ... | ... | ... | ... | #t͡ʃˈukɑ# | *#t͡ʃˈukə# {GOLD: >*} | *#t͡ʃˈukə# | *#t͡ʃˈukə# | *#t͡ʃˈukə# | *#t͡ʃˈukə# {GOLD: #t͡ʃˈukə#}
175    | ... | ... | ... | ... | ... | ... | ... | ... | #t͡ʃˈulɑ# | *#t͡ʃˈuːlə# {GOLD: >*} | *#t͡ʃˈuːlə# | *#t͡ʃˈulə# | *#t͡ʃˈulə# | *#t͡ʃˈulə# {GOLD: #t͡ʃˈulˠə#}
176    | ... | ... | ... | ... | ... | ... | ... | ... | #t͡ʃˈudɒ# | *#t͡ʃˈudə# {GOLD: >*} | *#t͡ʃˈudə# | *#t͡ʃˈudə# | *#t͡ʃˈudə# | *#t͡ʃˈudə# {GOLD: #t͡ʃˈudə#}
177    | ... | ... | ... | ... | ... | ... | ... | ... | #t͡ʃˈubɑ# | *#t͡ʃˈubə# {GOLD: >*} | *#t͡ʃˈubə# | *#t͡ʃˈubə# | *#t͡ʃˈubə# | *#t͡ʃˈubə# {GOLD: #t͡ʃˈubə#}
178    | ... | ... | ... | ... | ... | ... | ... | ... | #ʃˌɑtˈʊrjɑ# | *#ʃˌatˈɔːʷrɛ# {GOLD: >*} | *#ʃˌatˈɔːʷɾɛ# | *#ʃətˈʊɾɛ# | *#ʃətˈʊɾɛ# | *#ʃətˈʊɾɛ# {GOLD: #ʃatˈɔrɛ#}
179    | ... | ... | ... | ... | ... | ... | #sˈɑkɑ# | *#ʃˈɑkɑ# | *#ʃˈɑkɑ# | *#ʃˈakə# {GOLD: >*} | *#ʃˈakə# | *#ʃˈakə# | *#ʃˈakə# | *#ʃˈakə# {GOLD: #ʃˈakə#}
180    | ... | ... | ... | ... | ... | ... | #sˈɒrɑ# | *#ʃˈɒrɑ# | *#ʃˈɒrɑ# | *#ʃˈaːrə# {GOLD: >*} | *#ʃˈaːɾə# | *#ʃˈaɾə# | *#ʃˈaɾə# | *#ʃˈaɾə# {GOLD: #ʃˈaɾə#}
181    | ... | ... | ... | ... | ... | ... | #sˈɑpʊ# | *#ʃˈɑpʊ# | *#ʃˈɑpʊ# | *#ʃˈap# {GOLD: >*} | *#ʃˈap# | *#ʃˈap# | *#ʃˈap# | *#ʃˈap# {GOLD: #ʃˈap#}
182    | ... | ... | ... | ... | ... | ... | #ʃt͡ʃˈɛtʊkɑ# | *#ʃ?2ˈɛtʊkɑ# | *#ʃ?2ˈɛtʊkɑ# | *#ʃ?2ˈɛtkə# {GOLD: >*} | *#ʃ?2ˈɛtkə# | *#ʃ?2ˈɛtkə# | *#t͡ʃ?2ˈɛtkə# | *#t͡ʃ?2ˈɛtkə# {GOLD: #ʃˈɛtkə#}
183    | ... | ... | ... | ... | ... | ... | #sˈɛlɪt͡ʃɑ# | *#ʃˈɑlɪ?2ɑ# | *#ʃˈɑlɪ?2ɑ# | *#ʃˈaːl?2ə# {GOLD: >*} | *#ʃˈaːl?2ə# | *#ʃˈal?2ə# | *#ʃˈal?2ə# | *#ʃˈal?2ə# {GOLD: #ʃˈɛlt͡sə#}
184    | ... | ... | ... | ... | ... | ... | #sˈɛ̃brʊ# | *#ʃˈɛ̃brʊ# | *#ʃˈɛ̃brʊ# | *#ʃˈɛ̃br# {GOLD: >*} | *#ʃˈɛ̃bɾ# | *#ʃˈɛbɾ# | *#ʃˈɛbɾ# | *#ʃˈɛbɾ# {GOLD: #ʃˈɛməɾ#}
185    | ... | ... | ... | ... | ... | ... | #sˌitˈɒwɑ# | *#ʃˌitˈɒwɑ# | *#ʃˌitˈɒwɑ# | *#ʃˌitˈawə# {GOLD: >*} | *#ʃˌitˈawə# | *#ʃətˈawə# | *#ʃətˈawə# | *#ʃətˈawə# {GOLD: #ʃitˈɔvə#}
186    | ... | ... | ... | ... | ... | ... | ... | ... | #ʃˈibʊkɑ# | *#ʃˈibkə# {GOLD: >*} | *#ʃˈibkə# | *#ʃˈibkə# | *#ʃˈibkə# | *#ʃˈibkə# {GOLD: #ʃˈipkə#}
187    | ... | ... | ... | ... | ... | ... | #sˌuːˈɛt͡ʃɪ# | *#ʃˌuːˈɛ?2ɪ# | *#ʃˌuːˈɛ?2ɪ# | *#ʃˈɛː?2# {GOLD: >*} | *#ʃˈɛː?2# | *#ʃˈɛ?2# | *#ʃˈɛ?2# | *#ʃˈɛ?2# {GOLD: #ʃˈye̯t͡s#}
188    | ... | ... | ... | ... | ... | ... | #sˈɒpʊ# | *#ʃˈɒpʊ# | *#ʃˈɒpʊ# | *#ʃˈap# {GOLD: >*} | *#ʃˈap# | *#ʃˈap# | *#ʃˈap# | *#ʃˈap# {GOLD: #ʃˈɔp#}
189    | ... | ... | ... | ... | ... | ... | #skˌɒwɒrdˈɪt͡sɪ# | *#ʃkˌɒwɒrdˈɪt͡sɪ# | *#ʃkˌɒwɒrdˈɪt͡sɪ# | *#ʃkˌawardˈɪːt͡s# {GOLD: >*} | *#ʃkˌawaɾdˈɪːt͡s# | *#ʃkˌawəɾdˈɪt͡s# | *#t͡ʃkawəɾdˈɪt͡s# | *#t͡ʃkawəɾdˈɪt͡s# {GOLD: #ʃkəɾðˈɛt͡s#}
190    | ... | ... | ... | ... | ... | ... | #skˌɒpˈitɪ# | *#ʃkˌɒpˈitɪ# | *#ʃkˌɒpˈitɪ# | *#ʃkˌapˈit# {GOLD: >*} | *#ʃkˌapˈit# | *#ʃkəpˈit# | *#t͡ʃkəpˈit# | *#t͡ʃkəpˈit# {GOLD: #ʃkɔpˈit#}
191    | ... | ... | ... | ... | ... | ... | #skrˈɑpi# | *#ʃkrˈɑpi# | *#ʃkrˈɑpi# | *#ʃkrˈap# {GOLD: >*} | *#ʃkɾˈap# | *#ʃkɾˈap# | *#t͡ʃkɾˈap# | *#t͡ʃkɾˈap# {GOLD: #ʃkɾˈap#}
192    | ... | ... | ... | ... | ... | ... | #sˌuʃˈit͡sɑ# | *#ʃˌuʃˈit͡sɑ# | *#ʃˌuʃˈit͡sɑ# | *#ʃˌuʃˈiːt͡sə# {GOLD: #ʃˌuʃˈit͡sə#} | *#ʃˌuʃˈiːt͡sə# | *#ʃəʃˈit͡sə# | *#ʃəʃˈit͡sə# | *#ʃəʃˈit͡sə# {GOLD: #ʃuʃˈit͡sə#}
193    | ... | ... | ... | ... | ... | ... | #sˌɯpʎˈɑkɑ# | *#ʃˌɯpʎˈɑkɑ# | *#ʃˌɯpʎˈɑkɑ# | *#ʃˌupʎˈakə# {GOLD: >*} | *#ʃˌupʎˈakə# | *#ʃəpjˈakə# | *#ʃəpjˈakə# | *#ʃəpjˈakə# {GOLD: #ʃuplˈakə#}
194    | ... | ... | ... | ... | ... | ... | #sˈʊlʊɑ# | *#ʃˈʊlʊɑ# | *#ʃˈʊlʊɑ# | *#ʃˈɔːʷlə# {GOLD: >*} | *#ʃˈɔːʷlə# | *#ʃˈʊlə# | *#ʃˈʊlə# | *#ʃˈʊlə# {GOLD: #ʃˈulˠə#}
195    | ... | ... | ... | ... | ... | ... | ... | ... | #ʃˈulɪ# | *#ʃˈuːl# {GOLD: >*} | *#ʃˈuːl# | *#ʃˈul# | *#ʃˈul# | *#ʃˈul# {GOLD: #ʃˈul#}
196    | ... | ... | ... | ... | ... | ... | #slˈɒtɑ# | *#ʃlˈɒtɑ# | *#ʃlˈɒtɑ# | *#ʒlˈatə# {GOLD: >*} | *#ʒlˈatə# | *#ʒlˈatə# | *#ʒlˈatə# | *#ʒlˈatə# {GOLD: #ʃcˈɔtə#}
197    | ... | ... | ... | ... | ... | ... | #stˌʊrmˈɛnnɛ# | *#ʃtˌʊrmˈɛnnɛ# | *#ʃtˌʊrmˈɛnnɛ# | *#ʃtˌʊrmˈɛ̃ːnn# {GOLD: #ʃtˌɾ̩mˈɛnː#} | *#ʃtˌʊɾmˈɛ̃ːnn# | *#ʃtəɾmˈɛnn# | *#t͡ʃtəɾmˈɛnn# | *#t͡ʃtəɾmˈɛnn# {GOLD: #ʃtəɾmˈɛn#}
198    | ... | ... | ... | ... | ... | ... | #stˌɒpˈɑɲɑ# | *#ʃtˌɒpˈɑɲɑ# | *#ʃtˌɒpˈɑɲɑ# | *#ʃtˌapˈãːɲə# {GOLD: #ʃtəpˈɑ̃ɲə#} | *#ʃtˌapˈəːɲə# | *#ʃtəpˈəɲə# | *#t͡ʃtəpˈəɲə# | *#t͡ʃtəpˈəɲə# {GOLD: #ʃtəpˈajə#}
199    | ... | ... | ... | ... | ... | ... | #stˌɒpˈɑnd͡ʒɑ# | *#ʃtˌɒpˈɑn?2̬ɑ# | *#ʃtˌɒpˈɑn?2̬ɑ# | *#ʃtˌapˈãː?2̬ə# {GOLD: #ʃtəpˈɑ̃zə#} | *#ʃtˌapˈəː?2̬ə# | *#ʃtəpˈə?2̬ə# | *#t͡ʃtəpˈə?2̬ə# | *#t͡ʃtəpˈə?2̬ə# {GOLD: #ʃtəpˈəzə#}
200    | ... | ... | ... | ... | ... | ... | #stˌɒpɑnˈɛsɑ# | *#ʃtˌɒpɑnˈɛʃɑ# | *#ʃtˌɒpɑnˈɛʃɑ# | *#ʃtˌapãnˈɛːʃə# {GOLD: >*} | *#ʃtˌapə̃ɾˈɛːʃə# | *#ʃtˌapəɾˈɛʃə# | *#t͡ʃtapəɾˈɛʃə# | *#t͡ʃtapəɾˈɛʃə# {GOLD: #ʃtəpɾˈɛʃə#}
201    | ... | ... | ... | ... | ... | ... | #stˌɒpˈɑnʊ# | *#ʃtˌɒpˈɑnʊ# | *#ʃtˌɒpˈɑnʊ# | *#ʃtˌapˈãː# {GOLD: #ʃtəpˈɑ̃ɾ̃#} | *#ʃtˌapˈəː# | *#ʃtəpˈə# | *#t͡ʃtəpˈə# | *#t͡ʃtəpˈə# {GOLD: #ʃtˈəpəɾ#}
202    | ... | ... | ... | ... | ... | ... | #stˈɯɲɑ# | *#ʃtˈɯɲɑ# | *#ʃtˈɯɲɑ# | *#ʃtˈũːɲə# {GOLD: #ʃtˈũɲə#} | *#ʃtˈũːɲə# | *#ʃtˈuɲə# | *#t͡ʃtˈuɲə# | *#t͡ʃtˈuɲə# {GOLD: #ʃtˈuɲə#}
203    | ... | ... | ... | ... | ... | ... | #strˈɑʒɑ# | *#ʃtrˈɑʒɑ# | *#ʃtrˈɑʒɑ# | *#ʃtrˈaːʒə# {GOLD: >*} | *#ʃtɾˈaːʒə# | *#ʃtɾˈaʒə# | *#t͡ʃtɾˈaʒə# | *#t͡ʃtɾˈaʒə# {GOLD: #ʃtɾˈazə#}
204    | ... | ... | ... | ... | ... | ... | ... | ... | #ʒˈɛɡʊ# | *#ʒˈɛɡ# {GOLD: >*} | *#ʒˈɛɡ# | *#ʒˈɛɡ# | *#ʒˈɛɡ# | *#ʒˈɛɡ# {GOLD: #ʒˈɛɡ#}
205    | ... | ... | ... | ... | ... | ... | ... | ... | #ʒˌɒ̃bˈinɑ# | *#ʒˌãbˈĩːnə# {GOLD: >*} | *#ʒˌə̃bˈĩːɾə# | *#ʒəbˈiɾə# | *#ʒəbˈiɾə# | *#ʒəbˈiɾə# {GOLD: #ʒumbˈinə#}
206    | ... | ... | ... | ... | ... | ... | #tˌʊrkˈɑtɪ# | *#tˌʊrkˈɑtɪ# | *#tˌʊrkˈɑtɪ# | *#tˌʊrkˈat# {GOLD: >*} | *#tˌʊɾkˈat# | *#təɾkˈat# | *#təɾkˈat# | *#təɾkˈat# {GOLD: #təɾkˈat#}
207    | ... | ... | ... | ... | ... | ... | #tˌɪrpˈætɪ# | *#tˌɪrpˈætɪ# | *#tˌɪrpˈætɪ# | *#tˌɪrpˈɛt# {GOLD: >*} | *#tˌɪɾpˈɛt# | *#təɾpˈɛt# | *#təɾpˈɛt# | *#təɾpˈɛt# {GOLD: #təɾpˈit#}
208    | ... | ... | ... | ... | ... | ... | #tˈɒ̃ɡɑ# | *#tˈɒ̃ɡɑ# | *#tˈɒ̃ɡɑ# | *#tˈãɡə# {GOLD: #tˈɑ̃nɡə#} | *#tˈə̃ɡə# | *#tˈəɡə# | *#tˈəɡə# | *#tˈəɡə# {GOLD: #tˈəŋɡə#}
209    | ... | ... | ... | ... | ... | ... | ... | ... | #tˈɛkʊ# | *#tˈɛk# {GOLD: >*} | *#tˈɛk# | *#tˈɛk# | *#tˈɛk# | *#tˈɛk# {GOLD: #tˈɛk#}
210    | ... | ... | ... | ... | ... | ... | ... | ... | #tˈisʊ# | *#tˈi# {GOLD: >*} | *#tˈi# | *#tˈi# | *#tˈi# | *#tˈi# {GOLD: #tˈis#}
211    | ... | ... | ... | ... | ... | ... | #tˌɑjˈinɑ# | *#tˌɑjˈinɑ# | *#tˌɑjˈinɑ# | *#tˌajˈĩːnə# {GOLD: >*} | *#tˌajˈĩːɾə# | *#təjˈiɾə# | *#təjˈiɾə# | *#təjˈiɾə# {GOLD: #tˈinə#}
212    | ... | ... | ... | ... | ... | ... | ... | ... | #tˈinɑ# | *#tˈĩːnə# {GOLD: >*} | *#tˈĩːɾə# | *#tˈiɾə# | *#tˈiɾə# | *#tˈiɾə# {GOLD: #tˈinə#}
213    | ... | ... | ... | ... | ... | ... | ... | #tˌɒt͡ʃˈiðlɑ# | *#tˌɒt͡ʃˈiðlɑ# | *#tˌat͡ʃˈiðlə# {GOLD: >*} | *#tˌat͡ʃˈiðlə# | *#tət͡ʃˈiðlə# | *#tət͡ʃˈiðlə# | *#tət͡ʃˈiðlə# {GOLD: #tɔt͡ʃˈilˠə#}
214    | ... | ... | ... | ... | ... | ... | ... | ... | #tˌɒt͡ʃˈitɪ# | *#tˌat͡ʃˈit# {GOLD: >*} | *#tˌat͡ʃˈit# | *#tət͡ʃˈit# | *#tət͡ʃˈit# | *#tət͡ʃˈit# {GOLD: #tɔt͡ʃˈit#}
215    | ... | ... | ... | ... | ... | ... | ... | ... | #tˌɒrˈiʃt͡ʃɛ# | *#tˌarˈiːʃt͡ʃ# {GOLD: >*} | *#tˌaɾˈiːʃt͡ʃ# | *#təɾˈiʃt͡ʃ# | *#təɾˈit͡ʃt͡ʃ# | *#təɾˈit͡ʃt͡ʃ# {GOLD: #tɔɾˈiʃtə#}
216    | ... | ... | ... | ... | ... | ... | #tˌɒrˈɒwʊ# | *#tˌɒrˈɒwʊ# | *#tˌɒrˈɒwʊ# | *#tˌarˈaw# {GOLD: >*} | *#tˌaɾˈaw# | *#təɾˈaw# | *#təɾˈaw# | *#təɾˈaw# {GOLD: #tɔɾˈua̯#}
217    | ... | ... | ... | ... | ... | ... | ... | ... | #tˌɒpˈidlʊ# | *#tˌapˈidl# {GOLD: >*} | *#tˌapˈidl# | *#təpˈidl# | *#təpˈidl# | *#təpˈidl# {GOLD: #tɔpˈil#}
218    | ... | ... | ... | ... | ... | ... | ... | ... | #tˈɒkɑ# | *#tˈakə# {GOLD: >*} | *#tˈakə# | *#tˈakə# | *#tˈakə# | *#tˈakə# {GOLD: #tˈɔkə#}
219    | ... | ... | ... | ... | ... | ... | #tˈɒpɒrʊ# | *#tˈɒpɒrʊ# | *#tˈɒpɒrʊ# | *#tˈapar# {GOLD: >*} | *#tˈapaɾ# | *#tˈapaɾ# | *#tˈapaɾ# | *#tˈapaɾ# {GOLD: #tˈɔpəɾ#}
220    | ... | ... | ... | ... | ... | ... | ... | ... | #tˌɯnʊt͡sjˈɑnɪ# | *#tˌũt͡sjˈãː# {GOLD: >*} | *#tˌũt͡sjˈəː# | *#tət͡sjˈə# | *#tət͡sjˈə# | *#tət͡sjˈə# {GOLD: #tunt͡ʃˈan#}
221    | ... | ... | ... | ... | ... | ... | #tˈɯɲɑ# | *#tˈɯɲɑ# | *#tˈɯɲɑ# | *#tˈũːɲə# {GOLD: #tˈũɲə#} | *#tˈũːɲə# | *#tˈuɲə# | *#tˈuɲə# | *#tˈuɲə# {GOLD: #tˈuɲə#}
222    | ... | ... | ... | ... | ... | ... | ... | ... | #tˈunʊ# | *#tˈũː# {GOLD: >*} | *#tˈũː# | *#tˈu# | *#tˈu# | *#tˈu# {GOLD: #tˈun#}
223    | ... | ... | ... | ... | ... | ... | ... | ... | #trˈɑpʊ# | *#trˈap# {GOLD: >*} | *#tɾˈap# | *#tɾˈap# | *#tɾˈap# | *#tɾˈap# {GOLD: #tɾˈap#}
224    | ... | ... | ... | ... | ... | ... | #trˈɪsʊ# | *#trˈɪʃʊ# | *#trˈɪʃʊ# | *#trˈɪːʃ# {GOLD: >*} | *#tɾˈɪːʃ# | *#tɾˈɪʃ# | *#tɾˈɪʃ# | *#tɾˈɪʃ# {GOLD: #tɾˈiʃ#}
225    | ... | ... | ... | ... | ... | ... | #tˈɪrsu# | *#tˈɪrʃu# | *#tˈɪrʃu# | *#tˈɪːrʃ# {GOLD: >*} | *#tˈɪːɾʃ# | *#tˈɪɾʃ# | *#tˈɪɾʃ# | *#tˈɪɾʃ# {GOLD: #tɾˈiʃ#}
226    | ... | ... | ... | ... | ... | ... | ... | #trˌɒ̃tˈitɪ# | *#trˌɒ̃tˈitɪ# | *#trˌãtˈit# {GOLD: >*} | *#tɾˌə̃tˈit# | *#tɾətˈit# | *#tɾətˈit# | *#tɾətˈit# {GOLD: #tɾɔndˈit#}
227    | ... | ... | ... | ... | ... | ... | ... | ... | #trˈɒxɑ# | *#trˈaxə# {GOLD: >*} | *#tɾˈahə# | *#tɾˈahə# | *#tɾˈahə# | *#tɾˈahə# {GOLD: #tɾˈɔhə#}
228    | ... | ... | ... | ... | ... | ... | ... | ... | #dˌɑrˈɒβɑ# | *#dˌarˈaːvə# {GOLD: >*} | *#dˌaɾˈaːvə# | *#dəɾˈavə# | *#dəɾˈavə# | *#dəɾˈavə# {GOLD: #daɾˈɔvə#}
229    | ... | ... | ... | ... | ... | ... | #dˌɛsnˈit͡sɑ# | *#dˌɛʃnˈit͡sɑ# | *#dˌɛʃnˈit͡sɑ# | *#dˌɛʒnˈiːt͡sə# {GOLD: #dˌɪʃnˈit͡sə#} | *#dˌɛʒnˈiːt͡sə# | *#dəʒnˈit͡sə# | *#dəʒnˈit͡sə# | *#dəʒnˈit͡sə# {GOLD: #dəʃnˈit͡sə#}
230    | ... | ... | ... | ... | ... | ... | ... | ... | #dˌɛlbtˈinɑ# | *#dˌɛlbtˈĩːnə# {GOLD: >*} | *#dˌɛlbtˈĩːɾə# | *#dəlbtˈiɾə# | *#dəlbtˈiɾə# | *#dəlbtˈiɾə# {GOLD: #dɛltˈinə#}
231    | ... | ... | ... | ... | ... | ... | ... | ... | #dˌɨxˈɑtɪ# | *#dˌixˈat# {GOLD: >*} | *#dˌihˈat# | *#dəhˈat# | *#dəhˈat# | *#dəhˈat# {GOLD: #dihˈat#}
232    | ... | ... | ... | ... | ... | ... | ... | ... | #dˈirɑ# | *#dˈiːrə# {GOLD: >*} | *#dˈiːɾə# | *#dˈiɾə# | *#dˈiɾə# | *#dˈiɾə# {GOLD: #dˈiɾə#}
233    | ... | ... | ... | ... | ... | ... | ... | ... | #dˈɪbrɑ# | *#dˈɪbrə# {GOLD: >*} | *#dˈɪbɾə# | *#dˈɪbɾə# | *#dˈɪbɾə# | *#dˈɪbɾə# {GOLD: #dˈibəɾ#}
234    | ... | ... | ... | ... | ... | ... | #dˈɪbrjʊ# | *#dˈɪbrjʊ# | *#dˈɪbrjʊ# | *#dˈɪbrj# {GOLD: #dˈibər#} | *#dˈɪbɾj# | *#dˈɪbɾj# | *#dˈɪbɾj# | *#dˈɪbɾj# {GOLD: #dˈibər#}
235    | ... | ... | ... | ... | ... | ... | ... | ... | #dˌɒlˈinɑ# | *#dˌalˈĩːnə# {GOLD: >*} | *#dˌalˈĩːɾə# | *#dəlˈiɾə# | *#dəlˈiɾə# | *#dəlˈiɾə# {GOLD: #dɔlˈinə#}
236    | ... | ... | ... | ... | ... | ... | ... | ... | #dˌɒbˈɨtɪ# | *#dˌabˈit# {GOLD: >*} | *#dˌabˈit# | *#dəbˈit# | *#dəbˈit# | *#dəbˈit# {GOLD: #dɔbˈit#}
237    | ... | ... | ... | ... | ... | ... | ... | ... | #dˈɒjkɑ# | *#dˈajkə# {GOLD: >*} | *#dˈajkə# | *#dˈajkə# | *#dˈajkə# | *#dˈajkə# {GOLD: #dˈɔjkə#}
238    | ... | ... | ... | ... | ... | ... | ... | ... | #dˈɒbʊ# | *#dˈab# {GOLD: >*} | *#dˈab# | *#dˈab# | *#dˈab# | *#dˈab# {GOLD: #dˈɔb#}
239    | ... | ... | ... | ... | ... | ... | ... | ... | #dˌɒ̃bɾˈɑj# | *#dˌãbɾˈaj# {GOLD: >*} | *#dˌə̃bɾˈaj# | *#dəbɾˈaj# | *#dəbɾˈaj# | *#dəbɾˈaj# {GOLD: #dumbɾˈɛ#}
240    | ... | ... | ... | ... | ... | ... | ... | ... | #dˈɒ̃brʊ# | *#dˈãbr# {GOLD: >*} | *#dˈə̃bɾ# | *#dˈəbɾ# | *#dˈəbɾ# | *#dˈəbɾ# {GOLD: #dˈumbəɾ#}
241    | ... | ... | ... | ... | ... | ... | ... | ... | #drˈɑɡɑ# | *#drˈaɡə# {GOLD: >*} | *#dɾˈaɡə# | *#dɾˈaɡə# | *#dɾˈaɡə# | *#dɾˈaɡə# {GOLD: #dɾˈaɡə#}
242    | ... | ... | ... | ... | ... | ... | #drˈɒ̃ɡʊ# | *#drˈɒ̃ɡʊ# | *#drˈɒ̃ɡʊ# | *#drˈãɡ# {GOLD: #dɾˈɑ̃nk#} | *#dɾˈə̃ɡ# | *#dɾˈəɡ# | *#dɾˈəɡ# | *#dɾˈəɡ# {GOLD: #dɾˈəŋɡ#}
243    | ... | ... | ... | ... | ... | ... | ... | ... | #drˌæmˈitɪ# | *#drˌɛ̃mˈit# {GOLD: >*} | *#dɾˌɛ̃mˈit# | *#dɾəmˈit# | *#dɾəmˈit# | *#dɾəmˈit# {GOLD: #dɾɛmˈit#}
244    | ... | ... | ... | ... | ... | ... | ... | ... | #drˌɒbˈitɪ# | *#drˌabˈit# {GOLD: >*} | *#dɾˌabˈit# | *#dɾəbˈit# | *#dɾəbˈit# | *#dɾəbˈit# {GOLD: #dɾɔbˈit#}
245    | ... | ... | ... | ... | ... | ... | #drˈɒkʊ# | *#drˈɒkʊ# | *#drˈɒkʊ# | *#drˈak# {GOLD: >*} | *#dɾˈak# | *#dɾˈak# | *#dɾˈak# | *#dɾˈak# {GOLD: #dɾˈɔk#}
246    | ... | ... | ... | ... | ... | ... | #drˈɒbɪnit͡sɑ# | *#drˈɒbɪnit͡sɑ# | *#drˈɒbɪnit͡sɑ# | *#drˈabnit͡sə# {GOLD: >*} | *#dɾˈabnit͡sə# | *#dɾˈabnit͡sə# | *#dɾˈabnit͡sə# | *#dɾˈabnit͡sə# {GOLD: #dɾˈɔmt͡sə#}
247    | ... | ... | ... | ... | ... | ... | #t͡sˌælˈikʊ# | *#t͡sˌælˈikʊ# | *#t͡sˌælˈikʊ# | *#t͡sˌɛlˈik# {GOLD: >*} | *#t͡sˌɛlˈik# | *#t͡səlˈik# | *#t͡səlˈik# | *#t͡səlˈik# {GOLD: #t͡salˈik#}
248    | ... | ... | ... | ... | ... | ... | ... | ... | #t͡sˌɑrˈinɑ# | *#t͡sˌarˈĩːnə# {GOLD: >*} | *#t͡sˌaɾˈĩːɾə# | *#t͡səɾˈiɾə# | *#t͡səɾˈiɾə# | *#t͡səɾˈiɾə# {GOLD: #t͡saɾˈinə#}
249    | ... | ... | ... | ... | ... | ... | #t͡ʃˈɑrɑ# | *#?2ˈɑrɑ# | *#?2ˈɑrɑ# | *#?2ˈaːrə# {GOLD: >*} | *#?2ˈaːɾə# | *#?2ˈaɾə# | *#?2ˈaɾə# | *#?2ˈaɾə# {GOLD: #t͡sˈaɾə#}
250    | ... | ... | ... | ... | ... | ... | #t͡ʃˈɑrɪbɑ# | *#?2ˈɑrɪbɑ# | *#?2ˈɑrɪbɑ# | *#?2ˈaːrbə# {GOLD: >*} | *#?2ˈaːɾbə# | *#?2ˈaɾbə# | *#?2ˈaɾbə# | *#?2ˈaɾbə# {GOLD: #t͡sˈaɾbə#}
251    | ... | ... | ... | ... | ... | ... | #t͡ʃˌɪrnˈidlʊ# | *#?2ˌɪrnˈidlʊ# | *#?2ˌɪrnˈidlʊ# | *#?2ˌɪrnˈidl# {GOLD: >*} | *#?2ˌɪrˈidl# | *#?2ərˈidl# | *#?2ərˈidl# | *#?2ərˈidl# {GOLD: #t͡səɾˈil#}
252    | ... | ... | ... | ... | ... | ... | #t͡ʃˌɪrnˈikʊ# | *#?2ˌɪrnˈikʊ# | *#?2ˌɪrnˈikʊ# | *#?2ˌɪrnˈik# {GOLD: >*} | *#?2ˌɪrˈik# | *#?2ərˈik# | *#?2ərˈik# | *#?2ərˈik# {GOLD: #t͡sərˈik#}
253    | ... | ... | ... | ... | ... | ... | ... | ... | #t͡sˌænˈitɪ# | *#t͡sˌɛ̃nˈit# {GOLD: >*} | *#t͡sˌɛ̃ɾˈit# | *#t͡səɾˈit# | *#t͡səɾˈit# | *#t͡səɾˈit# {GOLD: #t͡sɛnˈit#}
254    | ... | ... | ... | ... | ... | ... | #t͡ʃˈɪrmɑ# | *#?2ˈɪrmɑ# | *#?2ˈɪrmɑ# | *#?2ˈɪːrmə# {GOLD: >*} | *#?2ˈɪːɾmbə# | *#?2ˈɪɾmbə# | *#?2ˈɪɾmbə# | *#?2ˈɪɾmbə# {GOLD: #t͡sˈɛɾmə#}
255    | ... | ... | ... | ... | ... | ... | #t͡ʃˈitɑ# | *#?2ˈitɑ# | *#?2ˈitɑ# | *#?2ˈitə# {GOLD: >*} | *#?2ˈitə# | *#?2ˈitə# | *#?2ˈitə# | *#?2ˈitə# {GOLD: #t͡sˈitə#}
256    | ... | ... | ... | ... | ... | ... | #t͡ʃˈubʊ# | *#?2ˈubʊ# | *#?2ˈubʊ# | *#?2ˈub# {GOLD: >*} | *#?2ˈub# | *#?2ˈub# | *#?2ˈub# | *#?2ˈub# {GOLD: #t͡sˈub#}
257    | ... | ... | ... | ... | ... | ... | ... | #sˈɑɲɑ# | *#sˈɑɲɑ# | *#sˈãːɲə# {GOLD: #sˈɑ̃jə#} | *#sˈəːɲə# | *#sˈəɲə# | *#sˈəɲə# | *#sˈəɲə# {GOLD: #sˈajə#}
258    | ... | ... | ... | ... | ... | ... | ... | #sˈænɑ# | *#sˈænɑ# | *#sˈɛ̃ːnə# {GOLD: >*} | *#sˈɛ̃ːɾə# | *#sˈɛɾə# | *#sˈɛɾə# | *#sˈɛɾə# {GOLD: #sˈanə#}
259    | ... | ... | ... | ... | ... | ... | ... | ... | #sˈɑbʎɑ# | *#sˈabʎə# {GOLD: >*} | *#sˈabʎə# | *#sˈabjə# | *#sˈabjə# | *#sˈabjə# {GOLD: #sˈabjɛ#}
260    | ... | ... | ... | ... | ... | ... | ... | ... | #sˈɛlɪt͡sɑ# | *#sˈɛːlt͡sə# {GOLD: >*} | *#sˈɛːlt͡sə# | *#sˈɛlt͡sə# | *#sˈɛlt͡sə# | *#sˈɛlt͡sə# {GOLD: #sˈɛlt͡sə#}
261    | ... | ... | ... | ... | ... | ... | ... | ... | #sˈærɑ# | *#sˈɛːrə# {GOLD: >*} | *#sˈɛːɾə# | *#sˈɛɾə# | *#sˈɛɾə# | *#sˈɛɾə# {GOLD: #sˈɛɾə#}
262    | ... | ... | ... | ... | ... | ... | ... | ... | #sˈɛ̃brʊ# | *#sˈɛ̃br# {GOLD: >*} | *#sˈɛ̃bɾ# | *#sˈɛbɾ# | *#sˈɛbɾ# | *#sˈɛbɾ# {GOLD: #sˈɛmbəɾ#}
263    | ... | ... | ... | ... | ... | ... | ... | ... | #sˈilɑ# | *#sˈiːlə# {GOLD: >*} | *#sˈiːlə# | *#sˈilə# | *#sˈilə# | *#sˈilə# {GOLD: #sˈilˠə#}
264    | ... | ... | ... | ... | ... | ... | ... | #sˌɛ̃jˈitɪ# | *#sˌɛ̃jˈitɪ# | *#sˌɛ̃jˈit# {GOLD: >*} | *#sˌɛ̃jˈit# | *#səjˈit# | *#səjˈit# | *#səjˈit# {GOLD: #sˈit#}
265    | ... | ... | ... | ... | ... | ... | ... | ... | #sˈitɒ# | *#sˈitə# {GOLD: >*} | *#sˈitə# | *#sˈitə# | *#sˈitə# | *#sˈitə# {GOLD: #sˈitə#}
266    | ... | ... | ... | ... | ... | ... | ... | ... | #sˈitʊkɑ# | *#sˈitkə# {GOLD: >*} | *#sˈitkə# | *#sˈitkə# | *#sˈitkə# | *#sˈitkə# {GOLD: #sˈitkə#}
267    | ... | ... | ... | ... | ... | ... | ... | ... | #sˈitʊkɑ# | *#sˈitkə# {GOLD: >*} | *#sˈitkə# | *#sˈitkə# | *#sˈitkə# | *#sˈitkə# {GOLD: #sˈitkə#}
268    | ... | ... | ... | ... | ... | ... | ... | ... | #sˌʊtˈinɑ# | *#sˌʊtˈĩːnə# {GOLD: >*} | *#sˌʊtˈĩːɾə# | *#sətˈiɾə# | *#sətˈiɾə# | *#sətˈiɾə# {GOLD: #sɔtˈinə#}
269    | ... | ... | ... | ... | ... | ... | ... | #sˌɒ̃dˈɔɲ# | *#sˌɒ̃dˈɔɲ# | *#sˌãdˈɔ̃ːɲ# {GOLD: >*} | *#sˌə̃dˈɔ̃ːɲ# | *#sədˈɔɲ# | *#sədˈɔɲ# | *#sədˈɔɲ# {GOLD: #sɔndˈɔj#}
270    | ... | ... | ... | ... | ... | ... | ... | ... | #sˌɒβˈɑdlʊkɑ# | *#sˌavˈadʎkə# {GOLD: >*} | *#sˌavˈadʎkə# | *#səvˈadjkə# | *#səvˈadjkə# | *#səvˈadjkə# {GOLD: #sɔvˈajkə#}
271    | ... | ... | ... | ... | ... | ... | ... | ... | #skˈɒrɒ# | *#skˈaːrə# {GOLD: >*} | *#skˈaːɾə# | *#skˈaɾə# | *#skˈaɾə# | *#skˈaɾə# {GOLD: #skˈɔrə#}
272    | ... | ... | ... | ... | ... | ... | ... | #skˌɒɾlˈupɑ# | *#skˌɒɾlˈupɑ# | *#skˌaɾlˈupə# {GOLD: >*} | *#skˌaɾlˈupə# | *#skəɾlˈupə# | *#skəɾlˈupə# | *#skəɾlˈupə# {GOLD: #sklˠˈupə#}
273    | ... | ... | ... | ... | ... | ... | ... | #skrˈɒβnɑ# | *#skrˈɒβnɑ# | *#skrˈaːvnə# {GOLD: >*} | *#skɾˈaːvnə# | *#skɾˈavnə# | *#skɾˈavnə# | *#skɾˈavnə# {GOLD: #skɾˈɔmə#}
274    | ... | ... | ... | ... | ... | ... | ... | ... | #sʊlˈɒɡʊ# | *#slˈaɡ# {GOLD: >*} | *#slˈaɡ# | *#slˈaɡ# | *#slˈaɡ# | *#slˈaɡ# {GOLD: #slˠˈɔɡ#}
275    | ... | ... | ... | ... | ... | ... | ... | ... | #sˌɒ̃dˈɔ̃ɲ# | *#sˌãdˈɔ̃ːɲ# {GOLD: >*} | *#sˌə̃dˈɔ̃ːɲ# | *#sədˈɔɲ# | *#sədˈɔɲ# | *#sədˈɔɲ# {GOLD: #sundˈɔj#}
276    | ... | ... | ... | ... | ... | ... | ... | ... | #sˈuxɑ# | *#sˈuxə# {GOLD: >*} | *#sˈuhə# | *#sˈuhə# | *#sˈuhə# | *#sˈuhə# {GOLD: #sˈuhə#}
277    | ... | ... | ... | ... | ... | ... | ... | #sˈukulɒ# | *#sˈukulɒ# | *#sˈukulə# {GOLD: >*} | *#sˈukulə# | *#sˈukulə# | *#sˈukulə# | *#sˈukulə# {GOLD: #sˈukulˠ#}
278    | ... | ... | ... | ... | ... | ... | ... | ... | #slˈɒtɑ# | *#slˈatə# {GOLD: >*} | *#slˈatə# | *#slˈatə# | *#slˈatə# | *#slˈatə# {GOLD: #scˈɔtə#}
279    | ... | ... | ... | ... | ... | ... | ... | #slˈufuɾɛ# | *#slˈufuɾɛ# | *#slˈuːfuɾ# {GOLD: >*} | *#slˈuːfuɾ# | *#slˈufuɾ# | *#slˈufuɾ# | *#slˈufuɾ# {GOLD: #scˈufuɾ#}
280    | ... | ... | ... | ... | ... | ... | ... | ... | #strˌɪkˈɑtɪ# | *#strˌɪkˈat# {GOLD: >*} | *#stɾˌɪkˈat# | *#stɾəkˈat# | *#stɾəkˈat# | *#stɾəkˈat# {GOLD: #stəɾkˈat#}
281    | ... | ... | ... | ... | ... | ... | ... | ... | #stˌərβˈitɪ# | *#stˌərvˈit# {GOLD: >*} | *#stˌəɾvˈit# | *#stəɾvˈit# | *#stəɾvˈit# | *#stəɾvˈit# {GOLD: #stəɾvˈit#}
282    | ... | ... | ... | ... | ... | ... | ... | ... | #stˌɪrβˈinɑ# | *#stˌɪrvˈĩːnə# {GOLD: >*} | *#stˌɪɾvˈĩːɾə# | *#stəɾvˈiɾə# | *#stəɾvˈiɾə# | *#stəɾvˈiɾə# {GOLD: #stəɾvˈinə#}
283    | ... | ... | ... | ... | ... | ... | ... | ... | #stˈɛʎɑ# | *#stˈɛːʎə# {GOLD: >*} | *#stˈɛːʎə# | *#stˈɛjə# | *#stˈɛjə# | *#stˈɛjə# {GOLD: #stˈɛjə#}
284    | ... | ... | ... | ... | ... | ... | ... | ... | #stˈɪpɪ# | *#stˈɪp# {GOLD: >*} | *#stˈɪp# | *#stˈɪp# | *#stˈɪp# | *#stˈɪp# {GOLD: #stˈɛp#}
285    | ... | ... | ... | ... | ... | ... | ... | ... | #strˈæxɑ# | *#strˈɛxə# {GOLD: >*} | *#stɾˈɛhə# | *#stɾˈɛhə# | *#stɾˈɛhə# | *#stɾˈɛhə# {GOLD: #stɾˈɛhə#}
286    | ... | ... | ... | ... | ... | ... | ... | ... | #strˈɒkɑ# | *#strˈakə# {GOLD: >*} | *#stɾˈakə# | *#stɾˈakə# | *#stɾˈakə# | *#stɾˈakə# {GOLD: #stɾˈɔkə#}
287    | ... | ... | ... | ... | ... | ... | ... | ... | #strˈʊkɑ# | *#strˈʊkə# {GOLD: >*} | *#stɾˈʊkə# | *#stɾˈʊkə# | *#stɾˈʊkə# | *#stɾˈʊkə# {GOLD: #stɾˈukə#}
288    | ... | ... | ... | ... | ... | ... | ... | ... | #strˈumɨ# | *#strˈũːmb# {GOLD: >*} | *#stɾˈũːmb# | *#stɾˈumb# | *#stɾˈumb# | *#stɾˈumb# {GOLD: #stɾˈum#}
289    | ... | ... | ... | ... | ... | ... | ... | ... | #səmiʎˈɑtɪ# | *#sə̃miʎˈat# {GOLD: >*} | *#sə̃mbiʎˈat# | *#səmbəjˈat# | *#səmbəjˈat# | *#səmbəjˈat# {GOLD: #smilˈat#}
290    | ... | ... | ... | ... | ... | ... | ... | ... | #zˌɑbˈælʊ# | *#zˌabˈɛːl# {GOLD: >*} | *#zˌabˈɛːl# | *#zəbˈɛl# | *#zəbˈɛl# | *#zəbˈɛl# {GOLD: #zabˈɛl#}
291    | ... | ... | ... | ... | ... | ... | #zˌɑbˈɔːjɪ# | *#zˌɑbˈɔːjɪ# | *#zˌɑbˈɔːjɪ# | *#zˌabˈɔːj# {GOLD: #zˌabˈuo̯#} | *#zˌabˈɔːj# | *#zəbˈɔj# | *#zəbˈɔj# | *#zəbˈɔj# {GOLD: #zabˈua̯#}
292    | ... | ... | ... | ... | ... | ... | #zˌɒ̃bˈiʃtɪ# | *#zˌɒ̃bˈiʃtɪ# | *#zˌɒ̃bˈiʃtɪ# | *#zˌãbˈiːʃt# {GOLD: #zˌãmbˈiʃt#} | *#zˌə̃bˈiːʃt# | *#zəbˈiʃt# | *#zəbˈit͡ʃt# | *#zəbˈit͡ʃt# {GOLD: #zəmbˈiʃt#}
293    | ... | ... | ... | ... | ... | ... | #zˌɒ̃bʊlˈɑkʊ# | *#zˌɒ̃bʊlˈɑkʊ# | *#zˌɒ̃bʊlˈɑkʊ# | *#zˌãblˈak# {GOLD: #zˌɑ̃mblˈak#} | *#zˌə̃blˈak# | *#zəblˈak# | *#zəblˈak# | *#zəblˈak# {GOLD: #zəmblˈak#}
294    | ... | ... | ... | ... | ... | ... | #zˈɒ̃bʊsæ# | *#zˈɒ̃bʊʃæ# | *#zˈɒ̃bʊʃæ# | *#zˈãbʃ# {GOLD: #zˈɑ̃mpʃə#} | *#zˈə̃bʃ# | *#zˈəbʃ# | *#zˈəbʃ# | *#zˈəbʃ# {GOLD: #zˈəmt͡ʃə#}
295    | ... | ... | ... | ... | ... | ... | #zˈɯʃɑ# | *#zˈɯʃɑ# | *#zˈɯʃɑ# | *#zˈuːʃə# {GOLD: >*} | *#zˈuːʃə# | *#zˈuʃə# | *#zˈuʃə# | *#zˈuʃə# {GOLD: #zˈuʃə#}
296    | ... | ... | ... | ... | ... | ... | ... | ... | #jˌɪzbɑβˈitɪ# | *#jˌɪzbavˈit# {GOLD: >*} | *#jˌɪzbavˈit# | *#jˌɪzbəvˈit# | *#jɪzbəvˈit# | *#jɪzbəvˈit# {GOLD: #zbavˈit#}
297    | ... | ... | ... | ... | ... | ... | #zwˌærˈiʃtɛ# | *#zwˌærˈiʃtɛ# | *#zwˌærˈiʃtɛ# | *#zvˌɛrˈiːʃt# {GOLD: >*} | *#zvˌɛɾˈiːʃt# | *#zvəɾˈiʃt# | *#zvəɾˈit͡ʃt# | *#zvəɾˈit͡ʃt# {GOLD: #zvaɾˈiʃt#}
298    | ... | ... | ... | ... | ... | ... | #nˌɛrˈɑnt͡sɑ# | *#nˌɛrˈɑnt͡sɑ# | *#nˌɛrˈɑnt͡sɑ# | *#nˌɛrˈãːt͡sə# {GOLD: >*} | *#nˌɛɾˈəːt͡sə# | *#nɾˈət͡sə# | *#nɾˈət͡sə# | *#nɾˈət͡sə# {GOLD: #nɛɾˈənd͡zə#}
299    | ... | ... | ... | ... | ... | ... | ... | ... | #nˌɛpˈərtəkɑ# | *#nˌɛpˈəːrtəkə# {GOLD: >*} | *#nˌɛpˈəːɾtəkə# | *#npˈəɾtəkə# | *#npˈəɾtəkə# | *#npˈəɾtəkə# {GOLD: #nɛpˈəɾkə#}
300    | ... | ... | ... | ... | ... | ... | ... | ... | #nˌɛβˌærˈitɪ# | *#nˌɛvˌɛrˈit# {GOLD: >*} | *#nˌɛvˌɛɾˈit# | *#nˌɛvəɾˈit# | *#nɛvəɾˈit# | *#nɛvəɾˈit# {GOLD: #nɛvɛɾˈit#}
301    | ... | ... | ... | ... | ... | ... | ... | ... | #nˌɛβˈɒʎɑ# | *#nˌɛvˈaːʎə# {GOLD: >*} | *#nˌɛvˈaːʎə# | *#nəvˈajə# | *#nəvˈajə# | *#nəvˈajə# {GOLD: #nɛvˈɔjə#}
302    | ... | ... | ... | ... | ... | ... | ... | ... | #nˈæmʊ# | *#nˈɛ# {GOLD: >*} | *#nˈɛ# | *#nˈɛ# | *#nˈɛ# | *#nˈɛ# {GOLD: #nˈɛm#}
303    | ... | ... | ... | ... | ... | ... | ... | ... | #nˈæmɪt͡sɪ# | *#nˈɛ̃ːmt͡s# {GOLD: >*} | *#nˈɛ̃ːmt͡s# | *#nˈɛmt͡s# | *#nˈɛmt͡s# | *#nˈɛmt͡s# {GOLD: #nˈɛmɛt͡s#}
304    | ... | ... | ... | ... | ... | ... | ... | ... | #nˌɒʒˈikɑ# | *#nˌaʒˈikə# {GOLD: >*} | *#nˌaʒˈikə# | *#nəʒˈikə# | *#nəʒˈikə# | *#nəʒˈikə# {GOLD: #nɔzˈikə#}
305    | ... | ... | ... | ... | ... | ... | ... | ... | #nˈɒβʊkɑ# | *#nˈaːvkə# {GOLD: >*} | *#nˈaːvkə# | *#nˈavkə# | *#nˈavkə# | *#nˈavkə# {GOLD: #nˈɔfkə#}
306    | ... | ... | ... | ... | ... | ... | #ˌɒlkɒmˈɪjɛ# | *#ˌɒlkɒmˈɪjɛ# | *#ˌɒlkɒmˈɪjɛ# | *#hˌaʎkãmˈɪj# {GOLD: >*} | *#hˌaʎkə̃mˈɪj# | *#hˌajkəmˈɪj# | *#hajkəmˈɪj# | *#hajkəmˈɪj# {GOLD: #lakmˈi#}
307    | ... | ... | ... | ... | ... | ... | #lˌæsˈɒwɑ# | *#lˌæʃˈɒwɑ# | *#lˌæʃˈɒwɑ# | *#lˌɛʃˈawə# {GOLD: >*} | *#lˌɛʃˈawə# | *#ləʃˈawə# | *#ləʃˈawə# | *#ləʃˈawə# {GOLD: #laʃˈɔvə#}
308    | ... | ... | ... | ... | ... | ... | ... | ... | #lˌɑpˈuʃɑ# | *#lˌapˈuːʃə# {GOLD: >*} | *#lˌapˈuːʃə# | *#ləpˈuʃə# | *#ləpˈuʃə# | *#ləpˈuʃə# {GOLD: #lapˈuʃə#}
309    | ... | ... | ... | ... | ... | ... | #lˌɑbˈɒwɑ# | *#lˌɑbˈɒwɑ# | *#lˌɑbˈɒwɑ# | *#lˌabˈawə# {GOLD: >*} | *#lˌabˈawə# | *#ləbˈawə# | *#ləbˈawə# | *#ləbˈawə# {GOLD: #labˈɔvə#}
310    | ... | ... | ... | ... | ... | ... | #ˈɒlkɒmʊ# | *#ˈɒlkɒmʊ# | *#ˈɒlkɒmʊ# | *#hˈaːʎkə# {GOLD: >*} | *#hˈaːʎkə# | *#hˈajkə# | *#hˈajkə# | *#hˈajkə# {GOLD: #lˈakəm#}
311    | ... | ... | ... | ... | ... | ... | ... | ... | #dlˈɑtɒ# | *#dlˈatə# {GOLD: >*} | *#dlˈatə# | *#dlˈatə# | *#dlˈatə# | *#dlˈatə# {GOLD: #lˈatə#}
312    | ... | ... | ... | ... | ... | ... | #lˈɑbʊ# | *#lˈɑbʊ# | *#lˈɑbʊ# | *#lˈab# {GOLD: >*} | *#lˈab# | *#lˈab# | *#lˈab# | *#lˈab# {GOLD: #lˈab#}
313    | ... | ... | ... | ... | ... | ... | #lˌɒ̃ɡʊ# | *#lˌɒ̃ɡʊ# | *#lˌɒ̃ɡʊ# | *#lˌãɡ# {GOLD: >*} | *#lˌə̃ɡ# | *#lˌəɡ# | *#ləɡ# | *#ləɡ# {GOLD: #ləŋɡ#}
314    | ... | ... | ... | ... | ... | ... | #lˌɛ̃dˈinɑ# | *#lˌɛ̃dˈinɑ# | *#lˌɛ̃dˈinɑ# | *#lˌɛ̃dˈĩːnə# {GOLD: >*} | *#lˌɛ̃dˈĩːɾə# | *#lədˈiɾə# | *#lədˈiɾə# | *#lədˈiɾə# {GOLD: #ləndˈinə#}
315    | ... | ... | ... | ... | ... | ... | #lˈɒ̃ɡʊskɑ# | *#lˈɒ̃ɡʊʃkɑ# | *#lˈɒ̃ɡʊʃkɑ# | *#lˈãɡʃkə# {GOLD: >*} | *#lˈə̃ɡʃkə# | *#lˈəɡʃkə# | *#lˈəɡt͡ʃkə# | *#lˈəɡt͡ʃkə# {GOLD: #lˈənt͡skə#}
316    | ... | ... | ... | ... | ... | ... | ... | ... | #lˌit͡ʃˈitɪ# | *#lˌit͡ʃˈit# {GOLD: >*} | *#lˌit͡ʃˈit# | *#lət͡ʃˈit# | *#lət͡ʃˈit# | *#lət͡ʃˈit# {GOLD: #lɛt͡ʃˈit#}
317    | ... | ... | ... | ... | ... | ... | #lˌæsɪnˈit͡sɑ# | *#lˌæʃɪnˈit͡sɑ# | *#lˌæʃɪnˈit͡sɑ# | *#lˌɛʒnˈiːt͡sə# {GOLD: >*} | *#lˌɛʒnˈiːt͡sə# | *#ləʒnˈit͡sə# | *#ləʒnˈit͡sə# | *#ləʒnˈit͡sə# {GOLD: #lɛʃnˈit͡sə#}
318    | ... | ... | ... | ... | ... | ... | ... | ... | #lˌɛbɛtˈitɪ# | *#lˌɛbɛtˈit# {GOLD: >*} | *#lˌɛbɛtˈit# | *#lˌɛbətˈit# | *#lɛbətˈit# | *#lɛbətˈit# {GOLD: #lɛbɛtˈit#}
319    | ... | ... | ... | ... | ... | ... | ... | ... | #lˈæxɑ# | *#lˈɛxə# {GOLD: >*} | *#lˈɛhə# | *#lˈɛhə# | *#lˈɛhə# | *#lˈɛhə# {GOLD: #lˈɛhə#}
320    | ... | ... | ... | ... | ... | ... | #lˈæsɑ# | *#lˈæʃɑ# | *#lˈæʃɑ# | *#lˈɛːʃə# {GOLD: >*} | *#lˈɛːʃə# | *#lˈɛʃə# | *#lˈɛʃə# | *#lˈɛʃə# {GOLD: #lˈɛʃə#}
321    | ... | ... | ... | ... | ... | ... | #lˈæsɪɲɑ# | *#lˈæʃɪɲɑ# | *#lˈæʃɪɲɑ# | *#lˈɛːʒɲə# {GOLD: >*} | *#lˈɛːʒɲə# | *#lˈɛʒɲə# | *#lˈɛʒɲə# | *#lˈɛʒɲə# {GOLD: #lˈɛʃɲə#}
322    | ... | ... | ... | ... | ... | ... | ... | ... | #lˈæsɑ# | *#lˈɛːsə# {GOLD: >*} | *#lˈɛːsə# | *#lˈɛsə# | *#lˈɛsə# | *#lˈɛsə# {GOLD: #lˈɛsə#}
323    | ... | ... | ... | ... | ... | ... | ... | ... | #lˈɪstʊkrʊ# | *#lˈɪːstkr# {GOLD: >*} | *#lˈɪːstkɾ# | *#lˈɪstkɾ# | *#lˈɪstkɾ# | *#lˈɪstkɾ# {GOLD: #lˈɛskəɾ#}
324    | ... | ... | ... | ... | ... | ... | ... | ... | #lˈæʎɑ# | *#lˈɛːʎə# {GOLD: >*} | *#lˈɛːʎə# | *#lˈɛjə# | *#lˈɛjə# | *#lˈɛjə# {GOLD: #lˈɛlə#}
325    | ... | ... | ... | ... | ... | ... | #lˈixɒ# | *#lˈixɒ# | *#lˈixɒ# | *#lˈixə# {GOLD: >*} | *#lˈihə# | *#lˈihə# | *#lˈihə# | *#lˈihə# {GOLD: #lˈijə#}
326    | ... | ... | ... | ... | ... | ... | ... | ... | #lˈipɑ# | *#lˈipə# {GOLD: >*} | *#lˈipə# | *#lˈipə# | *#lˈipə# | *#lˈipə# {GOLD: #lˈipə#}
327    | ... | ... | ... | ... | ... | ... | ... | ... | #lˌɒpˈɑtɑ# | *#lˌapˈatə# {GOLD: >*} | *#lˌapˈatə# | *#ləpˈatə# | *#ləpˈatə# | *#ləpˈatə# {GOLD: #lɔpˈatə#}
328    | ... | ... | ... | ... | ... | ... | ... | ... | #lˈɒɡʊ# | *#lˈaɡ# {GOLD: >*} | *#lˈaɡ# | *#lˈaɡ# | *#lˈaɡ# | *#lˈaɡ# {GOLD: #lˈɔɡ#}
329    | ... | ... | ... | ... | ... | ... | ... | ... | #lˈɒzɑ# | *#lˈaːzə# {GOLD: >*} | *#lˈaːzə# | *#lˈazə# | *#lˈazə# | *#lˈazə# {GOLD: #lˈɔzə#}
330    | ... | ... | ... | ... | ... | ... | ... | #ʎˌuxˈɑtɪ# | *#ʎˌuxˈɑtɪ# | *#ʎˌuxˈat# {GOLD: >*} | *#ʎˌuhˈat# | *#jəhˈat# | *#jəhˈat# | *#jəhˈat# {GOLD: #luhˈat#}
331    | ... | ... | ... | ... | ... | ... | ... | ... | #lˌuʒˈiɑ# | *#lˌuʒˈiː# {GOLD: >*} | *#lˌuʒˈiː# | *#ləʒˈi# | *#ləʒˈi# | *#ləʒˈi# {GOLD: #luʒˈi#}
332    | ... | ... | ... | ... | ... | ... | #ʎˈutʊsɑ# | *#ʎˈutʊʃɑ# | *#ʎˈutʊʃɑ# | *#ʎˈutʃə# {GOLD: >*} | *#ʎˈutʃə# | *#jˈutʃə# | *#jˈutʃə# | *#jˈutʃə# {GOLD: #lˈuʃə#}
333    | ... | ... | ... | ... | ... | ... | #ʎˈutɑ# | *#ʎˈutɑ# | *#ʎˈutɑ# | *#ʎˈutə# {GOLD: >*} | *#ʎˈutə# | *#jˈutə# | *#jˈutə# | *#jˈutə# {GOLD: #lˈutə#}
334    | ... | ... | ... | ... | ... | ... | ... | ... | #lˈuspɑ# | *#lˈuːspə# {GOLD: >*} | *#lˈuːspə# | *#lˈuspə# | *#lˈuspə# | *#lˈuspə# {GOLD: #lˈuspə#}
335    | ... | ... | ... | ... | ... | ... | ... | #rˌɑɡˈɑlɪ# | *#rˌɑɡˈɑlɪ# | *#rˌaɡˈaːl# {GOLD: >*} | *#ɾˌaɡˈaːl# | *#ɾəɡˈal# | *#ɾəɡˈal# | *#ɾəɡˈal# {GOLD: #ɾaɡˈal#}
336    | ... | ... | ... | ... | ... | ... | #rˌɑdˈimɑ# | *#rˌɑdˈimɑ# | *#rˌɑdˈimɑ# | *#rˌadˈĩːmə# {GOLD: >*} | *#ɾˌadˈĩːmbə# | *#ɾədˈimbə# | *#ɾədˈimbə# | *#ɾədˈimbə# {GOLD: #ɾaðˈimə#}
337    | ... | ... | ... | ... | ... | ... | #wˌɒrbˈɪt͡sɪ# | *#wˌɒrbˈɪt͡sɪ# | *#wˌɒrbˈɪt͡sɪ# | *#wˌarbˈɪːt͡s# {GOLD: >*} | *#wˌaɾbˈɪːt͡s# | *#wəɾbˈɪt͡s# | *#wəɾbˈɪt͡s# | *#wəɾbˈɪt͡s# {GOLD: #ɾabˈɛt͡s#}
338    | ... | ... | ... | ... | ... | ... | #rˈɒwɑ# | *#rˈɒwɑ# | *#rˈɒwɑ# | *#rˈawə# {GOLD: >*} | *#ɾˈawə# | *#ɾˈawə# | *#ɾˈawə# | *#ɾˈawə# {GOLD: #ɾˈavə#}
339    | ... | ... | ... | ... | ... | ... | #rˈɒwʊkɑ# | *#rˈɒwʊkɑ# | *#rˈɒwʊkɑ# | *#rˈawkə# {GOLD: >*} | *#ɾˈawkə# | *#ɾˈawkə# | *#ɾˈawkə# | *#ɾˈawkə# {GOLD: #ɾˈavɡə#}
340    | ... | ... | ... | ... | ... | ... | ... | ... | #rˈæʒɪkɑ# | *#rˈɛːʒkə# {GOLD: >*} | *#ɾˈɛːʒkə# | *#ɾˈɛʒkə# | *#ɾˈɛʒkə# | *#ɾˈɛʒkə# {GOLD: #ɾˈɛʒɡə#}
341    | ... | ... | ... | ... | ... | ... | #rˈɛ̃dʊ# | *#rˈɛ̃dʊ# | *#rˈɛ̃dʊ# | *#rˈɛ̃d# {GOLD: >*} | *#ɾˈɛ̃d# | *#ɾˈɛd# | *#ɾˈɛd# | *#ɾˈɛd# {GOLD: #ɾˈɛnd#}
342    | ... | ... | ... | ... | ... | ... | ... | ... | #rˌɒjˈitɪ# | *#rˌajˈit# {GOLD: >*} | *#ɾˌajˈit# | *#ɾəjˈit# | *#ɾəjˈit# | *#ɾəjˈit# {GOLD: #ɾɔˈit#}
343    | ... | ... | ... | ... | ... | ... | #rˌɒɡɒwˈɪt͡ʃɪkɑ# | *#rˌɒɡɒwˈɪ?2ɪkɑ# | *#rˌɒɡɒwˈɪ?2ɪkɑ# | *#rˌaɡawˈɪː?2kə# {GOLD: >*} | *#ɾˌaɡawˈɪː?2kə# | *#ɾˌaɡəwˈɪ?2kə# | *#ɾaɡəwˈɪ?2kə# | *#ɾaɡəwˈɪ?2kə# {GOLD: #ɾɔɡɔvˈɛt͡skə#}
344    | ... | ... | ... | ... | ... | ... | ... | ... | #rˌɒtˈɑrɪ# | *#rˌatˈaːr# {GOLD: >*} | *#ɾˌatˈaːɾ# | *#ɾətˈaɾ# | *#ɾətˈaɾ# | *#ɾətˈaɾ# {GOLD: #ɾɔtˈaɾ#}
345    | ... | ... | ... | ... | ... | ... | ... | ... | #rˌɒbɒtˈitɪ# | *#rˌabatˈit# {GOLD: >*} | *#ɾˌabatˈit# | *#ɾˌabətˈit# | *#ɾabətˈit# | *#ɾabətˈit# {GOLD: #ɾɔbtˈit#}
346    | ... | ... | ... | ... | ... | ... | ... | ... | #rˈɒjɪ# | *#rˈaj# {GOLD: >*} | *#ɾˈaj# | *#ɾˈaj# | *#ɾˈaj# | *#ɾˈaj# {GOLD: #ɾˈɔj#}
347    | ... | ... | ... | ... | ... | ... | ... | ... | #rˈɒjɪkɑ# | *#rˈajkə# {GOLD: >*} | *#ɾˈajkə# | *#ɾˈajkə# | *#ɾˈajkə# | *#ɾˈajkə# {GOLD: #ɾˈɔjkə#}
348    | ... | ... | ... | ... | ... | ... | ... | ... | #rˈɒɡɑ# | *#rˈaɡə# {GOLD: >*} | *#ɾˈaɡə# | *#ɾˈaɡə# | *#ɾˈaɡə# | *#ɾˈaɡə# {GOLD: #ɾˈɔɡə#}
349    | ... | ... | ... | ... | ... | ... | ... | ... | #rˈɒbʊ# | *#rˈab# {GOLD: >*} | *#ɾˈab# | *#ɾˈab# | *#ɾˈab# | *#ɾˈab# {GOLD: #ɾˈɔb#}
350    | ... | ... | ... | ... | ... | ... | ... | ... | #rˈunɪt͡sɪ# | *#rˈũːt͡s# {GOLD: >*} | *#ɾˈũːt͡s# | *#ɾˈut͡s# | *#ɾˈut͡s# | *#ɾˈut͡s# {GOLD: #ɾˈuns#}
351    | ... | ... | ... | ... | ... | ... | #rˌɒ̃ɡˈɑtɪ# | *#rˌɒ̃ɡˈɑtɪ# | *#rˌɒ̃ɡˈɑtɪ# | *#rˌãɡˈat# {GOLD: >*} | *#ɾˌə̃ɡˈat# | *#ɾəɡˈat# | *#ɾəɡˈat# | *#ɾəɡˈat# {GOLD: #raɡˈat#}
352    | ... | ... | ... | ... | ... | ... | #rˌɒɡɒʒˈinɑ# | *#rˌɒɡɒʒˈinɑ# | *#rˌɒɡɒʒˈinɑ# | *#rˌaɡaʒˈĩːnə# {GOLD: #rˌɒɡˌɒzˈĩnə#} | *#ɾˌaɡaʒˈĩːɾə# | *#ɾˌaɡəʒˈiɾə# | *#ɾaɡəʒˈiɾə# | *#ɾaɡəʒˈiɾə# {GOLD: #raɡɔzˈinə#}
353    | ... | ... | ... | ... | ... | ... | ... | ... | #xrˌɑnˈit͡sɑ# | *#xrˌãnˈiːt͡sə# {GOLD: >*} | *#hɾˌə̃ɾˈiːt͡sə# | *#hɾəɾˈit͡sə# | *#hɾəɾˈit͡sə# | *#hɾəɾˈit͡sə# {GOLD: #ranˈit͡sə#}
354    | ... | ... | ... | ... | ... | ... | ... | ... | #xrˌɑpˈɑtɪ# | *#xrˌapˈat# {GOLD: >*} | *#hɾˌapˈat# | *#hɾəpˈat# | *#hɾəpˈat# | *#hɾəpˈat# {GOLD: #rapˈat#}
355    | ... | ... | ... | ... | ... | ... | #rˈɑklɑ# | *#rˈɑklɑ# | *#rˈɑklɑ# | *#rˈakʎə# {GOLD: >*} | *#ɾˈakʎə# | *#ɾˈacə# | *#ɾˈacə# | *#ɾˈat͡ʃə# {GOLD: #rˈacɛ#}
356    | ... | ... | ... | ... | ... | ... | ... | ... | #xrˈɑpʊ# | *#xrˈap# {GOLD: >*} | *#hɾˈap# | *#hɾˈap# | *#hɾˈap# | *#hɾˈap# {GOLD: #rˈap#}
357    | ... | ... | ... | ... | ... | ... | #ˈɒrβɛsʊ# | *#ˈɒrβɛʃʊ# | *#ˈɒrβɛʃʊ# | *#hˈaːrvɛʃ# {GOLD: >*} | *#hˈaːɾvɛʃ# | *#hˈaɾvɛʃ# | *#hˈaɾvɛʃ# | *#hˈaɾvɛʃ# {GOLD: #rˈafʃ#}
358    | ... | ... | ... | ... | ... | ... | #rˌækˈɒjɒ̃# | *#rˌækˈɒjɒ̃# | *#rˌækˈɒjɒ̃# | *#rˌɛkˈajã# {GOLD: >*} | *#ɾˌɛkˈajə̃# | *#ɾəkˈajə# | *#ɾəkˈajə# | *#ɾəkˈajə# {GOLD: #rəkˈajə#}
359    | ... | ... | ... | ... | ... | ... | #rˌɒɡˈɑlɑ# | *#rˌɒɡˈɑlɑ# | *#rˌɒɡˈɑlɑ# | *#rˌaɡˈaːlə# {GOLD: >*} | *#ɾˌaɡˈaːlə# | *#ɾəɡˈalə# | *#ɾəɡˈalə# | *#ɾəɡˈalə# {GOLD: #rəɡˈalˠə#}
360    | ... | ... | ... | ... | ... | ... | ... | #rˈɛ̃sɪkɑ# | *#rˈɛ̃sɪkɑ# | *#rˈɛ̃ːskə# {GOLD: >*} | *#ɾˈɛ̃ːskə# | *#ɾˈɛskə# | *#ɾˈɛskə# | *#ɾˈɛskə# {GOLD: #rˈɛt͡skə#}
361    | ... | ... | ... | ... | ... | ... | #rˌɒpˈɑkʊ# | *#rˌɒpˈɑkʊ# | *#rˌɒpˈɑkʊ# | *#rˌapˈak# {GOLD: >*} | *#ɾˌapˈak# | *#ɾəpˈak# | *#ɾəpˈak# | *#ɾəpˈak# {GOLD: #rɔpˈak#}
362    | ... | ... | ... | ... | ... | ... | #rˈɒɡɑ# | *#rˈɒɡɑ# | *#rˈɒɡɑ# | *#rˈaɡə# {GOLD: >*} | *#ɾˈaɡə# | *#ɾˈaɡə# | *#ɾˈaɡə# | *#ɾˈaɡə# {GOLD: #rˈɔɡə#}
363    | ... | ... | ... | ... | ... | ... | #rˈɒʒɪkʊ# | *#rˈɒʒɪkʊ# | *#rˈɒʒɪkʊ# | *#rˈaːʒk# {GOLD: >*} | *#ɾˈaːʒk# | *#ɾˈaʒk# | *#ɾˈaʒk# | *#ɾˈaʒk# {GOLD: #rˈɔzɡ#}
364    | ... | ... | ... | ... | ... | ... | #rˈunɒ# | *#rˈunɒ# | *#rˈunɒ# | *#rˈũːnə# {GOLD: >*} | *#ɾˈũːɾə# | *#ɾˈuɾə# | *#ɾˈuɾə# | *#ɾˈuɾə# {GOLD: #rˈunə#}
365    | ... | ... | ... | ... | ... | ... | ... | ... | #pˌɑʃɪnˈikʊ# | *#pˌaʒnˈik# {GOLD: >*} | *#pˌaʒnˈik# | *#pəʒnˈik# | *#pəʒnˈik# | *#pəʒnˈik# {GOLD: #paʃnˈik#}
366    | ... | ... | ... | ... | ... | ... | #pˌɒdʊkˈɒwʊ# | *#pˌɒdʊkˈɒwʊ# | *#pˌɒdʊkˈɒwʊ# | *#pˌadkˈaw# {GOLD: #pˌɒtkˈuo̯#} | *#pˌadkˈaw# | *#pədkˈaw# | *#pədkˈaw# | *#pədkˈaw# {GOLD: #patkˈua̯#}
367    | ... | ... | ... | ... | ... | ... | ... | ... | #pˌɑdˈitɪ# | *#pˌadˈit# {GOLD: >*} | *#pˌadˈit# | *#pədˈit# | *#pədˈit# | *#pədˈit# {GOLD: #padˈit#}
368    | ... | ... | ... | ... | ... | ... | ... | ... | #pˈɑtɑ# | *#pˈatə# {GOLD: >*} | *#pˈatə# | *#pˈatə# | *#pˈatə# | *#pˈatə# {GOLD: #pˈatə#}
369    | ... | ... | ... | ... | ... | ... | #pˌɒɡˈɑɲ# | *#pˌɒɡˈɑɲ# | *#pˌɒɡˈɑɲ# | *#pˌaɡˈãːɲ# {GOLD: #pˌɒɡˈɑ̃ɲ#} | *#pˌaɡˈəːɲ# | *#pəɡˈəɲ# | *#pəɡˈəɲ# | *#pəɡˈəɲ# {GOLD: #pəɡˈəj#}
370    | ... | ... | ... | ... | ... | ... | #pˌɒɡˈɑnɑ# | *#pˌɒɡˈɑnɑ# | *#pˌɒɡˈɑnɑ# | *#pˌaɡˈãːnə# {GOLD: #pˌɒɡˈɑ̃ɾ̃ə#} | *#pˌaɡˈəːɾə# | *#pəɡˈəɾə# | *#pəɡˈəɾə# | *#pəɡˈəɾə# {GOLD: #pəɡˈəɾə#}
371    | ... | ... | ... | ... | ... | ... | #pˌɒ̃dˈɑrɪ# | *#pˌɒ̃dˈɑrɪ# | *#pˌɒ̃dˈɑrɪ# | *#pˌãdˈaːr# {GOLD: >*} | *#pˌə̃dˈaːɾ# | *#pədˈaɾ# | *#pədˈaɾ# | *#pədˈaɾ# {GOLD: #pəndˈaɾ#}
372    | ... | ... | ... | ... | ... | ... | #pˌɒkrˈɒwɑ# | *#pˌɒkrˈɒwɑ# | *#pˌɒkrˈɒwɑ# | *#pˌakrˈawə# {GOLD: >*} | *#pˌakɾˈawə# | *#pəkɾˈawə# | *#pəkɾˈawə# | *#pəkɾˈawə# {GOLD: #pəɾkˈavə#}
373    | ... | ... | ... | ... | ... | ... | ... | ... | #pˌɛlˈɛnɑ# | *#pˌɛlˈɛ̃ːnə# {GOLD: >*} | *#pˌɛlˈɛ̃ːɾə# | *#pəlˈɛɾə# | *#pəlˈɛɾə# | *#pəlˈɛɾə# {GOLD: #pɛlˈɛnə#}
374    | ... | ... | ... | ... | ... | ... | ... | ... | #pˌɛlˈɨnʊ# | *#pˌɛlˈĩː# {GOLD: >*} | *#pˌɛlˈĩː# | *#pəlˈi# | *#pəlˈi# | *#pəlˈi# {GOLD: #pɛlˈin#}
375    | ... | ... | ... | ... | ... | ... | ... | ... | #pˈɛkʊ# | *#pˈɛk# {GOLD: >*} | *#pˈɛk# | *#pˈɛk# | *#pˈɛk# | *#pˈɛk# {GOLD: #pˈɛk#}
376    | ... | ... | ... | ... | ... | ... | ... | ... | #pˌijɑβˈit͡sɑ# | *#pˌijavˈiːt͡sə# {GOLD: >*} | *#pˌijavˈiːt͡sə# | *#pˌijəvˈit͡sə# | *#pijəvˈit͡sə# | *#pijəvˈit͡sə# {GOLD: #pjavˈit͡sə#}
377    | ... | ... | ... | ... | ... | ... | ... | ... | #pˌɨxˈɑtɪ# | *#pˌixˈat# {GOLD: >*} | *#pˌihˈat# | *#pəhˈat# | *#pəhˈat# | *#pəhˈat# {GOLD: #pihˈat#}
378    | ... | ... | ... | ... | ... | ... | #pˈiskɑ# | *#pˈiʃkɑ# | *#pˈiʃkɑ# | *#pˈiːʃkə# {GOLD: >*} | *#pˈiːʃkə# | *#pˈiʃkə# | *#pˈit͡ʃkə# | *#pˈit͡ʃkə# {GOLD: #pˈizɡə#}
379    | ... | ... | ... | ... | ... | ... | ... | #pˈɨɾjɪ# | *#pˈɨɾjɪ# | *#pˈiːɾj# {GOLD: >*} | *#pˈiːɾj# | *#pˈiɾj# | *#pˈiɾj# | *#pˈiɾj# {GOLD: #pˈirə#}
380    | ... | ... | ... | ... | ... | ... | ... | ... | #pˌɒʎˈɑkʊ# | *#pˌaʎˈak# {GOLD: >*} | *#pˌaʎˈak# | *#pəjˈak# | *#pəjˈak# | *#pəjˈak# {GOLD: #pɔjˈak#}
381    | ... | ... | ... | ... | ... | ... | ... | ... | #pˌɒʎˈɑtɑ# | *#pˌaʎˈatə# {GOLD: >*} | *#pˌaʎˈatə# | *#pəjˈatə# | *#pəjˈatə# | *#pəjˈatə# {GOLD: #pɔjˈatə#}
382    | ... | ... | ... | ... | ... | ... | ... | ... | #pˌɒʎˈɑnɪ# | *#pˌaʎˈãː# {GOLD: >*} | *#pˌaʎˈəː# | *#pəjˈə# | *#pəjˈə# | *#pəjˈə# {GOLD: #pɔjˈan#}
383    | ... | ... | ... | ... | ... | ... | ... | ... | #pˌɒtˈɛrjɑ# | *#pˌatˈɛːrɛ# {GOLD: >*} | *#pˌatˈɛːɾɛ# | *#pətˈɛɾɛ# | *#pətˈɛɾɛ# | *#pətˈɛɾɛ# {GOLD: #pɔtˈɛɾɛ#}
384    | ... | ... | ... | ... | ... | ... | #pˌɒdʊkˈɒwʊ# | *#pˌɒdʊkˈɒwʊ# | *#pˌɒdʊkˈɒwʊ# | *#pˌadkˈaw# {GOLD: #pˌɒtkˈuo̯#} | *#pˌadkˈaw# | *#pədkˈaw# | *#pədkˈaw# | *#pədkˈaw# {GOLD: #pɔtkˈua̯#}
385    | ... | ... | ... | ... | ... | ... | ... | ... | #pˌɒstˈɑjɑ# | *#pˌastˈaː# {GOLD: >*} | *#pˌastˈaː# | *#pəstˈa# | *#pəstˈa# | *#pəstˈa# {GOLD: #pɔstˈahɛ#}
386    | ... | ... | ... | ... | ... | ... | ... | ... | #pˌɒstˈɑtɪ# | *#pˌastˈat# {GOLD: >*} | *#pˌastˈat# | *#pəstˈat# | *#pəstˈat# | *#pəstˈat# {GOLD: #pɔstˈat#}
387    | ... | ... | ... | ... | ... | ... | ... | ... | #pˌɒstrˈæxɑ# | *#pˌastrˈɛxə# {GOLD: >*} | *#pˌastɾˈɛhə# | *#pəstɾˈɛhə# | *#pəstɾˈɛhə# | *#pəstɾˈɛhə# {GOLD: #pɔstɾˈɛ#}
388    | ... | ... | ... | ... | ... | ... | ... | ... | #pˌɒmɪnˈitɪ# | *#pˌãmnˈit# {GOLD: >*} | *#pˌə̃mnˈit# | *#pəmnˈit# | *#pəmnˈit# | *#pəmnˈit# {GOLD: #pɔnˈit#}
389    | ... | ... | ... | ... | ... | ... | #pˌɒrˈɛ̃dʊ# | *#pˌɒrˈɛ̃dʊ# | *#pˌɒrˈɛ̃dʊ# | *#pˌarˈɛ̃d# {GOLD: >*} | *#pˌaɾˈɛ̃d# | *#pəɾˈɛd# | *#pəɾˈɛd# | *#pəɾˈɛd# {GOLD: #pɔɾˈɛnd#}
390    | ... | ... | ... | ... | ... | ... | #pˌɒrɒ̃t͡ʃˈitɪ# | *#pˌɒrɒ̃?2ˈitɪ# | *#pˌɒrɒ̃?2ˈitɪ# | *#pˌarã?2ˈit# {GOLD: >*} | *#pˌaɾə̃?2ˈit# | *#pˌaɾə?2ˈit# | *#paɾə?2ˈit# | *#paɾə?2ˈit# {GOLD: #pɔɾɔsˈit#}
391    | ... | ... | ... | ... | ... | ... | #pˌɒbrˈitɪ# | *#pˌɒbrˈitɪ# | *#pˌɒbrˈitɪ# | *#pˌabrˈit# {GOLD: >*} | *#pˌabɾˈit# | *#pəbɾˈit# | *#pəbɾˈit# | *#pəbɾˈit# {GOLD: #pɔrˈit#}
392    | ... | ... | ... | ... | ... | ... | ... | ... | #pˈɒtʊkɑ# | *#pˈatkə# {GOLD: >*} | *#pˈatkə# | *#pˈatkə# | *#pˈatkə# | *#pˈatkə# {GOLD: #pˈɔtkə#}
393    | ... | ... | ... | ... | ... | ... | ... | ... | #plˌɑʃˈit͡sɑ# | *#plˌaʃˈiːt͡sə# {GOLD: >*} | *#plˌaʃˈiːt͡sə# | *#pləʃˈit͡sə# | *#pləʃˈit͡sə# | *#pləʃˈit͡sə# {GOLD: #plˠaʃˈit͡sə#}
394    | ... | ... | ... | ... | ... | ... | ... | ... | #plˈɑzʊ# | *#plˈaːz# {GOLD: >*} | *#plˈaːz# | *#plˈas# | *#plˈas# | *#plˈas# {GOLD: #plˠˈaz#}
395    | ... | ... | ... | ... | ... | ... | ... | ... | #plˈɒt͡ʃɑ# | *#plˈaːt͡ʃə# {GOLD: >*} | *#plˈaːt͡ʃə# | *#plˈat͡ʃə# | *#plˈat͡ʃə# | *#plˈat͡ʃə# {GOLD: #plˠˈɔt͡ʃə#}
396    | ... | ... | ... | ... | ... | ... | #plˈɒskɑ# | *#plˈɒʃkɑ# | *#plˈɒʃkɑ# | *#plˈaːʃkə# {GOLD: >*} | *#plˈaːʃkə# | *#plˈaʃkə# | *#plˈat͡ʃkə# | *#plˈat͡ʃkə# {GOLD: #plˠˈɔt͡ʃkə#}
397    | ... | ... | ... | ... | ... | ... | #pˈɒlskɑ# | *#pˈɒlʃkɑ# | *#pˈɒlʃkɑ# | *#pˈaːlʃkə# {GOLD: >*} | *#pˈaːlʃkə# | *#pˈalʃkə# | *#pˈalt͡ʃkə# | *#pˈalt͡ʃkə# {GOLD: #plˠˈɔt͡skə#}
398    | ... | ... | ... | ... | ... | ... | ... | ... | #plˈɒskɑ# | *#plˈaːskə# {GOLD: >*} | *#plˈaːskə# | *#plˈaskə# | *#plˈaskə# | *#plˈaskə# {GOLD: #plˠˈɔskə#}
399    | ... | ... | ... | ... | ... | ... | ... | ... | #pʎˈuskɑ# | *#pʎˈuːskə# {GOLD: >*} | *#pʎˈuːskə# | *#pjˈuskə# | *#pjˈuskə# | *#pjˈuskə# {GOLD: #plˠˈuskə#}
400    | ... | ... | ... | ... | ... | ... | ... | #pˌɒsˈʊlɑ# | *#pˌɒsˈʊlɑ# | *#pˌasˈɔːʷlə# {GOLD: >*} | *#pˌasˈɔːʷlə# | *#pəsˈʊlə# | *#pəsˈʊlə# | *#pəsˈʊlə# {GOLD: #pusˈulˠə#}
401    | ... | ... | ... | ... | ... | ... | #pˈɯrjɪ# | *#pˈɯrjɪ# | *#pˈɯrjɪ# | *#pˈuːrj# {GOLD: >*} | *#pˈuːɾj# | *#pˈuɾj# | *#pˈuɾj# | *#pˈuɾj# {GOLD: #pˈurə#}
402    | ... | ... | ... | ... | ... | ... | #pˌɒlstnˈikʊ# | *#pˌɒlʃtnˈikʊ# | *#pˌɒlʃtnˈikʊ# | *#pˌalʃtnˈik# {GOLD: >*} | *#pˌalʃtnˈik# | *#pəlʃtnˈik# | *#pəlt͡ʃtnˈik# | *#pəlt͡ʃtnˈik# {GOLD: #plaʃnˈik#}
403    | ... | ... | ... | ... | ... | ... | ... | ... | #plˌɨβˈɑtɪ# | *#plˌivˈat# {GOLD: >*} | *#plˌivˈat# | *#pləvˈat# | *#pləvˈat# | *#pləvˈat# {GOLD: #plɛvˈat#}
404    | ... | ... | ... | ... | ... | ... | ... | ... | #plˌɛβɪnˈit͡sɑ# | *#plˌɛvnˈiːt͡sə# {GOLD: >*} | *#plˌɛvnˈiːt͡sə# | *#pləvnˈit͡sə# | *#pləvnˈit͡sə# | *#pləvnˈit͡sə# {GOLD: #plɛvˈit͡sə#}
405    | ... | ... | ... | ... | ... | ... | #pˌɛlˈɛnʊkɑ# | *#pˌɛlˈɛnʊkɑ# | *#pˌɛlˈɛnʊkɑ# | *#pˌɛlˈɛ̃ːnkə# {GOLD: >*} | *#pˌɛlˈɛ̃ːnkə# | *#pəlˈɛnkə# | *#pəlˈɛnkə# | *#pəlˈɛnkə# {GOLD: #plˈɛŋɡə#}
406    | ... | ... | ... | ... | ... | ... | ... | #pʎˈuskɑ# | *#pʎˈuskɑ# | *#pʎˈuːskə# {GOLD: >*} | *#pʎˈuːskə# | *#pjˈuskə# | *#pjˈuskə# | *#pjˈuskə# {GOLD: #plˈyskə#}
407    | ... | ... | ... | ... | ... | ... | #prˈɒxɪ# | *#prˈɒxɪ# | *#prˈɒxɪ# | *#prˈax# {GOLD: >*} | *#pɾˈah# | *#pɾˈah# | *#pɾˈah# | *#pɾˈah# {GOLD: #pɾˈaf#}
408    | ... | ... | ... | ... | ... | ... | ... | ... | #prˈɨskʊ# | *#prˈiːsk# {GOLD: >*} | *#pɾˈiːsk# | *#pɾˈisk# | *#pɾˈisk# | *#pɾˈisk# {GOLD: #pɾˈisk#}
409    | ... | ... | ... | ... | ... | ... | ... | #prˌɒ̃dˈitɪ# | *#prˌɒ̃dˈitɪ# | *#prˌãdˈit# {GOLD: >*} | *#pɾˌə̃dˈit# | *#pɾədˈit# | *#pɾədˈit# | *#pɾədˈit# {GOLD: #pɾɔndˈit#}
410    | ... | ... | ... | ... | ... | ... | ... | #pˌɒbɾɑtˈimə# | *#pˌɒbɾɑtˈimə# | *#pˌabɾatˈĩːmb# {GOLD: >*} | *#pˌabɾatˈĩːmb# | *#pˌabɾətˈimb# | *#pabɾətˈimb# | *#pabɾətˈimb# {GOLD: #pɾɔbatˈin#}
411    | ... | ... | ... | ... | ... | ... | #bˌɒɡɑtˈɪjɛ# | *#bˌɒɡɑtˈɪjɛ# | *#bˌɒɡɑtˈɪjɛ# | *#bˌaɡatˈɪj# {GOLD: #bˌɒɡətˈi#} | *#bˌaɡatˈɪj# | *#bˌaɡətˈɪj# | *#baɡətˈɪj# | *#baɡətˈɪj# {GOLD: #baktˈi#}
412    | ... | ... | ... | ... | ... | ... | ... | ... | #bˌɑtˈitɪ# | *#bˌatˈit# {GOLD: >*} | *#bˌatˈit# | *#bətˈit# | *#bətˈit# | *#bətˈit# {GOLD: #batˈit#}
413    | ... | ... | ... | ... | ... | ... | #bˌɑrðʊmˈɒʃɪ# | *#bˌɑrðʊmˈɒʃɪ# | *#bˌɑrðʊmˈɒʃɪ# | *#bˌarðmˈaːʃ# {GOLD: >*} | *#bˌaɾðmˈaːʃ# | *#bəɾðmˈaʃ# | *#bəɾðmˈaʃ# | *#bəɾðmˈaʃ# {GOLD: #baɾmˈaʃ#}
414    | ... | ... | ... | ... | ... | ... | #bˈɑtjʊ# | *#bˈɑ?1̊ʊ# | *#bˈɑ?1̊ʊ# | *#bˈa?1̊# {GOLD: >*} | *#bˈa?1̊# | *#bˈa?1̊# | *#bˈa?1̊# | *#bˈa?1̊# {GOLD: #bˈac#}
415    | ... | ... | ... | ... | ... | ... | ... | ... | #bˈɑbɑ# | *#bˈabə# {GOLD: >*} | *#bˈabə# | *#bˈabə# | *#bˈabə# | *#bˈabə# {GOLD: #bˈabə#}
416    | ... | ... | ... | ... | ... | ... | #bˌɒɡˈɑtɑ# | *#bˌɒɡˈɑtɑ# | *#bˌɒɡˈɑtɑ# | *#bˌaɡˈatə# {GOLD: #bˌɒɡˈatə#} | *#bˌaɡˈatə# | *#bəɡˈatə# | *#bəɡˈatə# | *#bəɡˈatə# {GOLD: #bəɡˈatə#}
417    | ... | ... | ... | ... | ... | ... | ... | ... | #bˌərt͡ʃˈikʊ# | *#bˌərt͡ʃˈik# {GOLD: >*} | *#bˌəɾt͡ʃˈik# | *#bəɾt͡ʃˈik# | *#bəɾt͡ʃˈik# | *#bəɾt͡ʃˈik# {GOLD: #bəɾt͡ʃˈik#}
418    | ... | ... | ... | ... | ... | ... | #brˌæstɪnˈikʊ# | *#brˌæʃtɪnˈikʊ# | *#brˌæʃtɪnˈikʊ# | *#brˌɛʃtnˈik# {GOLD: #bˌɾ̩ʃtnˈik#} | *#bɾˌɛʃtnˈik# | *#bɾəʃtnˈik# | *#bɾət͡ʃtnˈik# | *#bɾət͡ʃtnˈik# {GOLD: #bəɾʃnˈik#}
419    | ... | ... | ... | ... | ... | ... | #bˌʊrtwˈɑtɪ# | *#bˌʊrtwˈɑtɪ# | *#bˌʊrtwˈɑtɪ# | *#bˌʊrtvˈat# {GOLD: >*} | *#bˌʊɾtvˈat# | *#bəɾtvˈat# | *#bəɾtvˈat# | *#bəɾtvˈat# {GOLD: #bəɾtˈat#}
420    | ... | ... | ... | ... | ... | ... | #bˌærd͡zˈɑnɑ# | *#bˌærd͡zˈɑnɑ# | *#bˌærd͡zˈɑnɑ# | *#bˌɛrd͡zˈãːnə# {GOLD: #bˌɾ̩zˈãɾ̃ə#} | *#bˌɛɾd͡zˈəːɾə# | *#bəɾd͡zˈəɾə# | *#bəɾd͡zˈəɾə# | *#bəɾd͡zˈəɾə# {GOLD: #bəɾzˈəɾə#}
421    | ... | ... | ... | ... | ... | ... | ... | ... | #bˌɪrzˈɛʃtɑ# | *#bˌɪrzˈɛːʃtə# {GOLD: >*} | *#bˌɪɾzˈɛːʃtə# | *#bəɾzˈɛʃtə# | *#bəɾzˈɛt͡ʃtə# | *#bəɾzˈɛt͡ʃtə# {GOLD: #bəɾzˈɛʃtə#}
422    | ... | ... | ... | ... | ... | ... | ... | ... | #bˌælˈɛβɑ# | *#bˌɛlˈɛːvə# {GOLD: >*} | *#bˌɛlˈɛːvə# | *#bəlˈɛvə# | *#bəlˈɛvə# | *#bəlˈɛvə# {GOLD: #bɛlˈɛvə#}
423    | ... | ... | ... | ... | ... | ... | #bˌɛlbˈit͡sɑ# | *#bˌɛlbˈit͡sɑ# | *#bˌɛlbˈit͡sɑ# | *#bˌɛlbˈiːt͡sə# {GOLD: #bˌɛlbˈit͡sə#} | *#bˌɛlbˈiːt͡sə# | *#bəlbˈit͡sə# | *#bəlbˈit͡sə# | *#bəlbˈit͡sə# {GOLD: #bɛlbˈit͡sə#}
424    | ... | ... | ... | ... | ... | ... | ... | ... | #bˌɛlβˈit͡sɑ# | *#bˌɛlvˈiːt͡sə# {GOLD: >*} | *#bˌɛlvˈiːt͡sə# | *#bəlvˈit͡sə# | *#bəlvˈit͡sə# | *#bəlvˈit͡sə# {GOLD: #bɛlvˈit͡sə#}
425    | ... | ... | ... | ... | ... | ... | ... | #bˌæləɡrˈɑt# | *#bˌæləɡrˈɑt# | *#bˌɛlɡrˈat# {GOLD: >*} | *#bˌɛlɡɾˈat# | *#bəlɡɾˈat# | *#bəlɡɾˈat# | *#bəlɡɾˈat# {GOLD: #bɛɾˈat#}
426    | ... | ... | ... | ... | ... | ... | ... | ... | #bˈælʊkɑ# | *#bˈɛːʎkə# {GOLD: >*} | *#bˈɛːʎkə# | *#bˈɛjkə# | *#bˈɛjkə# | *#bˈɛjkə# {GOLD: #bˈɛjkə#}
427    | ... | ... | ... | ... | ... | ... | ... | ... | #bˈælʊ# | *#bˈɛːl# {GOLD: >*} | *#bˈɛːl# | *#bˈɛl# | *#bˈɛl# | *#bˈɛl# {GOLD: #bˈɛl#}
428    | ... | ... | ... | ... | ... | ... | ... | ... | #bˈælit͡sɑ# | *#bˈɛːlit͡sə# {GOLD: >*} | *#bˈɛːlit͡sə# | *#bˈɛlit͡sə# | *#bˈɛlit͡sə# | *#bˈɛlit͡sə# {GOLD: #bˈɛlt͡sə#}
429    | ... | ... | ... | ... | ... | ... | #ˌɒbʊwˈɪrtkʊ# | *#ˌɒbʊwˈɪrtkʊ# | *#ˌɒbʊwˈɪrtkʊ# | *#hˌabwˈɪːrtk# {GOLD: >*} | *#hˌabwˈɪːɾtk# | *#həbwˈɪɾtk# | *#həbwˈɪɾtk# | *#həbwˈɪɾtk# {GOLD: #bˈɛɾk#}
430    | ... | ... | ... | ... | ... | ... | #bˌæsɪnˈit͡sɑ# | *#bˌæʃɪnˈit͡sɑ# | *#bˌæʃɪnˈit͡sɑ# | *#bˌɛʒnˈiːt͡sə# {GOLD: >*} | *#bˌɛʒnˈiːt͡sə# | *#bəʒnˈit͡sə# | *#bəʒnˈit͡sə# | *#bəʒnˈit͡sə# {GOLD: #biʃnˈit͡sə#}
431    | ... | ... | ... | ... | ... | ... | ... | #bˌɛsˈædɑ# | *#bˌɛsˈædɑ# | *#bˌɛsˈɛdə# {GOLD: #bisˈɛdə#} | *#bˌɛsˈɛdə# | *#bəsˈɛdə# | *#bəsˈɛdə# | *#bəsˈɛdə# {GOLD: #bisˈɛdə#}
432    | ... | ... | ... | ... | ... | ... | ... | ... | #bˌɨstrˈit͡sɑ# | *#bˌistrˈiːt͡sə# {GOLD: >*} | *#bˌistɾˈiːt͡sə# | *#bəstɾˈit͡sə# | *#bəstɾˈit͡sə# | *#bəstɾˈit͡sə# {GOLD: #bistɾˈit͡sə#}
433    | ... | ... | ... | ... | ... | ... | #bˈit͡ʃɪkʊ# | *#bˈi?2ɪkʊ# | *#bˈi?2ɪkʊ# | *#bˈiː?2k# {GOLD: #bˈisk#} | *#bˈiː?2k# | *#bˈi?2k# | *#bˈi?2k# | *#bˈi?2k# {GOLD: #bˈisk#}
434    | ... | ... | ... | ... | ... | ... | ... | ... | #bˈɨstrʊ# | *#bˈiːstr# {GOLD: >*} | *#bˈiːstɾ# | *#bˈistɾ# | *#bˈistɾ# | *#bˈistɾ# {GOLD: #bˈistəɾ#}
435    | ... | ... | ... | ... | ... | ... | ... | ... | #bˌɒɡˈɒβɑ# | *#bˌaɡˈaːvə# {GOLD: >*} | *#bˌaɡˈaːvə# | *#bəɡˈavə# | *#bəɡˈavə# | *#bəɡˈavə# {GOLD: #bɔɡˈɔvə#}
436    | ... | ... | ... | ... | ... | ... | ... | ... | #bˌɒrˈikɑ# | *#bˌarˈikə# {GOLD: >*} | *#bˌaɾˈikə# | *#bəɾˈikə# | *#bəɾˈikə# | *#bəɾˈikə# {GOLD: #bɔɾˈiɡə#}
437    | ... | ... | ... | ... | ... | ... | ... | ... | #bˈɒlɪbɑ# | *#bˈaːlbə# {GOLD: >*} | *#bˈaːlbə# | *#bˈalbə# | *#bˈalbə# | *#bˈalbə# {GOLD: #bˈɔlbə#}
438    | ... | ... | ... | ... | ... | ... | #bˌɯwɒlˈit͡sɑ# | *#bˌɯwɒlˈit͡sɑ# | *#bˌɯwɒlˈit͡sɑ# | *#bˌuwalˈiːt͡sə# {GOLD: #bˌuo̯lˠˈit͡sə#} | *#bˌuwalˈiːt͡sə# | *#bˌuwəlˈit͡sə# | *#buwəlˈit͡sə# | *#buwəlˈit͡sə# {GOLD: #bua̯lˠˈit͡sə#}
439    | ... | ... | ... | ... | ... | ... | #bˌʊrlˈɒɡʊ# | *#bˌʊrlˈɒɡʊ# | *#bˌʊrlˈɒɡʊ# | *#bˌʊrlˈaɡ# {GOLD: >*} | *#bˌʊɾlˈaɡ# | *#bəɾlˈaɡ# | *#bəɾlˈaɡ# | *#bəɾlˈaɡ# {GOLD: #bulˠˈɔɡ#}
440    | ... | ... | ... | ... | ... | ... | ... | ... | #bˌut͡ʃˈɑtɪ# | *#bˌut͡ʃˈat# {GOLD: >*} | *#bˌut͡ʃˈat# | *#bət͡ʃˈat# | *#bət͡ʃˈat# | *#bət͡ʃˈat# {GOLD: #but͡ʃˈat#}
441    | ... | ... | ... | ... | ... | ... | #bˌɯstrˈit͡sɑ# | *#bˌɯʃtrˈit͡sɑ# | *#bˌɯʃtrˈit͡sɑ# | *#bˌuʃtrˈiːt͡sə# {GOLD: #bˌuʃtɾˈit͡sə#} | *#bˌuʃtɾˈiːt͡sə# | *#bəʃtɾˈit͡sə# | *#bət͡ʃtɾˈit͡sə# | *#bət͡ʃtɾˈit͡sə# {GOLD: #buʃtɾˈit͡sə#}
442    | ... | ... | ... | ... | ... | ... | #bˈɯwɒlʊ# | *#bˈɯwɒlʊ# | *#bˈɯwɒlʊ# | *#bˈuwal# {GOLD: #bˈuo̯lˠ#} | *#bˈuwal# | *#bˈuwal# | *#bˈuwal# | *#bˈuwal# {GOLD: #bˈua̯lˠ#}
443    | ... | ... | ... | ... | ... | ... | #bˈɯstrʊ# | *#bˈɯʃtrʊ# | *#bˈɯʃtrʊ# | *#bˈuːʃtr# {GOLD: >*} | *#bˈuːʃtɾ# | *#bˈuʃtɾ# | *#bˈut͡ʃtɾ# | *#bˈut͡ʃtɾ# {GOLD: #bˈuʃtəɾ#}
444    | ... | ... | ... | ... | ... | ... | ... | ... | #blˈɑnɑ# | *#blˈãːnə# {GOLD: >*} | *#blˈəːɾə# | *#blˈəɾə# | *#blˈəɾə# | *#blˈəɾə# {GOLD: #blˈanə#}
445    | ... | ... | ... | ... | ... | ... | ... | #bˌælˈuʃɪ# | *#bˌælˈuʃɪ# | *#bˌɛlˈuːʃ# {GOLD: #bˌɛlˈuʃ#} | *#bˌɛlˈuːʃ# | *#bəlˈuʃ# | *#bəlˈuʃ# | *#bəlˈuʃ# {GOLD: #blˈuʃ#}
446    | ... | ... | ... | ... | ... | ... | ... | #bʎˈudɒ# | *#bʎˈudɒ# | *#bʎˈudə# {GOLD: >*} | *#bʎˈudə# | *#bjˈudə# | *#bjˈudə# | *#bjˈudə# {GOLD: #blˈudə#}
447    | ... | ... | ... | ... | ... | ... | ... | ... | #blˈʊdɑ# | *#blˈʊdə# {GOLD: >*} | *#blˈʊdə# | *#blˈʊdə# | *#blˈʊdə# | *#blˈʊdə# {GOLD: #blˈudə#}
448    | ... | ... | ... | ... | ... | ... | ... | ... | #brˈɑzdɑ# | *#brˈaːzdə# {GOLD: >*} | *#bɾˈaːzdə# | *#bɾˈazdə# | *#bɾˈazdə# | *#bɾˈazdə# {GOLD: #bɾˈazə#}
449    | ... | ... | ... | ... | ... | ... | ... | ... | #brˈɑnɑ# | *#brˈãːnə# {GOLD: >*} | *#bɾˈəːɾə# | *#bɾˈəɾə# | *#bɾˈəɾə# | *#bɾˈəɾə# {GOLD: #bɾˈanə#}
450    | ... | ... | ... | ... | ... | ... | ... | ... | #brˈɑβɑ# | *#brˈaːvə# {GOLD: >*} | *#bɾˈaːvə# | *#bɾˈavə# | *#bɾˈavə# | *#bɾˈavə# {GOLD: #bɾˈavə#}
451    | ... | ... | ... | ... | ... | ... | ... | ... | #brˈæɡʊ# | *#brˈɛɡ# {GOLD: >*} | *#bɾˈɛɡ# | *#bɾˈɛɡ# | *#bɾˈɛɡ# | *#bɾˈɛɡ# {GOLD: #bɾˈɛɡ#}
452    | ... | ... | ... | ... | ... | ... | #brˈit͡ʃɪkʊ# | *#brˈi?2ɪkʊ# | *#brˈi?2ɪkʊ# | *#brˈiː?2k# {GOLD: #bɾˈisk#} | *#bɾˈiː?2k# | *#bɾˈi?2k# | *#bɾˈi?2k# | *#bɾˈi?2k# {GOLD: #bɾˈisk#}
453    | ... | ... | ... | ... | ... | ... | #brˈit͡ʃɪkɑ# | *#brˈi?2ɪkɑ# | *#brˈi?2ɪkɑ# | *#brˈiː?2kə# {GOLD: #bɾˈiskə#} | *#bɾˈiː?2kə# | *#bɾˈi?2kə# | *#bɾˈi?2kə# | *#bɾˈi?2kə# {GOLD: #bɾˈiskə#}
454    | ... | ... | ... | ... | ... | ... | #xˈɒldʊ# | *#xˈɒldʊ# | *#xˈɒldʊ# | *#xˈaːld# {GOLD: >*} | *#hˈaːld# | *#hˈald# | *#hˈald# | *#hˈald# {GOLD: #flˠˈad#}
455    | ... | ... | ... | ... | ... | ... | #wˌɒlkˈɒwʊ# | *#wˌɒlkˈɒwʊ# | *#wˌɒlkˈɒwʊ# | *#wˌaʎkˈaw# {GOLD: >*} | *#wˌaʎkˈaw# | *#wəjkˈaw# | *#wəjkˈaw# | *#wəjkˈaw# {GOLD: #valˠkˈua̯#}
456    | ... | ... | ... | ... | ... | ... | #sʊwˌɪrstɪnˈikʊ# | *#ʃʊwˌɪrʃtɪnˈikʊ# | *#ʃʊwˌɪrʃtɪnˈikʊ# | *#ʃwˌɪrʃtnˈik# {GOLD: >*} | *#ʃwˌɪɾʃtnˈik# | *#ʃwəɾʃtnˈik# | *#ʃwəɾt͡ʃtnˈik# | *#ʃwəɾt͡ʃtnˈik# {GOLD: #vəʃnˈik#}
457    | ... | ... | ... | ... | ... | ... | #wˌɪrtˈætɪ# | *#wˌɪrtˈætɪ# | *#wˌɪrtˈætɪ# | *#wˌɪrtˈɛt# {GOLD: >*} | *#wˌɪɾtˈɛt# | *#wəɾtˈɛt# | *#wəɾtˈɛt# | *#wəɾtˈɛt# {GOLD: #vəɾtˈit#}
458    | ... | ... | ... | ... | ... | ... | ... | ... | #sʊβˌɪrstɪnˈikʊ# | *#svˌɪrstnˈik# {GOLD: >*} | *#svˌɪɾstnˈik# | *#svəɾstnˈik# | *#svəɾstnˈik# | *#svəɾstnˈik# {GOLD: #vəɾsnˈik#}
459    | ... | ... | ... | ... | ... | ... | #wˌɪrwˈitɪ# | *#wˌɪrwˈitɪ# | *#wˌɪrwˈitɪ# | *#wˌɪrvˈit# {GOLD: >*} | *#wˌɪɾvˈit# | *#wəɾvˈit# | *#wəɾvˈit# | *#wəɾvˈit# {GOLD: #vəɾvˈit#}
460    | ... | ... | ... | ... | ... | ... | #wˌɪrbɪnˈikʊ# | *#wˌɪrbɪnˈikʊ# | *#wˌɪrbɪnˈikʊ# | *#wˌɪrbnˈik# {GOLD: >*} | *#wˌɪɾbnˈik# | *#wəɾbnˈik# | *#wəɾbnˈik# | *#wəɾbnˈik# {GOLD: #vəɾmˈik#}
461    | ... | ... | ... | ... | ... | ... | ... | ... | #βrˈət͡ʃβɑ# | *#vrˈəːt͡ʃvə# {GOLD: >*} | *#vɾˈəːt͡ʃvə# | *#vɾˈət͡ʃvə# | *#vɾˈət͡ʃvə# | *#vɾˈət͡ʃvə# {GOLD: #vˈəɾt͡ʃə#}
462    | ... | ... | ... | ... | ... | ... | ... | ... | #βˈɪrstɑ# | *#vˈɪːrstə# {GOLD: >*} | *#vˈɪːɾstə# | *#vˈɪɾstə# | *#vˈɪɾstə# | *#vˈɪɾstə# {GOLD: #vˈəɾsə#}
463    | ... | ... | ... | ... | ... | ... | ... | #βˌɛlˈɛnt͡sa# | *#βˌɛlˈɛnt͡sa# | *#vˌɛlˈɛ̃ːt͡sə# {GOLD: >*} | *#vˌɛlˈɛ̃ːt͡sə# | *#vəlˈɛt͡sə# | *#vəlˈɛt͡sə# | *#vəlˈɛt͡sə# {GOLD: #vɛlˈɛnd͡zə#}
464    | ... | ... | ... | ... | ... | ... | ... | ... | #βˈædrɒ# | *#vˈɛdrə# {GOLD: >*} | *#vˈɛdɾə# | *#vˈɛdɾə# | *#vˈɛdɾə# | *#vˈɛdɾə# {GOLD: #vˈɛdəɾ#}
465    | ... | ... | ... | ... | ... | ... | #wˌirˈɒwʊ# | *#wˌirˈɒwʊ# | *#wˌirˈɒwʊ# | *#wˌirˈaw# {GOLD: #βˌiɾˈuo̯#} | *#wˌiɾˈaw# | *#wəɾˈaw# | *#wəɾˈaw# | *#wəɾˈaw# {GOLD: #viɾˈua̯#}
466    | ... | ... | ... | ... | ... | ... | ... | ... | #βˈiʃɪɲɑ# | *#vˈiːʒɲə# {GOLD: >*} | *#vˈiːʒɲə# | *#vˈiʒɲə# | *#vˈiʒɲə# | *#vˈiʒɲə# {GOLD: #vˈiʃɲə#}
467    | ... | ... | ... | ... | ... | ... | ... | ... | #βˈɨdrɑ# | *#vˈidrə# {GOLD: >*} | *#vˈidɾə# | *#vˈidɾə# | *#vˈidɾə# | *#vˈidɾə# {GOLD: #vˈidəɾ#}
468    | ... | ... | ... | ... | ... | ... | ... | ... | #βˈiskʊ# | *#vˈiːsk# {GOLD: >*} | *#vˈiːsk# | *#vˈisk# | *#vˈisk# | *#vˈisk# {GOLD: #vˈisk#}
469    | ... | ... | ... | ... | ... | ... | #ˈɒkɒlʊ# | *#ˈɒkɒlʊ# | *#ˈɒkɒlʊ# | *#hˈakal# {GOLD: >*} | *#hˈakal# | *#hˈakal# | *#hˈakal# | *#hˈakal# {GOLD: #vˈɔkulˠ#}
470    | ... | ... | ... | ... | ... | ... | ... | ... | #wˈɒʎɑ# | *#wˈaːʎə# {GOLD: >*} | *#wˈaːʎə# | *#wˈajə# | *#wˈajə# | *#wˈajə# {GOLD: #vˈɔlə#}
471    | ... | ... | ... | ... | ... | ... | #ˈɒbɑɡ# | *#ˈɒbɑɡ# | *#ˈɒbɑɡ# | *#hˈabaɡ# {GOLD: #βˈɒbəɡ#} | *#hˈabaɡ# | *#hˈabaɡ# | *#hˈabaɡ# | *#hˈabaɡ# {GOLD: #vˈɔbəɡ#}
472    | ... | ... | ... | ... | ... | ... | #wˌʊlkɒdlˈɑkʊ# | *#wˌʊlkɒdlˈɑkʊ# | *#wˌʊlkɒdlˈɑkʊ# | *#wˌʊʎkadlˈak# {GOLD: >*} | *#wˌʊʎkadlˈak# | *#wˌʊjkədlˈak# | *#wʊjkədlˈak# | *#wʊjkədlˈak# {GOLD: #vuɾkɔlˠˈak#}
473    | ... | ... | ... | ... | ... | ... | #wˈɒrnʊ# | *#wˈɒrnʊ# | *#wˈɒrnʊ# | *#wˈaːrn# {GOLD: #βɾˈɑ̃ɾ̃#} | *#wˈaːɾn# | *#wˈaɾn# | *#wˈaɾn# | *#wˈaɾn# {GOLD: #vɾˈəɾ#}
474    | ... | ... | ... | ... | ... | ... | ... | ... | #βˈərlʊ# | *#vˈəːrl# {GOLD: >*} | *#vˈəːɾl# | *#vˈəɾl# | *#vˈəɾl# | *#vˈəɾl# {GOLD: #vɾˈulˠ#}
475    | ... | ... | ... | ... | ... | ... | #ˌɒwɪrˈɑɡɑ# | *#ˌɒwɪrˈɑɡɑ# | *#ˌɒwɪrˈɑɡɑ# | *#hˌawrˈaɡə# {GOLD: >*} | *#hˌawɾˈaɡə# | *#həwɾˈaɡə# | *#həwɾˈaɡə# | *#həwɾˈaɡə# {GOLD: #vrˈaɡə#}
476    | ... | ... | ... | ... | ... | ... | ... | ... | #mˌɑxnˈitɪ# | *#mˌaxnˈit# {GOLD: >*} | *#mˌahnˈit# | *#məhnˈit# | *#məhnˈit# | *#məhnˈit# {GOLD: #mahnˈit#}
477    | ... | ... | ... | ... | ... | ... | #mˌɒtˈɯkɑ# | *#mˌɒtˈɯkɑ# | *#mˌɒtˈɯkɑ# | *#mˌatˈukə# {GOLD: >*} | *#mˌatˈukə# | *#mətˈukə# | *#mətˈukə# | *#mətˈukə# {GOLD: #matˈukə#}
478    | ... | ... | ... | ... | ... | ... | ... | ... | #mˌɑrˈænɑ# | *#mˌarˈɛ̃ːnə# {GOLD: >*} | *#mˌaɾˈɛ̃ːɾə# | *#məɾˈɛɾə# | *#məɾˈɛɾə# | *#məɾˈɛɾə# {GOLD: #maɾˈɛnə#}
479    | ... | ... | ... | ... | ... | ... | ... | ... | #mˈɑkʊ# | *#mˈak# {GOLD: >*} | *#mˈak# | *#mˈak# | *#mˈak# | *#mˈak# {GOLD: #mˈak#}
480    | ... | ... | ... | ... | ... | ... | ... | ... | #mˈɑt͡ʃɑ# | *#mˈaːt͡ʃə# {GOLD: >*} | *#mˈaːt͡ʃə# | *#mˈat͡ʃə# | *#mˈat͡ʃə# | *#mˈat͡ʃə# {GOLD: #mˈat͡ʃə#}
481    | ... | ... | ... | ... | ... | ... | ... | ... | #mˈɑtʊkɑ# | *#mˈatkə# {GOLD: >*} | *#mˈatkə# | *#mˈatkə# | *#mˈatkə# | *#mˈatkə# {GOLD: #mˈatkə#}
482    | ... | ... | ... | ... | ... | ... | ... | ... | #mˈɑt͡sɑ# | *#mˈaːt͡sə# {GOLD: >*} | *#mˈaːt͡sə# | *#mˈat͡sə# | *#mˈat͡sə# | *#mˈat͡sə# {GOLD: #mˈat͡sə#}
483    | ... | ... | ... | ... | ... | ... | ... | ... | #mˈɑzɑ# | *#mˈaːzə# {GOLD: >*} | *#mˈaːzə# | *#mˈazə# | *#mˈazə# | *#mˈazə# {GOLD: #mˈazə#}
484    | ... | ... | ... | ... | ... | ... | #mˌɒɡˈɯlɑ# | *#mˌɒɡˈɯlɑ# | *#mˌɒɡˈɯlɑ# | *#mˌaɡˈuːlə# {GOLD: >*} | *#mˌaɡˈuːlə# | *#məɡˈulə# | *#məɡˈulə# | *#məɡˈulə# {GOLD: #məɡˈulˠə#}
485    | ... | ... | ... | ... | ... | ... | #mˌɛrʃˈinɑ# | *#mˌɛrʃˈinɑ# | *#mˌɛrʃˈinɑ# | *#mˌɛrʃˈĩːnə# {GOLD: >*} | *#mˌɛɾʃˈĩːɾə# | *#məɾʃˈiɾə# | *#məɾʃˈiɾə# | *#məɾʃˈiɾə# {GOLD: #məɾʃˈinə#}
486    | ... | ... | ... | ... | ... | ... | ... | ... | #mˌərzˈitɪ# | *#mˌərzˈit# {GOLD: >*} | *#mˌəɾzˈit# | *#məɾzˈit# | *#məɾzˈit# | *#məɾzˈit# {GOLD: #məɾzˈit#}
487    | ... | ... | ... | ... | ... | ... | ... | ... | #mˌərmərˈitɪ# | *#mˌərmərˈit# {GOLD: >*} | *#mˌəɾmbəɾˈit# | *#mˌəɾmbəɾˈit# | *#məɾmbəɾˈit# | *#məɾmbəɾˈit# {GOLD: #məɾməɾˈit#}
488    | ... | ... | ... | ... | ... | ... | ... | ... | #mˌɛtˈɑdlɒ# | *#mˌɛtˈadlə# {GOLD: >*} | *#mˌɛtˈadlə# | *#mətˈadlə# | *#mətˈadlə# | *#mətˈadlə# {GOLD: #mɛtˈalɛ#}
489    | ... | ... | ... | ... | ... | ... | ... | ... | #mˈælɑ# | *#mˈɛːlə# {GOLD: >*} | *#mˈɛːlə# | *#mˈɛlə# | *#mˈɛlə# | *#mˈɛlə# {GOLD: #mˈɛlˠə#}
490    | ... | ... | ... | ... | ... | ... | ... | ... | #mˈærɑ# | *#mˈɛːrə# {GOLD: >*} | *#mˈɛːɾə# | *#mˈɛɾə# | *#mˈɛɾə# | *#mˈɛɾə# {GOLD: #mˈɛɾə#}
491    | ... | ... | ... | ... | ... | ... | #mˌælˈinʊkɑ# | *#mˌælˈinʊkɑ# | *#mˌælˈinʊkɑ# | *#mˌɛlˈĩːnkə# {GOLD: >*} | *#mˌɛlˈĩːnkə# | *#məlˈinkə# | *#məlˈinkə# | *#məlˈinkə# {GOLD: #milˈiŋɡə#}
492    | ... | ... | ... | ... | ... | ... | ... | ... | #mˈɨtɒ# | *#mˈitə# {GOLD: >*} | *#mˈitə# | *#mˈitə# | *#mˈitə# | *#mˈitə# {GOLD: #mˈitə#}
493    | ... | ... | ... | ... | ... | ... | ... | ... | #mˌɒtɒβˈidlɒ# | *#mˌatavˈidlə# {GOLD: >*} | *#mˌatavˈidlə# | *#mˌatəvˈidlə# | *#matəvˈidlə# | *#matəvˈidlə# {GOLD: #mɔtɔvˈilɛ#}
494    | ... | ... | ... | ... | ... | ... | #mˌɒldˈikɑ# | *#mˌɒldˈikɑ# | *#mˌɒldˈikɑ# | *#mˌaldˈikə# {GOLD: >*} | *#mˌaldˈikə# | *#məldˈikə# | *#məldˈikə# | *#məldˈikə# {GOLD: #mɔlˈikə#}
495    | ... | ... | ... | ... | ... | ... | #mˌʊdɪlˈitɪ# | *#mˌʊdɪlˈitɪ# | *#mˌʊdɪlˈitɪ# | *#mˌʊdlˈit# {GOLD: >*} | *#mˌʊdlˈit# | *#mədlˈit# | *#mədlˈit# | *#mədlˈit# {GOLD: #mɔlˈit#}
496    | ... | ... | ... | ... | ... | ... | ... | ... | #mˌɒlˈit͡sɑ# | *#mˌalˈiːt͡sə# {GOLD: >*} | *#mˌalˈiːt͡sə# | *#məlˈit͡sə# | *#məlˈit͡sə# | *#məlˈit͡sə# {GOLD: #mɔlˈit͡sə#}
497    | ... | ... | ... | ... | ... | ... | ... | ... | #mˌɒrˈɑt͡ʃɑ# | *#mˌarˈaːt͡ʃə# {GOLD: >*} | *#mˌaɾˈaːt͡ʃə# | *#məɾˈat͡ʃə# | *#məɾˈat͡ʃə# | *#məɾˈat͡ʃə# {GOLD: #mɔɾˈat͡ʃə#}
498    | ... | ... | ... | ... | ... | ... | #mˌɒrβˈit͡sɑ# | *#mˌɒrβˈit͡sɑ# | *#mˌɒrβˈit͡sɑ# | *#mˌarvˈiːt͡sə# {GOLD: >*} | *#mˌaɾvˈiːt͡sə# | *#məɾvˈit͡sə# | *#məɾvˈit͡sə# | *#məɾvˈit͡sə# {GOLD: #mɔɾɔvˈit͡sə#}
499    | ... | ... | ... | ... | ... | ... | ... | #mˌɒɾɒβˈinɑ# | *#mˌɒɾɒβˈinɑ# | *#mˌaɾavˈĩːnə# {GOLD: >*} | *#mˌaɾavˈĩːɾə# | *#mˌaɾəvˈiɾə# | *#maɾəvˈiɾə# | *#maɾəvˈiɾə# {GOLD: #mɔɾɔvˈinə#}
500    | ... | ... | ... | ... | ... | ... | ... | ... | #mˌɒrɪnˈit͡sɑ# | *#mˌarnˈiːt͡sə# {GOLD: >*} | *#mˌarˈiːt͡sə# | *#mərˈit͡sə# | *#mərˈit͡sə# | *#mərˈit͡sə# {GOLD: #mɔɾnˈit͡sə#}
501    | ... | ... | ... | ... | ... | ... | ... | ... | #mˈɒlɪ# | *#mˈaːl# {GOLD: >*} | *#mˈaːl# | *#mˈal# | *#mˈal# | *#mˈal# {GOLD: #mˈɔl#}
502    | ... | ... | ... | ... | ... | ... | ... | ... | #mˈɒrɑ# | *#mˈaːrə# {GOLD: >*} | *#mˈaːɾə# | *#mˈaɾə# | *#mˈaɾə# | *#mˈaɾə# {GOLD: #mˈɔɾə#}
503    | ... | ... | ... | ... | ... | ... | ... | #mˌʊʒˈɪ̃nɪskɑ# | *#mˌʊʒˈɪ̃nɪskɑ# | *#mˌʊʒˈɪː̃skə# {GOLD: >*} | *#mˌʊʒˈɪː̃skə# | *#məʒˈɪskə# | *#məʒˈɪskə# | *#məʒˈɪskə# {GOLD: #muʒˈənt͡skə#}
504    | ... | ... | ... | ... | ... | ... | #mˈʊzɡɒ# | *#mˈʊzɡɒ# | *#mˈʊzɡɒ# | *#mˈɔːʷzɡə# {GOLD: >*} | *#mˈɔːʷzɡə# | *#mˈʊzɡə# | *#mˈʊzɡə# | *#mˈʊzɡə# {GOLD: #mˈuzɡə#}
505    | ... | ... | ... | ... | ... | ... | ... | ... | #ˌɛmpˈɒrijɑ# | *#hˌɛ̃mpˈaːriː# {GOLD: >*} | *#hˌɛ̃mpˈaːɾiː# | *#həmpˈaɾi# | *#həmpˈaɾi# | *#həmpˈaɾi# {GOLD: #mbˈɔɾjɛ#}
506    | ... | ... | ... | ... | ... | ... | #ɪnbˌuxˈɑtɪ# | *#ɪnbˌuxˈɑtɪ# | *#ɪnbˌuxˈɑtɪ# | *#nbˌuxˈat# {GOLD: >*} | *#nbˌuhˈat# | *#nbəhˈat# | *#nbəhˈat# | *#nbəhˈat# {GOLD: #mbufˈat#}
507    | ... | ... | ... | ... | ... | ... | #ɪnpˈɒrzdɪnʊ# | *#ɪnpˈɒrzdɪnʊ# | *#ɪnpˈɒrzdɪnʊ# | *#npˈaːrzdn# {GOLD: >*} | *#npˈaːɾzdn# | *#npˈaɾzdn# | *#npˈaɾzdn# | *#npˈaɾzdn# {GOLD: #mbɾˈazən#}