INPUT,/kˌoɡnˈoːskit/,/kˌoɡnˈoːsket/,/kˌoɡnˈoːskɑt/,/kˌoɡnˈoːskeret/,/ɡnˈoːskit/,/ɡnˈoːsket/,/ɡnˈoːskɑt/,/ɡnˈoːskeret/,/kˌoɡnˈoːskitɑ/,/kˌoɡnˈoːsketɑ/,/kˌoɡnˈoːskɑtɑ/,/kˌoɡnˈoːskeretɑ/,/ɡnˈoːskitɑ/,/ɡnˈoːsketɑ/,/ɡnˈoːskɑtɑ/,/ɡnˈoːskeretɑ/,/kˌoɡnˈoskit/,/kˌoɡnˈosket/,/kˌoɡnˈoskɑt/,/kˌoɡnˈoskeret/,/ɡnˈoskit/,/ɡnˈosket/,/ɡnˈoskɑt/,/ɡnˈoskeret/,/kˌoɡnˈoskitɑ/,/kˌoɡnˈosketɑ/,/kˌoɡnˈoskɑtɑ/,/kˌoɡnˈoskeretɑ/,/ɡnˈoskitɑ/,/ɡnˈosketɑ/,/ɡnˈoskɑtɑ/,/ɡnˈoskeretɑ/,/kˈomputɑt/,/kˌomputˈɑskit/,/kˌomputˈoːskit/,/kˌomputˈɑskitɑ/,/kˌomputˈoːskitɑ/,/kˌomputˈɑːbit/,/kˈomputet/,/kˌomputˈɑːret/,/kˈomputɑtɑ/,/cˌomputˈɑːbitɑ/,/kˈomputetɑ/,/kˌomputˈɑːretɑ/,/fˈieret/,/fjˈeret/,/fˈiːɑt/,/fˈeret/,/fˈiːet/,/fˌiːet/,/fiˈeriː/,/fiˈeriːtɑ/,/fˈieretɑ/,/fjˈeretɑ/,/fˈiːɑtɑ/,/fˈeretɑ/,/fˈiːetɑ/,/fˌiːetɑ/,/wˈelit/,/wˈolit/,/wˈult/,/wˈolt/,/wˈeli/,/wˈoli/,/wˈul/,/wˈol/,/lˈeɡit/,/tˈempum/,/pˌermˌɑnnˌɑːrˈiːbit/,/pˌermˌɑnnˌɑːrˈiːbitɑ/,/pˌermˌɑnnˈɑːriet/,/pˌermˌɑnnˈɑːrietɑ/,/pˌermˌɑnnˈɑːriɑt/,/pˌermˌɑnnˈɑːriɑtɑ/,/pˌermˌɑnnˈɑːriret/,/pˌermˌɑnnˈɑːriretɑ/,/plˈɑket/,/plˈɑketɑ/,/plˌɑkˈeːbit/,/plˌɑkˈeːbitɑ/,/plˈɑkeɑt/,/plˈɑkeɑtɑ/,/plˌɑkˈeːretɑ/,/plˌɑkˈeːret/,/wˈentɑj/,/lˈokiː/,/lˈokɑ/,/lˈokuliː/,/wˌenˈiːtɑ/
R0,*/kˌoŋnˈoːskit/,*/kˌoŋnˈoːsket/,*/kˌoŋnˈoːskɑt/,*/kˌoŋnˈoːskeret/,*/ŋnˈoːskit/,*/ŋnˈoːsket/,*/ŋnˈoːskɑt/,*/ŋnˈoːskeret/,*/kˌoŋnˈoːskitɑ/,*/kˌoŋnˈoːsketɑ/,*/kˌoŋnˈoːskɑtɑ/,*/kˌoŋnˈoːskeretɑ/,*/ŋnˈoːskitɑ/,*/ŋnˈoːsketɑ/,*/ŋnˈoːskɑtɑ/,*/ŋnˈoːskeretɑ/,*/kˌoŋnˈoskit/,*/kˌoŋnˈosket/,*/kˌoŋnˈoskɑt/,*/kˌoŋnˈoskeret/,*/ŋnˈoskit/,*/ŋnˈosket/,*/ŋnˈoskɑt/,*/ŋnˈoskeret/,*/kˌoŋnˈoskitɑ/,*/kˌoŋnˈosketɑ/,*/kˌoŋnˈoskɑtɑ/,*/kˌoŋnˈoskeretɑ/,*/ŋnˈoskitɑ/,*/ŋnˈosketɑ/,*/ŋnˈoskɑtɑ/,*/ŋnˈoskeretɑ/,,,,,,,,,,,,,,,,,,,,,,,,,,,,,,,,,,,,,,,,,,,,,,,,,,,,,,,,,
R1,,,,,,,,,,,,,,,,,,,,,,,,,,,,,,,,,,,,,,,,,,,,,,,,,,,,,,,,,,,,,,,,,,,,,,,,,,,,,,,,,,,,,,,,,
R2,,,,,,,,,,,,,,,,,,,,,,,,,,,,,,,,,,,,,,,,,,,,,,,,,,,,,,,,,,,,,,,,,,,,,,,,,,,,,,,,,,,,,,,,,
R3,,,,,,,,,,,,,,,,,,,,,,,,,,,,,,,,,,,,,,,,,,,,,,,,,,,,,,,,,,,,,,,,,,,,,,,,,,,,,,,,,,,,,,,,,
R4,,,,,,,,,,,,,,,,,,,,,,,,,,,,,,,,,,,,,,,,,,,,,,,,,,,,,,,,,,,,,,,,,,,,,,,,,,,,,,,,,,,,,,,,,
R5,*/kˌoŋnˈoːski/,*/kˌoŋnˈoːske/,*/kˌoŋnˈoːskɑ/,*/kˌoŋnˈoːskere/,*/ŋnˈoːski/,*/ŋnˈoːske/,*/ŋnˈoːskɑ/,*/ŋnˈoːskere/,,,,,,,,,*/kˌoŋnˈoski/,*/kˌoŋnˈoske/,*/kˌoŋnˈoskɑ/,*/kˌoŋnˈoskere/,*/ŋnˈoski/,*/ŋnˈoske/,*/ŋnˈoskɑ/,*/ŋnˈoskere/,,,,,,,,,*/kˈomputɑ/,*/kˌomputˈɑski/,*/kˌomputˈoːski/,,,*/kˌomputˈɑːbi/,*/kˈompute/,*/kˌomputˈɑːre/,,,,,*/fˈiere/,*/fjˈere/,*/fˈiːɑ/,*/fˈere/,*/fˈiːe/,*/fˌiːe/,,,,,,,,,*/wˈeli/,*/wˈoli/,,,,,,,*/lˈeɡi/,,*/pˌermˌɑnnˌɑːrˈiːbi/,,*/pˌermˌɑnnˈɑːrie/,,*/pˌermˌɑnnˈɑːriɑ/,,*/pˌermˌɑnnˈɑːrire/,,*/plˈɑke/,,*/plˌɑkˈeːbi/,,*/plˈɑkeɑ/,,,*/plˌɑkˈeːre/,,,,,
R6,,,,,,,,,,,,,,,,,,,,,,,,,,,,,,,,,,,,,,,,,,,,,,,,,,,,,,,,,,,,,,,,,,,,*/tˈempu/,,,,,,,,,,,,,,,,,,,,,
R7,,,,,,,,,,,,,,,,,,,,,,,,,,,,,,,,,*/kˈumputɑ/,*/kˌumputˈɑski/,*/kˌumputˈoːski/,*/kˌumputˈɑskitɑ/,*/kˌumputˈoːskitɑ/,*/kˌumputˈɑːbi/,*/kˈumpute/,*/kˌumputˈɑːre/,*/kˈumputɑtɑ/,*/cˌumputˈɑːbitɑ/,*/kˈumputetɑ/,*/kˌumputˈɑːretɑ/,,,,,,,,,,,,,,,,,,,,,,,,,,,,,,,,,,,,,,,,,,,,,
R8,,,,,,,,,,,,,,,,,,,,,,,,,,,,,,,,,,,,,,,,,,,,,,,,,,,,,,,,,,,,,,,,,,,,,,,,,,,,,,,,,,,,,,,,,
R9,,,,,,,,,,,,,,,,,,,,,,,,,,,,,,,,,,,,,,,,,,,,,,,,,,,,,,,,,,,,,,,,,,,,,,,,,,,,,,,,,,,,,,,,,
R10,,,,,,,,,,,,,,,,,,,,,,,,,,,,,,,,,,,,,,,,,,,,,,,,,,,,,,,,,,,,,,,,,,,,,,,,,,,,,,,,,,,,,,,,,
R11,,,,,,,,,,,,,,,,,,,,,,,,,,,,,,,,,,,,,,,,,,,,,,,,,,,*/fjˈeriː/,*/fjˈeriːtɑ/,,,,,,,,,,,,,,,,,,,*/pˌermˌɑnnˈɑːrje/,*/pˌermˌɑnnˈɑːrjetɑ/,*/pˌermˌɑnnˈɑːrjɑ/,*/pˌermˌɑnnˈɑːrjɑtɑ/,,,,,,,*/plˈɑkjɑ/,*/plˈɑkjɑtɑ/,,,,,,,
R12,,,,,,,,,,,,,,,,,,,,,,,,,,,,,,,,,,,,,,,,,,,,,,,,,,,,,,,,,,,,,,,,,,,,,,,,,,,,,,,,,,,,,,,,,
R13,,,,,,,,,,,,,,,,,,,,,,,,,,,,,,,,,,,,,,,,,,,,,,,,,,,,,,,,,,,,,,,,,,,,,,,,,,,,,,,,,,,,,,,,,
R14,,,,,,,,,,,,,,,,,,,,,,,,,,,,,,,,,,,,,,,,,,,,,,,,,,,,,,,,,,,,,,,,,,,,,,,,,,,,,,,,,,,,,,,,,
R15,,,,,,,,,,,,,,,,,,,,,,,,,,,,,,,,,,,,,,,,,,,,,,,,,,,,,,,,,,,,,,,,,,,,,,,,,,,,,,,,,,,,,,,,,
R16,,,,,,,,,,,,,,,,,,,,,,,,,,,,,,,,,,,,,,,,,,,,,,,,,,,,,,,,,,,,,,,,,,,,,,,,,,,,,,,,,,,,,,,,,
R17,,,,,,,,,,,,,,,,,,,,,,,,,,,,,,,,,,,,,,,,,,,,,,,,,,,,,,,,,,,,,,,,,,,,,,,,,,,,,,,,,,,,,,,,,
R18,,,,,,,,,,,,,,,,,,,,,,,,,,,,,,,,,,,,,,,,,,,,,,,,,,,,,,,,,,,,,,,,,,,,,,,,,,,,,,,,,,,,,,,,,
R19,,,,,,,,,,,,,,,,,,,,,,,,,,,,,,,,,,,,,,,,,,,,,,,,,,,,,,,,,,,,,,,,,,,,,,,,,,,,,,,,,,,,,,,,,
R20,,,,,,,,,,,,,,,,,,,,,,,,,,,,,,,,,,,,,,,,,,,,,,,,,,,,,,,,,,,,,,,,,,,,,,,,,,,,,,,,,,,,,,,,,
R21,,,,,,,,,,,,,,,,,,,,,,,,,,,,,,,,,,,,,,,,,,,,,,,,,,,,,,,,,,,,,,,,,,,,,,,,,,,,,,,,,,,,,,,,,
R22,,,,,,,,,,,,,,,,,,,,,,,,,,,,,,,,,,,,,,,,,,,,,,,,,,,,,,,,,,,,,,,,,,,,,,,,,,,,,,,,,,,,,,,,,
R23,,,,,,,,,,,,*/kˌoŋnˈoːskˈeretɑ/,,,,*/ŋnˈoːskˈeretɑ/,,,,,,,,,,,,*/kˌoŋnˈoskˈeretɑ/,,,,*/ŋnˈoskˈeretɑ/,,,,,,,,,*/kˈumpˈutɑtɑ/,,*/kˈumpˈutetɑ/,,,,,,,,,,*/fˈiˈeretɑ/,,,,,*/fˈiːetɑ/,,,,,,,,,,,,,,,,,,*/pˌermˌɑnnˈɑːrˈiretɑ/,,,,,,,,,,,,,
R24,,,,,,,,,,,,,,,,,,,,,,,,,,,,,,,,,,,,,,,,,,,,,,,,,,,,,,,,,,,,,,,,,,,,,,,,,,,,,,,,,,,,,,,,,
R25,,,,,,,,,,,,,,,,,,,,,,,,,,,,,,,,,,,,,,,,,,,,,,,,,,,,,,,,,,,,*/wˈɒli/,,*/wˈɒlt/,,*/wˈɒli/,,*/wˈɒl/,,,,,,,,,,,,,,,,,,,,,,,
R26,,,,,,,,,,,,,,,,,,,,,,,,,,,,,,,,,,,,,,,,,,,,,,,,,,,,,,,,,,,,,,,,,,,,,,,,,,,,,,,,,,,,,,,,,
R27,,,,,,,,,,,,,,,,,,,,,,,,,,,,,,,,,,,,,,,,,,,,,,,,,,,,,,,,,,,,,,,,,,,,,,,,,,,,,,,,,,,,,,,,,
R28,,,,,,,,,,,,,,,,,,,,,,,,,,,,,,,,,,,,,,,,,,,,,,,,,,,,,,,,,,,,,,,,,,,,,,,,,,,,,,,,,,,,,,,,,
R29,,,,,,,,,,,,,,,,,,,,,,,,,,,,,,,,,,,,,,,,,,,,,,,,,,,,,,,,,,,,,,,,,,,,,,,,,,,,,,,,,,,,,,,,,
R30,*/kˌɔŋnˈoːskɪ/,*/kˌɔŋnˈoːskɛ/,*/kˌɔŋnˈoːskɑ/,*/kˌɔŋnˈoːskɛrɛ/,*/ŋnˈoːskɪ/,*/ŋnˈoːskɛ/,,*/ŋnˈoːskɛrɛ/,*/kˌɔŋnˈoːskɪtɑ/,*/kˌɔŋnˈoːskɛtɑ/,*/kˌɔŋnˈoːskɑtɑ/,*/kˌɔŋnˈoːskˈɛrɛtɑ/,*/ŋnˈoːskɪtɑ/,*/ŋnˈoːskɛtɑ/,,*/ŋnˈoːskˈɛrɛtɑ/,*/kˌɔŋnˈɔskɪ/,*/kˌɔŋnˈɔskɛ/,*/kˌɔŋnˈɔskɑ/,*/kˌɔŋnˈɔskɛrɛ/,*/ŋnˈɔskɪ/,*/ŋnˈɔskɛ/,*/ŋnˈɔskɑ/,*/ŋnˈɔskɛrɛ/,*/kˌɔŋnˈɔskɪtɑ/,*/kˌɔŋnˈɔskɛtɑ/,*/kˌɔŋnˈɔskɑtɑ/,*/kˌɔŋnˈɔskˈɛrɛtɑ/,*/ŋnˈɔskɪtɑ/,*/ŋnˈɔskɛtɑ/,*/ŋnˈɔskɑtɑ/,*/ŋnˈɔskˈɛrɛtɑ/,*/kˈʊmpʊtɑ/,*/kˌʊmpʊtˈɑskɪ/,*/kˌʊmpʊtˈoːskɪ/,*/kˌʊmpʊtˈɑskɪtɑ/,*/kˌʊmpʊtˈoːskɪtɑ/,*/kˌʊmpʊtˈɑːbɪ/,*/kˈʊmpʊtɛ/,*/kˌʊmpʊtˈɑːrɛ/,*/kˈʊmpˈʊtɑtɑ/,*/cˌʊmpʊtˈɑːbɪtɑ/,*/kˈʊmpˈʊtɛtɑ/,*/kˌʊmpʊtˈɑːrɛtɑ/,*/fˈɪɛrɛ/,*/fjˈɛrɛ/,,*/fˈɛrɛ/,*/fˈiːɛ/,*/fˌiːɛ/,*/fjˈɛriː/,*/fjˈɛriːtɑ/,*/fˈɪˈɛrɛtɑ/,*/fjˈɛrɛtɑ/,,*/fˈɛrɛtɑ/,*/fˈiːɛtɑ/,*/fˈiːɛtɑ/,*/wˈɛlɪ/,*/wˈɒlɪ/,*/wˈʊlt/,,*/wˈɛlɪ/,*/wˈɒlɪ/,*/wˈʊl/,,*/lˈɛɡɪ/,*/tˈɛmpʊ/,*/pˌɛrmˌɑnnˌɑːrˈiːbɪ/,*/pˌɛrmˌɑnnˌɑːrˈiːbɪtɑ/,*/pˌɛrmˌɑnnˈɑːrjɛ/,*/pˌɛrmˌɑnnˈɑːrjɛtɑ/,*/pˌɛrmˌɑnnˈɑːrjɑ/,*/pˌɛrmˌɑnnˈɑːrjɑtɑ/,*/pˌɛrmˌɑnnˈɑːrɪrɛ/,*/pˌɛrmˌɑnnˈɑːrˈɪrɛtɑ/,*/plˈɑkɛ/,*/plˈɑkɛtɑ/,*/plˌɑkˈeːbɪ/,*/plˌɑkˈeːbɪtɑ/,,,*/plˌɑkˈeːrɛtɑ/,*/plˌɑkˈeːrɛ/,*/wˈɛntɑj/,*/lˈɔkiː/,*/lˈɔkɑ/,*/lˈɔkʊliː/,*/wˌɛnˈiːtɑ/
R31,,,,,,,,,,,,,,,,,,,,,,,,,,,,,,,,,,,,,,,,,,,,,,,*/fˈiɑ/,,*/fˈiɛ/,*/fˌiɛ/,*/fjˈɛri/,*/fjˈɛritɑ/,,,*/fˈiɑtɑ/,,*/fˈiɛtɑ/,*/fˈiɛtɑ/,,,,,,,,,,,*/pˌɛrmˌɑnnˌɑːrˈibɪ/,*/pˌɛrmˌɑnnˌɑːrˈibɪtɑ/,,,,,,,,,,,,,,,,*/lˈɔki/,,*/lˈɔkʊli/,*/wˌɛnˈitɑ/
R32,,,,,,,,,,,,,,,,,,,,,,,,,,,,,,,,,,,,,,,,,,,,,,,,,,,,,,,,,,,,,,,,,,,,,,,,,,,,,,,,,,,,,,,,,
R33,,,,,,,,,,,,*/kˌɔŋnˈoːskɛrɛtɑ/,,,,*/ŋnˈoːskɛrɛtɑ/,,,,,,,,,,,,*/kˌɔŋnˈɔskɛrɛtɑ/,,,,*/ŋnˈɔskɛrɛtɑ/,,,,,,,,,*/kˈʊmpʊtɑtɑ/,,*/kˈʊmpʊtɛtɑ/,,,,,,,,,,*/fˈɪɛrɛtɑ/,,,,,,,,,,,,,,,,,,,,,,,*/pˌɛrmˌɑnnˈɑːrɪrɛtɑ/,,,,,,,,,,,,,
R34,,,,,,,,,,,,,,,,,,,,,,,,,,,,,,,,,,,,,,,,,,,,,,,,,,,,,,,,,,,,,,,,,,,,,,,,*/pˌɛrmˈɑnnɑːrjɛtɑ/,,*/pˌɛrmˈɑnnɑːrjɑtɑ/,*/pˌɛrmˈɑnnɑːrɪrɛ/,*/pˌɛrmˈɑnnɑːrɪrɛtɑ/,,,,,,,,,,,,,
R35,*/kˌʊŋnˈoːskɪ/,*/kˌʊŋnˈoːskɛ/,*/kˌʊŋnˈoːskɑ/,*/kˌʊŋnˈoːskɛrɛ/,,,,,*/kˌʊŋnˈoːskɪtɑ/,*/kˌʊŋnˈoːskɛtɑ/,*/kˌʊŋnˈoːskɑtɑ/,*/kˌʊŋnˈoːskɛrɛtɑ/,,,,,*/kˌʊŋnˈɔskɪ/,*/kˌʊŋnˈɔskɛ/,*/kˌʊŋnˈɔskɑ/,*/kˌʊŋnˈɔskɛrɛ/,,,,,*/kˌʊŋnˈɔskɪtɑ/,*/kˌʊŋnˈɔskɛtɑ/,*/kˌʊŋnˈɔskɑtɑ/,*/kˌʊŋnˈɔskɛrɛtɑ/,,,,,,,,,,,,,,,,,,,,,,,,,,,,,,,,,,,,,,,,,,,,,,,,,,,,,,,,,,,,,
R36,,,,,,,,,,,,,,,,,*/kˌʊŋnˈɒskɪ/,*/kˌʊŋnˈɒskɛ/,*/kˌʊŋnˈɒskɑ/,*/kˌʊŋnˈɒskɛrɛ/,*/ŋnˈɒskɪ/,*/ŋnˈɒskɛ/,*/ŋnˈɒskɑ/,*/ŋnˈɒskɛrɛ/,*/kˌʊŋnˈɒskɪtɑ/,*/kˌʊŋnˈɒskɛtɑ/,*/kˌʊŋnˈɒskɑtɑ/,*/kˌʊŋnˈɒskɛrɛtɑ/,*/ŋnˈɒskɪtɑ/,*/ŋnˈɒskɛtɑ/,*/ŋnˈɒskɑtɑ/,*/ŋnˈɒskɛrɛtɑ/,,,,,,,,,,,,,,,,,,,,,,,,,,,,,,,,,,,,,,,,,,,,,,,,,,,,,,*/lˈɒki/,*/lˈɒkɑ/,*/lˈɒkʊli/,
R37,,,,,,,,,,,,,,,,,,,,,,,,,,,,,,,,,,,,,,,,,,,,,,,,,,,,,,,,,,,,,,,,,,,,,,,,,,,,,,,,,,,,,,,,,
R38,,,,,,,,,,,,,,,,,,,,,,,,,,,,,,,,,,,,,,,,,,,,,,,,,,,,,,,,,,,,,,,,,,,,,,,,,,,,,,,,,,,,,,,,,
R39,,,,,,,,,,,,,,,,,,,,,,,,,,,,,,,,,,,,,,,,,,*/cˌʊmpʊtˈɑːbʊtɑ/,,,,,,,,,,,,,,,,,,,,,,,,,,,,*/pˌɛrmˌɑnnˌɑːrˈibʊtɑ/,,,,,,,,,,*/plˌɑkˈeːbʊtɑ/,,,,,,,,,
R40,,,,,,,,,,,,,,,,,,,,,,,,,,,,,,,,,,,,,,,,,,,,,,,,,,,,,,,,,,,,,,,,,,,,,,,,,,,,,,,,,,,,,,,,,
R41,,,,,,,,,,,,,,,,,,,,,,,,,,,,,,,,,,,,,,*/kˌʊmpʊtˈɑːβɪ/,,,,*/cˌʊmpʊtˈɑːβʊtɑ/,,,,,,,,,,,,,,,,,,,,,,,,,,,*/pˌɛrmˌɑnnˌɑːrˈiβɪ/,*/pˌɛrmˌɑnnˌɑːrˈiβʊtɑ/,,,,,,,,,*/plˌɑkˈeːβɪ/,*/plˌɑkˈeːβʊtɑ/,,,,,,,,,
R42,,,,,,,,,,,,,,,,,,,,,,,,,,,,,,,,,,,,,,,,,,,,,,,,,,,,,,,,,,,,,,,,,,,,,,,,,,,,,,,,,,,,,,,,,
=Middle Proto-Albanian I,null*/kˌʊŋnˈoːskɪ/,null*/kˌʊŋnˈoːskɛ/,null*/kˌʊŋnˈoːskɑ/,null*/kˌʊŋnˈoːskɛrɛ/,null*/ŋnˈoːskɪ/,null*/ŋnˈoːskɛ/,null*/ŋnˈoːskɑ/,null*/ŋnˈoːskɛrɛ/,null*/kˌʊŋnˈoːskɪtɑ/,null*/kˌʊŋnˈoːskɛtɑ/,null*/kˌʊŋnˈoːskɑtɑ/,null*/kˌʊŋnˈoːskɛrɛtɑ/,null*/ŋnˈoːskɪtɑ/,null*/ŋnˈoːskɛtɑ/,null*/ŋnˈoːskɑtɑ/,null*/ŋnˈoːskɛrɛtɑ/,null*/kˌʊŋnˈɒskɪ/,null*/kˌʊŋnˈɒskɛ/,null*/kˌʊŋnˈɒskɑ/,null*/kˌʊŋnˈɒskɛrɛ/,null*/ŋnˈɒskɪ/,null*/ŋnˈɒskɛ/,null*/ŋnˈɒskɑ/,null*/ŋnˈɒskɛrɛ/,null*/kˌʊŋnˈɒskɪtɑ/,null*/kˌʊŋnˈɒskɛtɑ/,null*/kˌʊŋnˈɒskɑtɑ/,null*/kˌʊŋnˈɒskɛrɛtɑ/,null*/ŋnˈɒskɪtɑ/,null*/ŋnˈɒskɛtɑ/,null*/ŋnˈɒskɑtɑ/,null*/ŋnˈɒskɛrɛtɑ/,null*/kˈʊmpʊtɑ/,null*/kˌʊmpʊtˈɑskɪ/,null*/kˌʊmpʊtˈoːskɪ/,null*/kˌʊmpʊtˈɑskɪtɑ/,null*/kˌʊmpʊtˈoːskɪtɑ/,null*/kˌʊmpʊtˈɑːβɪ/,null*/kˈʊmpʊtɛ/,null*/kˌʊmpʊtˈɑːrɛ/,null*/kˈʊmpʊtɑtɑ/,null*/cˌʊmpʊtˈɑːβʊtɑ/,null*/kˈʊmpʊtɛtɑ/,null*/kˌʊmpʊtˈɑːrɛtɑ/,null*/fˈɪɛrɛ/,null*/fjˈɛrɛ/,null*/fˈiɑ/,null*/fˈɛrɛ/,null*/fˈiɛ/,null*/fˌiɛ/,null*/fjˈɛri/,null*/fjˈɛritɑ/,null*/fˈɪɛrɛtɑ/,null*/fjˈɛrɛtɑ/,null*/fˈiɑtɑ/,null*/fˈɛrɛtɑ/,null*/fˈiɛtɑ/,null*/fˈiɛtɑ/,null*/wˈɛlɪ/,null*/wˈɒlɪ/,null*/wˈʊlt/,null*/wˈɒlt/,null*/wˈɛlɪ/,null*/wˈɒlɪ/,null*/wˈʊl/,null*/wˈɒl/,null*/lˈɛɡɪ/,null*/tˈɛmpʊ/,null*/pˌɛrmˌɑnnˌɑːrˈiβɪ/,null*/pˌɛrmˌɑnnˌɑːrˈiβʊtɑ/,null*/pˌɛrmˌɑnnˈɑːrjɛ/,null*/pˌɛrmˈɑnnɑːrjɛtɑ/,null*/pˌɛrmˌɑnnˈɑːrjɑ/,null*/pˌɛrmˈɑnnɑːrjɑtɑ/,null*/pˌɛrmˈɑnnɑːrɪrɛ/,null*/pˌɛrmˈɑnnɑːrɪrɛtɑ/,null*/plˈɑkɛ/,null*/plˈɑkɛtɑ/,null*/plˌɑkˈeːβɪ/,null*/plˌɑkˈeːβʊtɑ/,null*/plˈɑkjɑ/,null*/plˈɑkjɑtɑ/,null*/plˌɑkˈeːrɛtɑ/,null*/plˌɑkˈeːrɛ/,null*/wˈɛntɑj/,null*/lˈɒki/,null*/lˈɒkɑ/,null*/lˈɒkʊli/,null*/wˌɛnˈitɑ/
R43,*/kˌʊŋnˈøːskɪ/,*/kˌʊŋnˈøːskɛ/,*/kˌʊŋnˈøːskɑ/,*/kˌʊŋnˈøːskɛrɛ/,*/ŋnˈøːskɪ/,*/ŋnˈøːskɛ/,*/ŋnˈøːskɑ/,*/ŋnˈøːskɛrɛ/,*/kˌʊŋnˈøːskɪtɑ/,*/kˌʊŋnˈøːskɛtɑ/,*/kˌʊŋnˈøːskɑtɑ/,*/kˌʊŋnˈøːskɛrɛtɑ/,*/ŋnˈøːskɪtɑ/,*/ŋnˈøːskɛtɑ/,*/ŋnˈøːskɑtɑ/,*/ŋnˈøːskɛrɛtɑ/,,,,,,,,,,,,,,,,,,,*/kˌʊmpʊtˈøːskɪ/,,*/kˌʊmpʊtˈøːskɪtɑ/,,,,,,,,,,,,,,,,,,,,,,,,,,,,,,,,,,,,,,,,,,,,,,,,,,,,
R44,,,,,,,,,,,,,,,,,,,,,,,,,,,,,,,,,,,,,,,,,,,,,,,,,,,,,,,,,,,,,,,,,,,,,,,,,,,,,,,,,,,,,,,,,
R45,,,,,,,,,,,,,,,,,,,,,,,,,,,,,,,,,,,,,,,,,,,,,,,,,,,,,,,,,,,,,,,,,,,,,,,,,,,,,,,,,,,,,,,,,
R46,,,,,,,,,,,,,,,,,,,,,,,,,,,,,,,,,,,,,,,,,,,,,,,,,,,,,,,,,,,,,,,,,,,,,,,,,,,,,,,,,,,,,,,,,
R47,,,,,,,,,,,,,,,,,,,,,,,,,,,,,,,,,,,,,,,,,,,,,,,,,,,,,,,,,,,,,,,,,,,,,,,,,,,,,,,,,,,,,,,,,
R48,,,,,,,,,,,,,,,,,,,,,,,,,,,,,,,,,,,,,,,,,,,,,,,,,,,,,,,,,,,,,,,,,,,,,,,,,,,,,,,,,,,,,,,,,
R49,,,,,,,,,,,,,,,,,,,,,,,,,,,,,,,,,,,,,,,,,,,,,,,,,,,,,,,,,,,,,,,,,,,,,,,,,,,,,,,,,,,,,,,,,
R50,,,,,,,,,,,,,,,,,,,,,,,,,,,,,,,,,,,,,,,,,,,,,,,,,,,,,,,,,,,,,,,,,,,,,,,,,,,,,,*/plˈɑʎɛtɑ/,,,,,,,,,,,
R51,,,,,,,,,,,,,,,,,,,,,,,,,,,,,,,,,,,,,,,,,,,,,,,,,,,,,,,,,,,,,,,,,,,,,,,,,,,,,,,,,,,,,,,,,
R52,,,,,,,,,,,,,,,,,,,,,,,,,,,,,,,,,,,,,,,,,,,,,,,,,,,,,,,,,,,,,,,,,,,,,,,,,,,,,,,,,,,,,,,,,
R53,,,,,,,,,,,,,,,,,,,,,,,,,,,,,,,,,,,,,,,,,,,,,,,,,,,,,,,,,,,,,,,,,,,,,,,,,,,,,,,,,,,,,,,,,
R54,,,,,,,,,,,,,,,,,,,,,,,,,,,,,,,,,,,,,,,,,,,,,,,,,,,,,,,,,,,,,,,,,,,,,*/pˌɛrmˌɑnːˌɑːrˈiβɪ/,*/pˌɛrmˌɑnːˌɑːrˈiβʊtɑ/,*/pˌɛrmˌɑnːˈɑːrjɛ/,*/pˌɛrmˈɑnːɑːrjɛtɑ/,*/pˌɛrmˌɑnːˈɑːrjɑ/,*/pˌɛrmˈɑnːɑːrjɑtɑ/,*/pˌɛrmˈɑnːɑːrɪrɛ/,*/pˌɛrmˈɑnːɑːrɪrɛtɑ/,,,,,,,,,,,,,
R55,,,,,,,,,,,,,,,,,,,,,,,,,,,,,,,,,,,,,,,,,,,,,,,,,,,,,,,,,,,,,,,,,,,,,,,,,,,,,,,,,,,,,,,,,
R56,,,,,,,,,,,,,,,,,,,,,,,,,,,,,,,,,,,,,,,,,,,,,,,,,,,,,,,,,,,,,,,,,,,,,,,,,,,,,,,,,,,,,,,,,
R57,,,,,,,,,,,,,,,,,,,,,,,,,,,,,,,,,,,,,,,,,,,,,,,,,,,,,,,,,,,,,,,,,,,,,,,,,,,,,,,,,,,,,,,,,
R58,,,,,,,,,,,,,,,,,,,,,,,,,,,,,,,,,,,,,,,,,,,,,,,,,,,,,,,,,,,,,,,,,,,,,,,,,,,,,,,,,,,,,,,,,
R59,,,,,,,,,,,,,,,,,,,,,,,,,,,,,,,,,,,,,,,,,,,,,,,,,,,,,,,,,,,,,,,,,,,,,,,,,,,,,,,,,,,,,,,,,
R60,*/kˌʊŋnˈøskɪ/,*/kˌʊŋnˈøskɛ/,*/kˌʊŋnˈøskɑ/,*/kˌʊŋnˈøskɛrɛ/,*/ŋnˈøskɪ/,*/ŋnˈøskɛ/,*/ŋnˈøskɑ/,*/ŋnˈøskɛrɛ/,*/kˌʊŋnˈøskɪtɑ/,*/kˌʊŋnˈøskɛtɑ/,*/kˌʊŋnˈøskɑtɑ/,*/kˌʊŋnˈøskɛrɛtɑ/,*/ŋnˈøskɪtɑ/,*/ŋnˈøskɛtɑ/,*/ŋnˈøskɑtɑ/,*/ŋnˈøskɛrɛtɑ/,,,,,,,,,,,,,,,,,,,*/kˌʊmpʊtˈøskɪ/,,*/kˌʊmpʊtˈøskɪtɑ/,*/kˌʊmpʊtˈɑβɪ/,,*/kˌʊmpʊtˈɑrɛ/,,*/cˌʊmpʊtˈɑβʊtɑ/,,*/kˌʊmpʊtˈɑrɛtɑ/,,,,,,,,,,,,,,,,,,,,,,,,,*/pˌɛrmˌɑnːˌɑrˈiβɪ/,*/pˌɛrmˌɑnːˌɑrˈiβʊtɑ/,*/pˌɛrmˌɑnːˈɑrjɛ/,*/pˌɛrmˈɑnːɑrjɛtɑ/,*/pˌɛrmˌɑnːˈɑrjɑ/,*/pˌɛrmˈɑnːɑrjɑtɑ/,*/pˌɛrmˈɑnːɑrɪrɛ/,*/pˌɛrmˈɑnːɑrɪrɛtɑ/,,,*/plˌɑkˈeβɪ/,*/plˌɑkˈeβʊtɑ/,,,*/plˌɑkˈerɛtɑ/,*/plˌɑkˈerɛ/,,,,,
R61,,,,,,,,,,,,,,,,,,,,,,,,,,,,,,,,,,,,,,,,,,,,,,,,,,,,,,,,,,,,,,,,,,,,,,,,,,,,,,,,,,,,,,,,,
R62,,,,,,,,,,,,,,,,,,,,,,,,,,,,,,,,,*/kˈʊmptɑ/,*/kˌʊmptˈɑskɪ/,*/kˌʊmptˈøskɪ/,*/kˌʊmptˈɑskɪtɑ/,*/kˌʊmptˈøskɪtɑ/,*/kˌʊmptˈɑβɪ/,*/kˈʊmptɛ/,*/kˌʊmptˈɑrɛ/,*/kˈʊmpttɑ/,*/cˌʊmptˈɑβʊtɑ/,*/kˈʊmpttɑ/,*/kˌʊmptˈɑrɛtɑ/,,,,,,,,,,,,,,,,,,,,,,,,,,,,,,,,,,,,,,,,,,,,,
R63,,,,,,,,,,,,*/kˌʊŋnˈøskɛrtɑ/,,,,*/ŋnˈøskɛrtɑ/,,,,,,,,,,,,*/kˌʊŋnˈɒskɛrtɑ/,,,,*/ŋnˈɒskɛrtɑ/,,,,,,,,,,,,*/kˌʊmptˈɑrtɑ/,,,,,,,,*/fjˈɛrtɑ/,*/fˈɪɛrtɑ/,*/fjˈɛrtɑ/,,*/fˈɛrtɑ/,,,,,,,,,,,,,,,,,,,,*/pˌɛrmˈɑnːɑrɪrtɑ/,,,,,,,*/plˌɑkˈertɑ/,,,,,,
R64,,,,,,,,,*/kˌʊŋnˈøsktɑ/,*/kˌʊŋnˈøsktɑ/,,,*/ŋnˈøsktɑ/,*/ŋnˈøsktɑ/,,,,,,,,,,,*/kˌʊŋnˈɒsktɑ/,*/kˌʊŋnˈɒsktɑ/,,,*/ŋnˈɒsktɑ/,*/ŋnˈɒsktɑ/,,,,,,*/kˌʊmptˈɑsktɑ/,*/kˌʊmptˈøsktɑ/,,,,,,,,,,,,,,,,,,,,,,,,,,,,,,,,,,,,,,,,,,,,,,,,,,,,
R65,,,,,,,,,,,,,,,,,,,,,,,,,,,,,,,,,,,,,,,,,,,,,,,,,,,,,,,,,,,,,,,,,,,,,,,,,,,,,,,,,,,,,,,,,
R66,,,,,,,,,,,,,,,,,,,,,,,,,,,,,,,,,,,,,,,,,,,,,,,,,,,,,,,,,,,,,,,,,,,,,,,,,,,,,,,,,,,,,,,,,
R67,,,,,,,,,,,,,,,,,,,,,,,,,,,,,,,,,,,,,,,,,,,,,,,,,,,,,,,,,,,,,,,,,,,,,,,,,,,,,,,,,,,,,,,,,
R68,,,,,,,,,,,,,,,,,,,,,,,,,,,,,,,,,,,,,,*/kˌʊmptˈeβɪ/,,,,,,,,,,,,,,,,,,,,,,,,,,,,,,,,,,,,,,,,,*/plˌɑkˈiβɪ/,,,,,,,,,,
R69,,,,,,,,,,,,,,,,,,,,,,,,,,,,,,,,,,,,,,,,,,,,,,,*/fˈijɑ/,,,,,,,,*/fˈijɑtɑ/,,,,,,,,,,,,,,,,,,,,,,,,,,,,,,,,,,
R70,,,,,,,,,,,,,,,,,,,,,,,,,,,,,,,,,,,,,,,,,,,,,,,,,,,,,,,,,,,,,,,,,,,,,,,,,,,,,,,,,,,,,,,,,
R71,,,,,,,,,,,,,,,,,,,,,,,,,,,,,,,,,,,,,,,,,,,,,,,,,,,,,,,,,,,,,,,,,,,,,,,,,,,,,,,,,,,,,,,,,
R72,,,,,,,,,,,,,,,,,*/kˌʊŋnˈɔskɪ/,*/kˌʊŋnˈɔskɛ/,*/kˌʊŋnˈɔskɑ/,*/kˌʊŋnˈɔskɛrɛ/,*/ŋnˈɔskɪ/,*/ŋnˈɔskɛ/,*/ŋnˈɔskɑ/,*/ŋnˈɔskɛrɛ/,*/kˌʊŋnˈɔsktɑ/,*/kˌʊŋnˈɔsktɑ/,*/kˌʊŋnˈɔskɑtɑ/,*/kˌʊŋnˈɔskɛrtɑ/,*/ŋnˈɔsktɑ/,*/ŋnˈɔsktɑ/,*/ŋnˈɔskɑtɑ/,*/ŋnˈɔskɛrtɑ/,,,,,,,,,,,,,,,,,,,,,,,,,,,,*/wˈɔlɪ/,,*/wˈɔlt/,,*/wˈɔlɪ/,,*/wˈɔl/,,,,,,,,,,,,,,,,,,,,*/lˈɔki/,*/lˈɔkɑ/,*/lˈɔkʊli/,
R73,,,,,,,,,,,,,,,,,,,,,,,,,,,,,,,,,,,,,,,,,,,,,,,,,,,,,,,,,,,,,,,,,,,,,,,,,,,,,,,,,,,,,,,,,
R74,,,,,,,,,,,,,,,,,,,,,,,,,,,,,,,,,,,,,,,,,,,,,,,,,,,,,,,,,,,,,,,,,,,,,,,,,,,,,,,,,,,,,,,,,
R75,,,,,,,,,,,,,,,,,,,,,,,,,,,,,,,,,,,,,,,,,,,,,,,,,,,,,,,,,,,,,,,,,,,,,,,,,,,,,,,,,,,,,,,,,
R76,,,,,,,,,,,,,,,,,,,,,,,,,,,,,,,,,,,,,,,,,,,,,,,,,,,,,,,,,,,,,,,,,,,,,,,,,,,,,,,,,,,,,,,,,
R77,,,,,,,,,,,,,,,,,,,,,,,,,,,,,,,,,,,,,,,,,,,,,,,,,,,,,,,,,,,,,,,,,,,,,,,,,,,,,,,,,,,,,,,,,
R78,,,,,,,,,,,,,,,,,,,,,,,,,,,,,,,,,,,,,,,,,,,,,,,,,,,,,,,,,,,,,,,,,,,,,,,,,,,,,,,,,,,,,,,,,
R79,*/kˌuŋnˈøskɪ/,*/kˌuŋnˈøskɛ/,*/kˌuŋnˈøskɑ/,*/kˌuŋnˈøskɛrɛ/,,,,,*/kˌuŋnˈøsktɑ/,*/kˌuŋnˈøsktɑ/,*/kˌuŋnˈøskɑtɑ/,*/kˌuŋnˈøskɛrtɑ/,,,,,*/kˌuŋnˈoskɪ/,*/kˌuŋnˈoskɛ/,*/kˌuŋnˈoskɑ/,*/kˌuŋnˈoskɛrɛ/,*/ŋnˈoskɪ/,*/ŋnˈoskɛ/,*/ŋnˈoskɑ/,*/ŋnˈoskɛrɛ/,*/kˌuŋnˈosktɑ/,*/kˌuŋnˈosktɑ/,*/kˌuŋnˈoskɑtɑ/,*/kˌuŋnˈoskɛrtɑ/,*/ŋnˈosktɑ/,*/ŋnˈosktɑ/,*/ŋnˈoskɑtɑ/,*/ŋnˈoskɛrtɑ/,*/kˈumptɑ/,*/kˌumptˈɑskɪ/,*/kˌumptˈøskɪ/,*/kˌumptˈɑsktɑ/,*/kˌumptˈøsktɑ/,*/kˌumptˈeβɪ/,*/kˈumptɛ/,*/kˌumptˈɑrɛ/,*/kˈumpttɑ/,*/cˌumptˈɑβutɑ/,*/kˈumpttɑ/,*/kˌumptˈɑrtɑ/,,,,,,,,,,,,,,,,*/wˈolɪ/,*/wˈult/,*/wˈolt/,,*/wˈolɪ/,*/wˈul/,*/wˈol/,,*/tˈɛmpu/,,*/pˌɛrmˌɑnːˌɑrˈiβutɑ/,,,,,,,,,,*/plˌɑkˈeβutɑ/,,,,,,*/lˈoki/,*/lˈokɑ/,*/lˈokuli/,
R80,,,,,,,,,,,,,,,,,,,,,,,,,,,,,,,,,,,,,,,,,,,,,,,,,,,,,,,,,,,,,,,,,,,,,,,,,,,,,,,,,,,,,,,,,
R81,,,,,,,,,,,,,,,,,,,,,,,,,,,,,,,,,,,,,,,,,,,,,,,,,,,,,,,,,,,,,,,,,,,,,,,,,,,,,,,,,,,,,,,,,
R82,,,,,,,,,,,,,,,,,,,,,,,,,,,,,,,,,,,,,,,,,,,,,,,,,,,,,,,,,,,,,,,,,,,,,,,,,,,,,,,,,,,,,,,,,
R83,*/kˌuŋnˈøske/,,,,*/ŋnˈøske/,,,,,,,,,,,,*/kˌuŋnˈoske/,,,,*/ŋnˈoske/,,,,,,,,,,,,,*/kˌumptˈɑske/,*/kˌumptˈøske/,,,*/kˌumptˈeβe/,,,,,,,*/fˈeɛrɛ/,,,,,,,,*/fˈeɛrtɑ/,,,,,,*/wˈɛle/,*/wˈole/,,,*/wˈɛle/,*/wˈole/,,,*/lˈɛɡe/,,*/pˌɛrmˌɑnːˌɑrˈiβe/,,,,,,*/pˌɛrmˈɑnːɑrerɛ/,*/pˌɛrmˈɑnːɑrertɑ/,,,*/plˌɑkˈiβe/,,,,,,,,,,
R84,,,,,,,,,,,,,,,,,,,,,,,,,,,,,,,,,,,,,,,,,,,,,,,,,,,,,,,,,,,,,,,,,,,,,,,,,,,,,,,,,,,,,,,,,
R85,,,,,,,,,,,,,,,,,,,,,,,,,,,,,,,,,,,,,,,,,,,,,,,,,,,,,,,,,,,,,,,,,,,,,,,,,,,,,,,,,,,,,,,,,
R86,,,,,,,,,,,,,,,,,,,,,,,,,,,,,,,,,,,,,,,,,,,,,,,,,,,,,,,,,,,,,,,,,,,,,,,,,,,,,,,,,,,,,,,,,
=Middle Proto-Albanian II,null*/kˌuŋnˈøske/,null*/kˌuŋnˈøskɛ/,null*/kˌuŋnˈøskɑ/,null*/kˌuŋnˈøskɛrɛ/,null*/ŋnˈøske/,null*/ŋnˈøskɛ/,null*/ŋnˈøskɑ/,null*/ŋnˈøskɛrɛ/,null*/kˌuŋnˈøsktɑ/,null*/kˌuŋnˈøsktɑ/,null*/kˌuŋnˈøskɑtɑ/,null*/kˌuŋnˈøskɛrtɑ/,null*/ŋnˈøsktɑ/,null*/ŋnˈøsktɑ/,null*/ŋnˈøskɑtɑ/,null*/ŋnˈøskɛrtɑ/,null*/kˌuŋnˈoske/,null*/kˌuŋnˈoskɛ/,null*/kˌuŋnˈoskɑ/,null*/kˌuŋnˈoskɛrɛ/,null*/ŋnˈoske/,null*/ŋnˈoskɛ/,null*/ŋnˈoskɑ/,null*/ŋnˈoskɛrɛ/,null*/kˌuŋnˈosktɑ/,null*/kˌuŋnˈosktɑ/,null*/kˌuŋnˈoskɑtɑ/,null*/kˌuŋnˈoskɛrtɑ/,null*/ŋnˈosktɑ/,null*/ŋnˈosktɑ/,null*/ŋnˈoskɑtɑ/,null*/ŋnˈoskɛrtɑ/,null*/kˈumptɑ/,null*/kˌumptˈɑske/,null*/kˌumptˈøske/,null*/kˌumptˈɑsktɑ/,null*/kˌumptˈøsktɑ/,null*/kˌumptˈeβe/,null*/kˈumptɛ/,null*/kˌumptˈɑrɛ/,null*/kˈumpttɑ/,null*/cˌumptˈɑβutɑ/,null*/kˈumpttɑ/,null*/kˌumptˈɑrtɑ/,null*/fˈeɛrɛ/,null*/fjˈɛrɛ/,null*/fˈijɑ/,null*/fˈɛrɛ/,null*/fˈiɛ/,null*/fˌiɛ/,null*/fjˈɛri/,null*/fjˈɛrtɑ/,null*/fˈeɛrtɑ/,null*/fjˈɛrtɑ/,null*/fˈijɑtɑ/,null*/fˈɛrtɑ/,null*/fˈiɛtɑ/,null*/fˈiɛtɑ/,null*/wˈɛle/,null*/wˈole/,null*/wˈult/,null*/wˈolt/,null*/wˈɛle/,null*/wˈole/,null*/wˈul/,null*/wˈol/,null*/lˈɛɡe/,null*/tˈɛmpu/,null*/pˌɛrmˌɑnːˌɑrˈiβe/,null*/pˌɛrmˌɑnːˌɑrˈiβutɑ/,null*/pˌɛrmˌɑnːˈɑrjɛ/,null*/pˌɛrmˈɑnːɑrjɛtɑ/,null*/pˌɛrmˌɑnːˈɑrjɑ/,null*/pˌɛrmˈɑnːɑrjɑtɑ/,null*/pˌɛrmˈɑnːɑrerɛ/,null*/pˌɛrmˈɑnːɑrertɑ/,null*/plˈɑkɛ/,null*/plˈɑʎɛtɑ/,null*/plˌɑkˈiβe/,null*/plˌɑkˈeβutɑ/,null*/plˈɑkjɑ/,null*/plˈɑkjɑtɑ/,null*/plˌɑkˈertɑ/,null*/plˌɑkˈerɛ/,null*/wˈɛntɑj/,null*/lˈoki/,null*/lˈokɑ/,null*/lˈokuli/,null*/wˌɛnˈitɑ/
R87,,,,,,,,,*/kˌuŋnˈøstɑ/,*/kˌuŋnˈøstɑ/,,,*/ŋnˈøstɑ/,*/ŋnˈøstɑ/,,,,,,,,,,,*/kˌuŋnˈostɑ/,*/kˌuŋnˈostɑ/,,,*/ŋnˈostɑ/,*/ŋnˈostɑ/,,,*/kˈumtɑ/,*/kˌumtˈɑske/,*/kˌumtˈøske/,*/kˌumtˈɑstɑ/,*/kˌumtˈøstɑ/,*/kˌumtˈeβe/,*/kˈumtɛ/,*/kˌumtˈɑrɛ/,*/kˈumttɑ/,*/cˌumtˈɑβutɑ/,*/kˈumttɑ/,*/kˌumtˈɑrtɑ/,,,,,,,,,,,,,,,,,,,,,,,,,,,,,,,,,,,,,,,,,,,,,
R88,,,,,,,,,,,,,,,,,,,,,,,,,,,,,,,,,,,,,,,,,,,,,,,,,,,,,,,,,,,,,,,,,,,,,,,,,,,,,,,,,,,,,,,,,
R89,,,,,,,,,,,,,,,,,,,,,,,,,,,,,,,,,,,,,,,,,,,,,,,,,,,,,,,,,,,,,,,,,,,,,,,,,,,,,,,,,,,,,,,,,
R90,,,,,,,,,,,,,,,,,,,,,,,,,,,,,,,,,,,,,,,,,,,,,,,,,,,,,,,,,,,,,,,,,,,,,,,,,,,,,,,,,,,,,,,,,
R91,*/kˌuŋnˈøskɪ/,*/kˌuŋnˈøskɪ/,,*/kˌuŋnˈøskɪrɪ/,*/ŋnˈøskɪ/,*/ŋnˈøskɪ/,,*/ŋnˈøskɪrɪ/,,,,*/kˌuŋnˈøskɪrtɑ/,,,,*/ŋnˈøskɪrtɑ/,*/kˌuŋnˈoskɪ/,*/kˌuŋnˈoskɪ/,,*/kˌuŋnˈoskɪrɪ/,*/ŋnˈoskɪ/,*/ŋnˈoskɪ/,,*/ŋnˈoskɪrɪ/,,,,*/kˌuŋnˈoskɪrtɑ/,,,,*/ŋnˈoskɪrtɑ/,,*/kˌumtˈɑskɪ/,*/kˌumtˈøskɪ/,,,*/kˌumtˈeβɪ/,*/kˈumtɪ/,*/kˌumtˈɑrɪ/,,,,,*/fˈeɛrɪ/,*/fjˈɛrɪ/,,*/fˈɛrɪ/,,,*/fjˈɛrɪ/,,,,,,,,*/wˈɛlɪ/,*/wˈolɪ/,,,*/wˈɛlɪ/,*/wˈolɪ/,,,*/lˈɛɡɪ/,,*/pˌɛrmˌɑnːˌɑrˈiβɪ/,,,,,,*/pˌɛrmˈɑnːɑrɪrɪ/,*/pˌɛrmˈɑnːɑrɪrtɑ/,*/plˈɑkɪ/,*/plˈɑʎɪtɑ/,*/plˌɑkˈiβɪ/,,,,,*/plˌɑkˈerɪ/,,*/lˈokɪ/,,*/lˈokulɪ/,
R92,,,,,,,,,,,,,,,,,,,,,,,,,,,,,,,,,,,,,,,,,,,,,,,,,,,,,,,,,,,,,,,,,,,,,,,,,,,,,,,,,,,,,,,,,
R93,,,,,,,,,,,,,,,,,,,,,,,,,,,,,,,,,,,,,,,,,,,,,,,,,,,,,,,,,,,,,,,,,,,,,,,,,,,,,,,,,,,,,,,,,
R94,,,,,,,,,,,,,,,,,,,,,,,,,,,,,,,,,,,,,,,,,,,,,,,,,,,,,,,,,,,,,,,,,,,,,,,,,,,,,,,,,,,,,,,,,
R95,,,,,,,,,,,,,,,,,,,,,,,,,,,,,,,,,,,,,,,,,,,,,,,,,,,,,,,,,,,,,,,,,,,,,,,,,,,,,,,,,,,,,,,,,
R96,,,,,,,,,,,,,,,,,,,,,,,,,,,,,,,,,,,,,,,,,,,,,,,,,,,,,,,,,,,,,,,,,,,,,,,,,,,,,,,,,,,,,,,,,
R97,,,,,,,,,,,,,,,,,,,,,,,,,,,,,,,,,,,,,,,,,,,,,,,,,,,,,,,,,,,,,,,,,,,,,,,,,,,,,,,,,,,,,,,,,
R98,,,,,,,,,,,,,,,,,,,,,,,,,,,,,,,,,,,,,,,,,,,,,,,,,,,,,,,,,,,,,,,,,,,,,,,,,,,,,,,,,,,,,,,,,
R99,,,,,,,,,,,,,,,,,,,,,,,,,,,,,,,,,,,,,,,,,,,,,,,,,,,,,,,,,,,,,,,,,,,,,,,,,,,,,,,,,,,,,,,,,
R100,,,,,,,,,,,,,,,,,,,,,,,,,,,,,,,,,,,,,,,,,,,,,,,,,,,,,,,,,,,*/βˈɛlɪ/,*/βˈolɪ/,*/βˈult/,*/βˈolt/,*/βˈɛlɪ/,*/βˈolɪ/,*/βˈul/,*/βˈol/,,,,,,,,,,,,,,,,,,,*/βˈɛntɑj/,,,,*/βˌɛnˈitɑ/
R101,,,,,,,,,,,,,,,,,,,,,,,,,,,,,,,,,,,,,,,,,,,,,,,,,,,,,,,,,,,,,,,,,,,,,,,,,,,,,,,,,,,,,,,,,
R102,,,,,,,,,,,,,,,,,,,,,,,,,,,,,,,,,,,,,,,,,,,,,,,,,,,,,,,,,,,,,,,,,,,,,,,,,,,,,,,,,,,,,,,,,
R103,,,,,,,,,,,,,,,,,,,,,,,,,,,,,,,,,,,,,,*/kˌumtˈewɪ/,,,,*/cˌumtˈɑwutɑ/,,,,,,,,,,,,,,,,,,,,,,,,,,,*/pˌɛrmˌɑnːˌɑrˈiwɪ/,*/pˌɛrmˌɑnːˌɑrˈiwutɑ/,,,,,,,,,*/plˌɑkˈiwɪ/,*/plˌɑkˈewutɑ/,,,,,,,,,
R104,,,,,,,,,,,,,,,,,,,,,,,,,,,,,,,,,,,,,,,,,,,,,,,,,,,,,,,,,,,,,,,,,,,,,,,,,,,,,,,,,,,,,,,,,
R105,,,,,,,,,,,,,,,,,,,,,,,,,,,,,,,,,,,,,,,,,,,,,,,,,,,,,,,,,,,,,,,,,,,,,,,,,,,,,,,,,,,,,,,,,
R106,,,,,,,,,,,,,,,,,,,,,,,,,,,,,,,,,,,,,,,,,,,,,,,,,,,,,,,,,,,,,,,,,,,,,,,,,,,,,,,,,,,,,,,,,
R107,,,,,,,,,,,,,,,,,,,,,,,,,,,,,,,,,,,,,,,,,,,,,,,,,,,,,,,,,,,,,,,,,,,,,,,,,,,,,,,,,,,,,,,,,
R108,,,,,,,,,,,,,,,,,,,,,,,,,,,,,,,,,,*/kˌumtɪ̯ˈɑskɪ/,,,,,,*/kˌumtɪ̯ˈɑrɪ/,,,,,,*/fjɪ̯ˈɛrɪ/,,*/fɪ̯ˈɛrɪ/,,,*/fjɪ̯ˈɛrɪ/,,,,,,,,*/βɪ̯ˈɛlɪ/,,,,*/βɪ̯ˈɛlɪ/,,,,*/lɪ̯ˈɛɡɪ/,,,,*/pˌɛrmˌɑnːɪ̯ˈɑrjɛ/,,*/pˌɛrmˌɑnːɪ̯ˈɑrjɑ/,,,,*/plɪ̯ˈɑkɪ/,*/plɪ̯ˈɑʎɪtɑ/,,,*/plɪ̯ˈɑkjɑ/,*/plɪ̯ˈɑkjɑtɑ/,,*/plˌɑkɪ̯ˈerɪ/,,,,,
R109,,,,,,,,,,,,,,,,,,,,,,,,,,,,,,,,,,,,,,,,,,,,,,,,,,,,,,,,,,,,,,,,,,,,,,,,,,,,,,,,,,,,,,,,,
R110,,,,,,,,,,,,,,,,,,,,,,,,,,,,,,,,,,,,,,,,,,,,,,,,,,,,,,,,,,,,,,,,,,,,,,,,,,,,,,,,,,,,,,,,,
R111,,,,,,,,,,,,,,,,,,,,,,,,,,,,,,,,,,,,,,,,,,,,,,,,,,,,,,,,,,,,,,,,,,,,,,,,,,,,,,,,,,,,,,,,,
R112,,,,,,,,,,,,,,,,,,,,,,,,,,,,,,,,,,,,,,,,,,,,,,,,,,,,,,,,,,,,,,,,,,,,,,,,,,,,,,,,,,,,,,,,,
R113,,,,,,,,,,,,,,,,,,,,,,,,,,,,,,,,,,,,,,,,,,,,,,,,,,,,,,,,,,,,,,,,,,,,,,,,,,,,,,,,,,,,,,,,,
R114,,,,,,,,,,,,,,,,,,,,,,,,,,,,,,,,,,,,,,,,,,,,,,,,,,,,,,,,,,,,,,,,,,,,,,,,,,,,,,,,,,,,,,,,,
R115,,,,,,,,,,,,,,,,,,,,,,,,,,,,,,,,,,,,,,,,,,,,,,,,,,,,,,,,,,,,,,,,,,,,,,,,,,,,,,,,,,,,,,,,,
R116,,,,,,,,,,,,,,,,,,,,,,,,,,,,,,,,,,,,,,,,,,,,,,,*/fˈiɪ̯ɑ/,,,,,,,,*/fˈiɪ̯ɑtɑ/,,,,,,,,,,,,,,,,,,*/pˌɛrmˌɑnːɪ̯ˈɑrɪ̯ɑ/,*/pˌɛrmˈɑnːɑrɪ̯ɑtɑ/,,,,,,,*/plɪ̯ˈɑkɪ̯ɑ/,*/plɪ̯ˈɑkɪ̯ɑtɑ/,,,,,,,
R117,,,,,,,,,,,,,,,,,,,,,,,,,,,,,,,,,,,,,,,,,,,,,,,,,,,,,,,,,,,,,,,,,,,,,,,,,,,,,,,,,,,,,,,,,
R118,,,,,,,,,,,,,,,,,,,,,,,,,,,,,,,,,,,,,,,,,,,,,,,,,,,,,,,,,,,,,,,,,,,,,,,*/pˌɛrmˌɑnːɪ̯ˈɑrːjɛ/,*/pˌɛrmˈɑnːɑrːjɛtɑ/,,,,,,,,,,,,,,,,,
R119,,,,,,,,,,,,,,,,,,,,,,,,,,,,,,,,,,,,,,,,,,,,,,,,*/fˈɛrɪ/,,,,*/fˈɛrtɑ/,,*/fˈɛrtɑ/,,,,,*/βˈɛlɪ/,,,,*/βˈɛlɪ/,,,,,,,,,,,,,,,,,,,,,,,,,,
R120,,,,,,,,,,,,,,,,,,,,,,,,,,,,,,,,,,,,,,,,,,,,,,*/fjˈɛrɪ/,*/fˈiɑ/,,,,*/fjˈɛrɪ/,,,,*/fˈiɑtɑ/,,,,,,,,,,,,,,,,,,,,,,*/plˈɑkɪ/,*/plˈɑʎɪtɑ/,,,*/plˈɑkɪ̯ɑ/,*/plˈɑkɪ̯ɑtɑ/,,,,,,,
R121,,,,,,,,,,,,,,,,,,,,,,,,,,,,,,,,,,,,,,,,,,,,,,,,,,,,,,,,,,,,,,,,,,,,,,,,,,,,,,,,,,,,,,,,,
R122,*/kˌuŋnˈøscɪ/,*/kˌuŋnˈøscɪ/,,*/kˌuŋnˈøscɪrɪ/,*/ŋnˈøscɪ/,*/ŋnˈøscɪ/,,*/ŋnˈøscɪrɪ/,,,,*/kˌuŋnˈøscɪrtɑ/,,,,*/ŋnˈøscɪrtɑ/,*/kˌuŋnˈoscɪ/,*/kˌuŋnˈoscɪ/,,*/kˌuŋnˈoscɪrɪ/,*/ŋnˈoscɪ/,*/ŋnˈoscɪ/,,*/ŋnˈoscɪrɪ/,,,,*/kˌuŋnˈoscɪrtɑ/,,,,*/ŋnˈoscɪrtɑ/,,*/kˌumtɪ̯ˈɑscɪ/,*/kˌumtˈøscɪ/,,,,,,,,,,,,,,,,,,,,,,,,,,,,,,,,*/lɪ̯ˈɛɟɪ/,,,,,,,,,,*/plˈɑcɪ/,,*/plˌɑcˈiwɪ/,*/plˌɑcˈewutɑ/,*/plˈɑcɪ̯ɑ/,*/plˈɑcɪ̯ɑtɑ/,*/plˌɑcˈertɑ/,*/plˌɑcɪ̯ˈerɪ/,,*/lˈocɪ/,,,
R123,,,,,,,,,,,,,,,,,,,,,,,,,,,,,,,,,,,,,,,,,,,,,,,,,,,,,,,,,,,,,,,,,,,,,,,,,,,,,,,,,,,,,,,,,
R124,,,,,,,,,,,,,,,,,,,,,,,,,,,,,,,,,,,,,,,,,,,,,,,,,,,,,,,,,,,,,,,,,,,,,,,,,,,,,,,,,,,,,,,,,
R125,,,,,,,,,,,,,,,,,,,,,,,,,,,,,,,,,,,,,,,,,,,,,,,,,,,,,,,,,,,,,,,,,,,,,,,,,,,,,,,,,,,,,,,,,
R126,,,,,,,,,,,,,,,,,,,,,,,,,,,,,,,,,,,,,,,,,,,,,,,,,,,,,,,,,,,,,,,,,,,*/lˈiɟɪ/,,,,,,,,,,,,,,,,,*/plˌɑcˈirɪ/,,,,,
R127,,,,,,,,,,,,,,,,,,,,,,,,,,,,,,,,,,*/kˌumtˈescɪ/,,,,,,*/kˌumtˈerɪ/,,,,,,,,,,,,,,,,,,,,,,,,,,,,,,,*/pˌɛrmˌɑnːˈerːjɛ/,,*/pˌɛrmˌɑnːˈerɪ̯ɑ/,,,,,,,,,,,,,,,,
R128,,,,,,,,,,,,,,,,,,,,,,,,,,,,,,,,,,,,,,,,,,,,,,,,,,,,,,,,,,,,,,,,,,,,,,,,,*/pˌɛrmˌɑnːˈerjɑ/,*/pˌɛrmˈɑnːɑrjɑtɑ/,,,,,,,*/plˈɑcjɑ/,*/plˈɑcjɑtɑ/,,,,,,,
R129,,,,,,,,,,,,,,,,,,,,,,,,,,,,,,,,,,,,,,,,,,,,,,,,,,,,,,,,,,,,,,,,,,,,,,,,,,,,,,,,,,,,,,,,,
R130,,,,,,,,,,,,,,,,,,,,,,,,,,,,,,,,,,,,,,,,,,,,,,,,,,,,,,,,,,,,,,,,,,,,,,,,,,,,,,,,,,,,,,,,,
R131,,,,,,,,,,,,,,,,,,,,,,,,,,,,,,,,,,,,,,,,,,,,,,,,,,,,,,,,,,,,,,,,,,,,,,,,,,,,,,,,,,,,,,,,,
R132,,,,,,,,,,,,,,,,,,,,,,,,,,,,,,,,,,,,,,,,,,,,,,,,,,,,,,,,,,,,,,,,,,,,,,,,,,,,,,,,,,,,,,,,,
R133,,,,,,,,,,,,,,,,,,,,,,,,,,,,,,,,,,,,,,,,,,,,,,,,,,,,,,,,,,,,,,,,,,,,,,,,,,,,,,,,,,,,,,,,,
R134,,,,,,,,,,,,,,,,,,,,,,,,,,,,,,,,,,,,,,,,,,,,,,,,,,,,,,,,,,,,,,,,,,,,,,,,,,,,,,,,,,,,,,,,,
R135,,,,,,,,,,,,,,,,,,,,,,,,,,,,,,,,,,,,,,,,,,,,,,,,,,,,,,,,,,,,,,,,,,,,,,,,,,,,,,,,,,,,,,,,,
R136,,,,,,,,,,,,,,,,,,,,,,,,,,,,,,,,,,,,,,,,,,,,,,,,,,,,,,,,,,,,,,,,,,,,,,,,,,,,,,,,,,,,,,,,,
R137,,,,,,,,,,,,,,,,,,,,,,,,,,,,,,,,,,,,,,,,,,,,,,,,,,,,,,,,,,,,,,,,,,,,,,,,,,,,,,,,,,,,,,,,,
R138,,,,,,,,,,,,,,,,,,,,,,,,,,,,,,,,,,,,,,,,,,,,,,,,,,,,,,,,,,,,,,,,,,,,,,,,,,,,,,,,,,,,,,,,,
R139,,,,,,,,,,,,,,,,,,,,,,,,,,,,,,,,,,,,,,,,,,,,,,,,,,,,,,,,,,,,,,,,,,,,,,,,,,,,,,,,,,,,,,,,,
R140,,,,,*/əŋnˈøscɪ/,*/əŋnˈøscɪ/,*/əŋnˈøskɑ/,*/əŋnˈøscɪrɪ/,,,,,*/əŋnˈøstɑ/,*/əŋnˈøstɑ/,*/əŋnˈøskɑtɑ/,*/əŋnˈøscɪrtɑ/,,,,,*/əŋnˈoscɪ/,*/əŋnˈoscɪ/,*/əŋnˈoskɑ/,*/əŋnˈoscɪrɪ/,,,,,*/əŋnˈostɑ/,*/əŋnˈostɑ/,*/əŋnˈoskɑtɑ/,*/əŋnˈoscɪrtɑ/,,,,,,,,,,,,,,,,,,,,,,,,,,,,,,,,,,,,,,,,,,,,,,,,,,,,,,,,,
R141,,,,,,,,,,,,,,,,,,,,,,,,,,,,,,,,,,,,,,,,,,,,,,,,,,,,,,,,,,,,,,,,,,,,,,,,,,,,,,,,,,,,,,,,,
R142,,,,,,,,,,,,,,,,,,,,,,,,,,,,,,,,,,,,,,,,,,,,,,,,,,,,,,,,,,,,,,,,,,,,,,,,,,,,,,,,,,,,,,,,,
R143,,,,,,,,,,,,,,,,,,,,,,,,,,,,,,,,,,,,,,,,,,,,,,,,,,,,,,,,,,,,,,,,,,,,,,,,,,,,,,,,,,,,,,,,,
R144,,,,,,,,,,,,,,,,,,,,,,,,,,,,,,,,,,,,,,,,,,,,,,,,,,,,,,,,,,,,,,,,,,,,,,,,,,,,,,,,,,,,,,,,,
R145,,,,,,,,,,,,,,,,,,,,,,,,,,,,,,,,,,,,,,,,,,,,,,,,,,,,,,,,,,,,,,,,,,,,,,,,,,,,,,,,,,,,,,,,,
R146,,,,,,,,,,,,,,,,,,,,,,,,,,,,,,,,,,,,,,,,,,,,,,,,,,,,,,,,,,,,,,,,,,,,,,,,,,,,,,,,,,,,,,,,,
R147,,,,,,,,,,,,,,,,,,,,,,,,,,,,,,,,,,,,,,,,,,,,,,,,,,,,,,,,,,,,,,,,,,,,,,,,,,,,,,,,,,,,,,,,,
R148,,,*/kˌuŋnˈøska/,,,,*/əŋnˈøska/,,*/kˌuŋnˈøsta/,*/kˌuŋnˈøsta/,*/kˌuŋnˈøskata/,*/kˌuŋnˈøscɪrta/,*/əŋnˈøsta/,*/əŋnˈøsta/,*/əŋnˈøskata/,*/əŋnˈøscɪrta/,,,*/kˌuŋnˈoska/,,,,*/əŋnˈoska/,,*/kˌuŋnˈosta/,*/kˌuŋnˈosta/,*/kˌuŋnˈoskata/,*/kˌuŋnˈoscɪrta/,*/əŋnˈosta/,*/əŋnˈosta/,*/əŋnˈoskata/,*/əŋnˈoscɪrta/,*/kˈumta/,,,*/kˌumtˈasta/,*/kˌumtˈøsta/,,,,*/kˈumtta/,*/cˌumtˈawuta/,*/kˈumtta/,*/kˌumtˈarta/,,,*/fˈia/,,,,,*/fˈɛrta/,*/fˈeɛrta/,*/fˈɛrta/,*/fˈiata/,*/fˈɛrta/,*/fˈiɛta/,*/fˈiɛta/,,,,,,,,,,,*/pˌɛrmˌanːˌarˈiwɪ/,*/pˌɛrmˌanːˌarˈiwuta/,*/pˌɛrmˌanːˈerːjɛ/,*/pˌɛrmˈanːarːjɛta/,*/pˌɛrmˌanːˈerja/,*/pˌɛrmˈanːarjata/,*/pˌɛrmˈanːarɪrɪ/,*/pˌɛrmˈanːarɪrta/,*/plˈacɪ/,*/plˈaʎɪta/,*/plˌacˈiwɪ/,*/plˌacˈewuta/,*/plˈacja/,*/plˈacjata/,*/plˌacˈerta/,*/plˌacˈirɪ/,*/βˈɛntaj/,,*/lˈoka/,,*/βˌɛnˈita/
R149,,,,,,,,,,,,,,,,,,,,,,,,,,,,,,,,,,,,,,,,,,,,,,,,,,,,,,,,,,,,,,,,,,,,,,,,,,,,,,,,,,,,,,,,,
R150,,,,,,,,,,,,,,,,,,,,,,,,,,,,,,,,,,,,,,,,,,,,,,,,,,,,,,,,,,,,,,,,,,,,,,,,,,,,,,,,,,,,,,,,,
R151,,,,,,,,,,,,,,,,,,,,,,,,,,,,,,,,,,,,,,,,,,,,,,,,,,,,,,,,,,,,,,,,,,,,,,,,,,,,,,,*/pləcˈiwɪ/,*/pləcˈewuta/,,,*/pləcˈerta/,*/pləcˈirɪ/,,,,,
=Late Proto-Albanian I,null*/kˌuŋnˈøscɪ/,null*/kˌuŋnˈøscɪ/,null*/kˌuŋnˈøska/,null*/kˌuŋnˈøscɪrɪ/,null*/əŋnˈøscɪ/,null*/əŋnˈøscɪ/,null*/əŋnˈøska/,null*/əŋnˈøscɪrɪ/,null*/kˌuŋnˈøsta/,null*/kˌuŋnˈøsta/,null*/kˌuŋnˈøskata/,null*/kˌuŋnˈøscɪrta/,null*/əŋnˈøsta/,null*/əŋnˈøsta/,null*/əŋnˈøskata/,null*/əŋnˈøscɪrta/,null*/kˌuŋnˈoscɪ/,null*/kˌuŋnˈoscɪ/,null*/kˌuŋnˈoska/,null*/kˌuŋnˈoscɪrɪ/,null*/əŋnˈoscɪ/,null*/əŋnˈoscɪ/,null*/əŋnˈoska/,null*/əŋnˈoscɪrɪ/,null*/kˌuŋnˈosta/,null*/kˌuŋnˈosta/,null*/kˌuŋnˈoskata/,null*/kˌuŋnˈoscɪrta/,null*/əŋnˈosta/,null*/əŋnˈosta/,null*/əŋnˈoskata/,null*/əŋnˈoscɪrta/,null*/kˈumta/,null*/kˌumtˈescɪ/,null*/kˌumtˈøscɪ/,null*/kˌumtˈasta/,null*/kˌumtˈøsta/,null*/kˌumtˈewɪ/,null*/kˈumtɪ/,null*/kˌumtˈerɪ/,null*/kˈumtta/,null*/cˌumtˈawuta/,null*/kˈumtta/,null*/kˌumtˈarta/,null*/fˈeɛrɪ/,null*/fjˈɛrɪ/,null*/fˈia/,null*/fˈɛrɪ/,null*/fˈiɛ/,null*/fˌiɛ/,null*/fjˈɛrɪ/,null*/fˈɛrta/,null*/fˈeɛrta/,null*/fˈɛrta/,null*/fˈiata/,null*/fˈɛrta/,null*/fˈiɛta/,null*/fˈiɛta/,null*/βˈɛlɪ/,null*/βˈolɪ/,null*/βˈult/,null*/βˈolt/,null*/βˈɛlɪ/,null*/βˈolɪ/,null*/βˈul/,null*/βˈol/,null*/lˈiɟɪ/,null*/tˈɛmpu/,null*/pˌɛrmˌanːˌarˈiwɪ/,null*/pˌɛrmˌanːˌarˈiwuta/,null*/pˌɛrmˌanːˈerːjɛ/,null*/pˌɛrmˈanːarːjɛta/,null*/pˌɛrmˌanːˈerja/,null*/pˌɛrmˈanːarjata/,null*/pˌɛrmˈanːarɪrɪ/,null*/pˌɛrmˈanːarɪrta/,null*/plˈacɪ/,null*/plˈaʎɪta/,null*/pləcˈiwɪ/,null*/pləcˈewuta/,null*/plˈacja/,null*/plˈacjata/,null*/pləcˈerta/,null*/pləcˈirɪ/,null*/βˈɛntaj/,null*/lˈocɪ/,null*/lˈoka/,null*/lˈokulɪ/,null*/βˌɛnˈita/
R152,,,,,,,,,,,,,,,,,,,,,,,,,,,,,,,,,,,,,,,,,,,,,,,,,,,,,,,,,,,,,,,,,,,,,,,,,,,,,,,,,,,,,,,,,
R153,,,,,,,,,,,,,,,,,,,,,,,,,,,,,,,,,,,,,,,,,,,,,,,,,,,,,,,,,,,,,,,,,,,,,,,,,,,,,,,,,,,,,,,,,
R154,,,,,,,,,,,,,,,,,,,,,,,,,,,,,,,,,,,,,,,,,,,,,,,,,,,,,,,,,,,,,,,,,,,,,,,,,,,,,,,,,,,,,,,,,
R155,,,,,,,,,,,,,,,,,,,,,,,,,,,,,,,,,,,,,,,,,,,,,,,,,,,,,,,,,,,,,,,,,,,,,,,,,,,,,,,,,,,,,,,,,
R156,,,,,,,,,,,,,,,,,,,,,,,,,,,,,,,,,,,,,,,,,,,,,,,,,,,,,,,,,,,,,,,,,,,,,,,,,,,,,,,,,,,,,,,,,
R157,,,,,,,,,,,,,,,,,,,,,,,,,,,,,,,,,,,,,,,,,,,,,,,,,,,,,,,,,,,,,,,,,,,,,,,,,,,,,,,,,,,,,,,,,
R158,,,,,,,,,,,,,,,,,,,,,,,,,,,,,,,,,,,,,,,,,,,,,,,,,,,,,,,,,,,,,,,,,,,,,,,,,,,,,,,,,,,,,,,,,
R159,,,,,,,,,,,,,,,,,,,,,,,,,,,,,,,,,,,,,,,,,,,,,,,,,,,,,,,,,,,,,,,,,,,,,,,,,,,,,,,,,,,,,,,,,
R160,,,,,,,,,,,,,,,,,,,,,,,,,,,,,,,,,,,,,,,,,,,,,,,,,,,,,,,,,,,,,,,,,,,,,,,,,,,,,,,,,,,,,,,,,
R161,,,,,,,,,,,,,,,,,,,,,,,,,,,,,,,,,,,,,,,,,,,,,,,,,,,,,,,,,,,,,,,,,,,,,,,,,,,,,,,,,,,,,,,,,
R162,,,,,,,,,,,,,,,,,,,,,,,,,,,,,,,,,,,,,,,,,,,,,,,,,,,,,,,,,,,,,,,,,,,,,,,,,,,,,,,,,,,,,,,,,
R163,,,,,,,,,,,,,,,,,,,,,,,,,,,,,,,,,,,,,,,,,,,,,,,,,,,,,,,,,,,,,,,,,,,,,,*/pˌɛrmˌanːˌarˈiwɪta/,,,,,,,,,,,,,,,,,,,
R164,,,,,,,,,,,,,,,,,,,,,,,,,,,,,,,,,,,,,,,,,,,,,,,,,,,,,,,,,,,,,,,,,,,,,*/pˌɛrmˌanːˌarˈiw/,*/pˌɛrmˌanːˌarˈiwta/,,,,,,,,,*/pləcˈiw/,,,,,,,,,,
R165,,,,,,,,,,,,,,,,,,,,,,,,,,,,,,,,,,,,,,,,,,,,,,,,,,,,,,,,,,,,,,,,,,,,,,,,,,,,,,,,,,,,,,,,,
R166,,,,,,,,,,,,,,,,,,,,,,,,,,,,,,,,,,,,,,,,,,,,,,,,,,,,,,,,,,,,,,,,,,,,,,,,,,,,,,,,,,,,,,,,,
R167,,,,,,,,,,,,,,,,,,,,,,,,,,,,,,,,,,,,,,,,,,,,,,,,,,,,,,,,,,,,,,,,,,,,,,,,,,,,,,,,,,,,,,,,,
R168,,,,,,,,,,,,,,,,,,,,,,,,,,,,,,,,,,,,,,,,,,,,,,,,,,,,,,,,,,,,,,,,,,,,,,,,,,,,,,,,,,,,,,,,,
R169,,,,,,,,,,,,,,,,,,,,,,,,,,,,,,,,,,,,,,*/kˌumtˈeːɪ/,,,,*/cˌumtˈaːuta/,,,,,,,,,,,,,,,,,,,,,,,,,,,*/pˌɛrmˌanːˌarˈiː/,*/pˌɛrmˌanːˌarˈiːta/,,,,,,,,,*/pləcˈiː/,*/pləcˈeːuta/,,,,,,,,,
R170,,,,,,,,,,,,,,,,,,,,,,,,,,,,,,,,,,,,,,,,,,,,,,,,,,,,,,,,,,,,,,,,,,,,,,,,,,,,,,,,,,,,,,,,,
R171,,,,,,,,,,,,,,,,,,,,,,,,,,,,,,,,,,,,,,,,,,,,,,,,,,,,,,,,,,,,,,,,,,,,,,,,,,,,,,,,,,,,,,,,,
R172,,,,,,,,,,,,,,,,,,,,,,,,,,,,,,,,,,,,,,,,,,,,,,,,,,,,,,,,,,,,,,,,,,,,,,,,,,,,,,,,,,,,,,,,,
R173,,,,,,,,,,,,,,,,,,,,,,,,,,,,,,,,,,,,,,,,,,,,,,,,,,,,,,,,,,,,,,,,,,,,,,,,,,,,,,,,,,,,,,,,,
R174,,,,,,,,,,,,,,,,,,,,,,,,,,,,,,,,,,,,,,,,,,,,,,,,,,,,,,,,,,,,,,,,,,,,,,,,,,,,,,,,,,,,,,,,,
R175,,,,,,,,,,,,,,,,,,,,,,,,,,,,,,,,,,,,,,,,,,,,,,,,,,,,,,,,,,,,,,,,,,,,,,,,,,,,,,,,,,,,,,,,,
R176,,,,,,,,,,,,,,,,,,,,,,,,,,,,,,,,,,,,,,,,,,,,,,,,,,,,,,,,,,,,,,,,,,,,,,,,,,,,,,,,,,,,,,,,,
R177,*/kˌuŋnˈøʃcɪ/,*/kˌuŋnˈøʃcɪ/,*/kˌuŋnˈøʃka/,*/kˌuŋnˈøʃcɪrɪ/,*/əŋnˈøʃcɪ/,*/əŋnˈøʃcɪ/,*/əŋnˈøʃka/,*/əŋnˈøʃcɪrɪ/,*/kˌuŋnˈøʃta/,*/kˌuŋnˈøʃta/,*/kˌuŋnˈøʃkata/,*/kˌuŋnˈøʃcɪrta/,*/əŋnˈøʃta/,*/əŋnˈøʃta/,*/əŋnˈøʃkata/,*/əŋnˈøʃcɪrta/,*/kˌuŋnˈoʃcɪ/,*/kˌuŋnˈoʃcɪ/,*/kˌuŋnˈoʃka/,*/kˌuŋnˈoʃcɪrɪ/,*/əŋnˈoʃcɪ/,*/əŋnˈoʃcɪ/,*/əŋnˈoʃka/,*/əŋnˈoʃcɪrɪ/,*/kˌuŋnˈoʃta/,*/kˌuŋnˈoʃta/,*/kˌuŋnˈoʃkata/,*/kˌuŋnˈoʃcɪrta/,*/əŋnˈoʃta/,*/əŋnˈoʃta/,*/əŋnˈoʃkata/,*/əŋnˈoʃcɪrta/,,*/kˌumtˈeʃcɪ/,*/kˌumtˈøʃcɪ/,*/kˌumtˈaʃta/,*/kˌumtˈøʃta/,,,,,,,,,,,,,,,,,,,,,,,,,,,,,,,,,,,,,,,,,,,,,,,,,,,,
R178,,,,,,,,,,,,,,,,,,,,,,,,,,,,,,,,,,,,,,,,,,,,,,,,,,,,,,,,,,,,,,,,,,,,,,,,,,,,,,,,,,,,,,,,,
R179,,,,,,,,,,,,,,,,,,,,,,,,,,,,,,,,,,,,,,,,,,,,,,,,,,,,,,,,,,,,,,,,,,,,,,,,,,,,,,,,,,,,,,,,,
R180,,,,,,,,,,,,,,,,,,,,,,,,,,,,,,,,,,,,,,,,,,,,,,,,,,,,,,,,,,,,,,,,,,,,,,,,,,,,,,,,,,,,,,,,,
R181,,,,,,,,,,,,,,,,,,,,,,,,,,,,,,,,,,,,,,,,,,,,,,,,,,,,,,,,,,,,,,,,,,,,,,,,,,,,,,,,,,,,,,,,,
R182,,,,,,,,,,,,,,,,,,,,,,,,,,,,,,,,,,,,,,,,,,,,,,,,,,,,,,,,,,,,,,,,,,,,,,,,,,,,,,,,,,,,,,,,,
R183,,,,,,,,,,,,,,,,,,,,,,,,,,,,,,,,,,,,,,,,,,,,,,,,,,,,,,,,,,,,,,,,,,,,,,,,,,,,,,,,,,,,,,,,,
R184,*/kˌuŋnˈœʃcɪ/,*/kˌuŋnˈœʃcɪ/,*/kˌuŋnˈœʃka/,*/kˌuŋnˈœʃcɪrɪ/,*/əŋnˈœʃcɪ/,*/əŋnˈœʃcɪ/,*/əŋnˈœʃka/,*/əŋnˈœʃcɪrɪ/,*/kˌuŋnˈœʃta/,*/kˌuŋnˈœʃta/,*/kˌuŋnˈœʃkata/,*/kˌuŋnˈœʃcɪrta/,*/əŋnˈœʃta/,*/əŋnˈœʃta/,*/əŋnˈœʃkata/,*/əŋnˈœʃcɪrta/,*/kˌuŋnˈɔʃcɪ/,*/kˌuŋnˈɔʃcɪ/,*/kˌuŋnˈɔʃka/,*/kˌuŋnˈɔʃcɪrɪ/,*/əŋnˈɔʃcɪ/,*/əŋnˈɔʃcɪ/,*/əŋnˈɔʃka/,*/əŋnˈɔʃcɪrɪ/,*/kˌuŋnˈɔʃta/,*/kˌuŋnˈɔʃta/,*/kˌuŋnˈɔʃkata/,*/kˌuŋnˈɔʃcɪrta/,*/əŋnˈɔʃta/,*/əŋnˈɔʃta/,*/əŋnˈɔʃkata/,*/əŋnˈɔʃcɪrta/,,,*/kˌumtˈœʃcɪ/,,*/kˌumtˈœʃta/,,,,,,,,,,,,,,,,,,,,,,,*/βˈɔlɪ/,,*/βˈɔlt/,,*/βˈɔlɪ/,,*/βˈɔl/,,,,,,,,,,,,,,,,,,,,*/lˈɔcɪ/,*/lˈɔka/,*/lˈɔkulɪ/,
R185,,,,,,,,,,,,,,,,,,,,,,,,,,,,,,,,,,,,,,,,,,,,,,,,,,,,,,,,,,,,,,,,,,,,,,,,,,,,,,,,,,,,,,,,,
R186,,,,,,,,,,,,,,,,,,,,,,,,,,,,,,,,,,,,,,,,,,,,,,,,,,,,,,,,,,,,,,,,,,,,,,,,,,,,,,,,,,,,,,,,,
R187,,,,,,,,,,,,,,,,,,,,,,,,,,,,,,,,,,,,,,,,,,,,,,,,,,,,,,,,,,,,,,,,,,,,,,,,,,,,,,,,,,,,,,,,,
R188,,,,,,,,,,,,,,,,,,,,,,,,,,,,,,,,,,,,,,,,,,,,,,,,,,,,*/fˈɛːrta/,,*/fˈɛːrta/,,*/fˈɛːrta/,,,,,,,,,,,,,,,,,,,,,,,,,,,,,,,,,
R189,,,,,,,,,,,,,,,,,,,,,,,,,,,,,,,,,,,,,,,,,,,,,,,,,,,,,,,,,,,,,,,,,,,,,,,,,,,,,,,,,,,,,,,,,
R190,,,,,,,,,,,,,,,,,,,,,,,,,,,,,,,,,,,,,,,,,,,,,,,,,,,,,,,,,,,,,,,,,,,,,,,,,,,,,,,,,,,,,,,,,
R191,,,,,,,,,,,,,,,,,,,,,,,,,,,,,,,,,,,,,,,,,,,,,,,,,,,,,,,,,,,,,,,,,,,,,,,,,,,,,,,,,,,,,,,,,
R192,,,,,,,,,,,,,,,,,,,,,,,,,,,,,,,,,,,,,,,,,,,,,,,,,,,,,,,,,,,,,,,,,,,,,,,,,,,,,,,,,,,,,,,,,
R193,,,,,,,,,,,,,,,,,,,,,,,,,,,,,,,,,,,,,,,,,*/kˈumta/,,*/kˈumta/,,,,,,,,,,,,,,,,,,,,,,,,,,,,,,,,,,,,,,,,,,,,,,
R194,,,,,,,,,,,,,,,,,,,,,,,,,,,,,,,,,,,,,,,,,,,,,,,,,,,,,,,,,,,,,,,,,,,,,,,,,,,,,,,,,,,,,,,,,
R195,,,,,,,,,,,,,,,,,,,,,,,,,,,,,,,,,,,,,,,,,,,,,,,,,,,,,,,,,,,,,,,,,,,,,,,,,,,,,,,,,,,,,,,,,
R196,,,,*/kˌuŋnˈœʃcɪɾɪ/,,,,*/əŋnˈœʃcɪɾɪ/,,,,*/kˌuŋnˈœʃcɪɾta/,,,,*/əŋnˈœʃcɪɾta/,,,,*/kˌuŋnˈɔʃcɪɾɪ/,,,,*/əŋnˈɔʃcɪɾɪ/,,,,*/kˌuŋnˈɔʃcɪɾta/,,,,*/əŋnˈɔʃcɪɾta/,,,,,,,,*/kˌumtˈeɾɪ/,,,,*/kˌumtˈaɾta/,*/fˈeɛɾɪ/,*/fjˈɛɾɪ/,,*/fˈɛɾɪ/,,,*/fjˈɛɾɪ/,*/fˈɛːɾta/,*/fˈeɛɾta/,*/fˈɛːɾta/,,*/fˈɛːɾta/,,,,,,,,,,,,,*/pˌɛɾmˌanːˌaɾˈiː/,*/pˌɛɾmˌanːˌaɾˈiːta/,*/pˌɛɾmˌanːˈerːjɛ/,*/pˌɛɾmˈanːarːjɛta/,*/pˌɛɾmˌanːˈeɾja/,*/pˌɛɾmˈanːaɾjata/,*/pˌɛɾmˈanːaɾɪɾɪ/,*/pˌɛɾmˈanːaɾɪɾta/,,,,,,,*/pləcˈeɾta/,*/pləcˈiɾɪ/,,,,,
R197,,,,,,,,,,,,,,,,,,,,,,,,,,,,,,,,,,,,,,,,,,,,,,,,,,,,,,,,,,,,,,,,,,,,,,,,,,,,,,,,,,,,,,,,,
R198,,,,,,,,,,,,,,,,,,,,,,,,,,,,,,,,,,,,,,,,,,,,,,,,,,,,,,,,,,,,,,,,,,,,,,,,,,,,,,,,,,,,,,,,,
R199,,,,,,,,,,,,,,,,,,,,,,,,,,,,,,,,,,,,,,,,,,,,,,,,,,,,,,,,,,,,,,,,,,,,,,,,,,,,,,,,,,,,,,,,,
R200,,,,,,,,,,,,,,,,,,,,,,,,,,,,,,,,,,,,,,,,,,,,,,,,,,,,,,,,,,,,,,,,,,,,,,,,,,,,,,,,,,,,,,,,,
R201,,,,,,,,,,,,,,,,,,,,,,,,,,,,,,,,,,,,,,,,,,,,,,,,,,,,,,,,,,,,,,,,,,,,,,,,,,,,,,,,,,,,,,,,,
R202,,,,,,,,,,,,,,,,,,,,,,,,,,,,,,,,,,,,,,,,,,,,,,,,,,,,,,,,,,,,,,,,,,,,,,,,,,,,,,,,,,,,,,,,,
R203,,,,,,,,,,,,,,,,,,,,,,,,,,,,,,,,,,,,,,*/kˌumtˈeː/,,,,*/cˌumtˈaːta/,,,*/fˈeɾɪ/,,,,*/fˈi/,*/fˌi/,,,*/fˈeɾta/,,,,*/fˈita/,*/fˈita/,,,,,,,,,,,,,,,,,,,,,,*/pləcˈeːta/,,,,,,,,,
R204,,,,,,,,,,,,,,,,,,,,,,,,,,,,,,,,,,,,,,,,,,,,,,,,,,,,,,,,,,,,,,,,,,,,,,,,,,,,,,,,,,,,,,,,,
R205,,,,,,,,,,,,,,,,,,,,,,,,,,,,,,,,,,,,,,,,,,,,,,,,,,,,,,,,,,,,,,,,,,,,,,,,,,,,,,,,,,,,,,,,,
R206,,,,,,,,,,,,,,,,,,,,,,,,,,,,,,,,,,,,,,,,,,,,,,,,,,,,,,,,,,,,,,,,,,,,,,,,,,,,,,,,,,,,,,,,,
R207,,,,,,,,,,,,,,,,,,,,,,,,,,,,,,,,,,,,,,,,,,,,,,,,,,,,,,,,,,,,,,,,,,,,,,,,,,,,,,,,,,,,,,,,,
R208,,,,,,,,,,,,,,,,,,,,,,,,,,,,,,,,,,,,,,,,,,,,,,,,,,,,,,,,,,,,,,,,,,,,,,,,,,,,,,,,,,,,,,,,,
R209,,,,,,,,,,,,,,,,,,,,,,,,,,,,,,,,,,,,,,,,,,,,,,,,,,,,,,,,,,,,,,,,,,,,,,,,,,,,,,,,,,,,,,,,,
R210,,,,,,,,,,,,,,,,,,,,,,,,,,,,,,,,,,,,,,,,,,,,,,,,,,,,,,,,,,,,,,,,,,,,,,,,,,,,,,,,,,,,,,,,,
R211,,,,,,,,,,,,,,,,,,,,,,,,,,,,,,,,,,,,,,,,,,,,,,,,,,,,,,,,,,,,,,,,,,,,,,,,,,,,,,,,,,,,,,,,,
R212,,,,,,,,,,,,,,,,,,,,,,,,,,,,,,,,,,,,,,,,,,,,,,,,,,,,,,,,,,,,,,,,,,,,,,,,,,,,,,,,,,,,,,,,,
R213,,,,,,,,,,,,,,,,,,,,,,,,,,,,,,,,,,,,,,,,,,,,,,,,,,,,,,,,,,,,,,,,,,,,,,,,,,,,,,,,,,,,,,,,,
R214,,,,,,,,,,,,,,,,,,,,,,,,,,,,,,,,,,,,,,,,,,,,,,,,,,,,,,,,,,,,,,,,,,,,,,,,,,,,,,,,,,,,,,,,,
R215,,,,,,,,,,,,,,,,,,,,,,,,,,,,,,,,,,,,,,,,,,,,,,,,,,,,,,,,,,,,,,,,,,,,,,,,,,,,,,,,,,,,,,,,,
R216,,,,,,,,,,,,,,,,,,,,,,,,,,,,,,,,,,,,,,,,,,,,,,,,,,,,,,,,,,,,,,,,,,,,,,,,,,,,,,,,,,,,,,,,,
R217,,,,,,,,,,,,,,,,,,,,,,,,,,,,,,,,,,,,,,,,,,,,,,,,,,,,,,,,,,,,,,,,,,,,,,,,,,,,,,,,,,,,,,,,,*/βˌɛɾ̃ˈita/
R218,*/kˌuːŋnˈœʃcɪ/,*/kˌuːŋnˈœʃcɪ/,*/kˌuːŋnˈœʃka/,*/kˌuːŋnˈœʃcɪɾɪ/,,,,,*/kˌuːŋnˈœʃta/,*/kˌuːŋnˈœʃta/,*/kˌuːŋnˈœʃkata/,*/kˌuːŋnˈœʃcɪɾta/,,,,,*/kˌuːŋnˈɔʃcɪ/,*/kˌuːŋnˈɔʃcɪ/,*/kˌuːŋnˈɔʃka/,*/kˌuːŋnˈɔʃcɪɾɪ/,,,,,*/kˌuːŋnˈɔʃta/,*/kˌuːŋnˈɔʃta/,*/kˌuːŋnˈɔʃkata/,*/kˌuːŋnˈɔʃcɪɾta/,,,,,,*/kˌuːmtˈeʃcɪ/,*/kˌuːmtˈœʃcɪ/,*/kˌuːmtˈaʃta/,*/kˌuːmtˈœʃta/,*/kˌuːmtˈeː/,,*/kˌuːmtˈeɾɪ/,,*/cˌuːmtˈaːta/,,*/kˌuːmtˈaɾta/,,,,,,,,,,,,,,,,,,,,,,,,,,,,,,,,,,,,,,,,,,,,,
R219,,,,,,,,,,,,,,,,,,,,,,,,,,,,,,,,,,,,,,,,,,,,,,,,,,,,,,,,,,,,,,,,,,,,,,,,,,,,,,,,,,,,,,,,,
R220,,,,,,,,,,,,,,,,,,,,,,,,,,,,,,,,,,,,,,,,,,,,,,,,,,,,,,,,,,,,,,,,,,,,,,,,,,,,,,,,,,,,,,,,,
R221,,,,,,,,,,,,,,,,,,,,,,,,,,,,,,,,,,,,,,,,,,,,,,,,,,,,,,,,,,,,,,,,,,,,,,,,,,,,,,,,,,,,,,,,,
R222,,,,,,,,,,,,,,,,,,,,,,,,,,,,,,,,,,,,,,,,,,,,,,,,,,,,,,,,,,,,,,,,,,,,,,,,,,,,,,,,,,,,,,,,,
R223,,,,,,,,,,,,,,,,,,,,,,,,,,,,,,,,,,,,,,,,,,,,,,,,,,,,,,,,,,,,,,,,,,,,,,,,,,,,,,,,,,,,,,,,,
R224,,,,,,,,,,,,,,,,,,,,,,,,,,,,,,,,,,,,,,,,,,,,,,,,,,,,,,,,,,,,,,,,,,,,,*/pˌɛɾmənːˌaɾˈiː/,*/pˌɛɾmənːˌaɾˈiːta/,*/pˌɛɾmənːˈerːjɛ/,,*/pˌɛɾmənːˈeɾja/,,,,,,,,,,,,,,,,
R225,,,,,,,,,,,,,,,,,,,,,,,,,,,,,,,,,,,,,,,,,,,,,,,,,,,,,,,,,,,,,,,,,,,,,,,,,,,,,,,,,,,,,,,,,
R226,,,,,,,,,,,,,,,,,,,,,,,,,,,,,,,,,,,,,,,,,,,,,,,,,,,,,,,,,,,,,,,,,,,,,,,,,,,,,,,,,,,,,,,,,
R227,,,,,,,,,,,,,,,,,,,,,,,,,,,,,,,,,,,,,,,,,,,,,,,,,,,,,,,,,,,,,,,,,,,,,,,,,,,,,,,,,,,,,,,,,
R228,,,,,,,,,,,,,,,,,,,,,,,,,,,,,,,,,,,,,,,,,,,,,,,,,,,,,,,,,,,,,,,,,,,,,*/pɪɾmənːˌaɾˈiː/,*/pɪɾmənːˌaɾˈiːta/,*/pɪɾmənːˈerːjɛ/,*/pɪɾmˈanːarːjɛta/,*/pɪɾmənːˈeɾja/,*/pɪɾmˈanːaɾjata/,*/pɪɾmˈanːaɾɪɾɪ/,*/pɪɾmˈanːaɾɪɾta/,,,,,,,,,,,,,
R229,,,,,,,,,,,,,,,,,,,,,,,,,,,,,,,,,,,,,,,,,,,,,,,,,,,,,,,,,,,,,,,,,,,,,,,,,,,,,,,,,,,,,,,,,*/βɪɾ̃ˈita/
R230,,,,,,,,,,,,,,,,,,,,,,,,,,,,,,,,,,,,,,,,,,,,,,,,,,,,,,,,,,,,,,,,,,,,,,,,,,,,,,,,,,,,,,,,,
R231,,,,,,,,,,,,,,,,,,,,,,,,,,,,,,,,,,,,,,,,,,,,,,,,,,,,,,,,,,,,,,,,,,,,,,,,,,,,,,,,,,,,,,,,,
R232,,,,,,,,,,,,,,,,,,,,,,,,,,,,,,,,,,,,,,,,,,,,,,,,,,,,,,,,,,,,,,,,,,,,,,,,,,,,,,,,,,,,,,,,,
R233,,,,,,,,,,,,,,,,,,,,,,,,,,,,,,,,,,,,,,,,,,,,,,,,,,,,,,,,,,,,,,,,,,,,,,,,,,,,,,,,,,,,,,,,,
R234,,,,,,,,,,,,,,,,,,,,,,,,,,,,,,,,,,,,,,,,,,,,,,,,,,,,,,,,,,,,,,,,,,,,,,,,,,,,,,,,,,,,,,,,,
R235,,,,,,,,,,,,,,,,,,,,,,,,,,,,,,,,,,,,,,,,,,,,,,,,,,,,,,,,,,,,,,,,,,,,,,,,,,,,,,,,,,,,,,,,,
R236,,,,,,,,,,,,,,,,,,,,,,,,,,,,,,,,,,,,,,,,,,,,,,,,,,,,,,,,,,,,,,,,,,,,,,,,,,,,,,,,,,,,,,,,,
R237,,,,,,,,,,,,,,,,,,,,,,,,,,,,,,,,,,,,,,,,,,,,,,,,,,,,,,,,,,,,,,,,,,,,,,,,,,,,,,,,,,,,,,,,,
R238,,,,,,,,,,,,,,,,,,,,,,,,,,,,,,,,,,,,,,,,,,,,,,,,,,,,,,,,,,,,,,,,,,,,,,,,,,,,,,,,,,,,,,,,,
R239,,,,,,,,,,,,,,,,,,,,,,,,,,,,,,,,,,,,,,,,,,,,,,,,,,,,,,,,,,,,,,,,,,,,,,,,,,,*/pɪɾmˈanːaɾɾɪ/,*/pɪɾmˈanːaɾɾta/,,,,,,,,,,,,,
R240,*/kˌũːŋnˈœʃcɪ/,*/kˌũːŋnˈœʃcɪ/,*/kˌũːŋnˈœʃka/,*/kˌũːŋnˈœʃcɪɾɪ/,*/ə̃ŋnˈœʃcɪ/,*/ə̃ŋnˈœʃcɪ/,*/ə̃ŋnˈœʃka/,*/ə̃ŋnˈœʃcɪɾɪ/,*/kˌũːŋnˈœʃta/,*/kˌũːŋnˈœʃta/,*/kˌũːŋnˈœʃkata/,*/kˌũːŋnˈœʃcɪɾta/,*/ə̃ŋnˈœʃta/,*/ə̃ŋnˈœʃta/,*/ə̃ŋnˈœʃkata/,*/ə̃ŋnˈœʃcɪɾta/,*/kˌũːŋnˈɔʃcɪ/,*/kˌũːŋnˈɔʃcɪ/,*/kˌũːŋnˈɔʃka/,*/kˌũːŋnˈɔʃcɪɾɪ/,*/ə̃ŋnˈɔʃcɪ/,*/ə̃ŋnˈɔʃcɪ/,*/ə̃ŋnˈɔʃka/,*/ə̃ŋnˈɔʃcɪɾɪ/,*/kˌũːŋnˈɔʃta/,*/kˌũːŋnˈɔʃta/,*/kˌũːŋnˈɔʃkata/,*/kˌũːŋnˈɔʃcɪɾta/,*/ə̃ŋnˈɔʃta/,*/ə̃ŋnˈɔʃta/,*/ə̃ŋnˈɔʃkata/,*/ə̃ŋnˈɔʃcɪɾta/,*/kˈũmta/,*/kˌũːmtˈeʃcɪ/,*/kˌũːmtˈœʃcɪ/,*/kˌũːmtˈaʃta/,*/kˌũːmtˈœʃta/,*/kˌũːmtˈeː/,*/kˈũmtɪ/,*/kˌũːmtˈeɾɪ/,*/kˈũmta/,*/cˌũːmtˈaːta/,*/kˈũmta/,*/kˌũːmtˈaɾta/,,,,,,,,,,,,,,,,,,,,,,,,*/tˈɛ̃mpu/,*/pɪɾmə̃nːˌaɾˈiː/,*/pɪɾmə̃nːˌaɾˈiːta/,*/pɪɾmə̃nːˈerːjɛ/,*/pɪɾmˈãnːarːjɛta/,*/pɪɾmə̃nːˈeɾja/,*/pɪɾmˈãnːaɾjata/,*/pɪɾmˈãnːaɾɾɪ/,*/pɪɾmˈãnːaɾɾta/,,,,,,,,,*/βˈɛ̃ntaj/,,,,*/βɪ̃ɾ̃ˈita/
R241,,,,,,,,,,,*/kˌũːŋnˈœʃkɐta/,,,,*/ə̃ŋnˈœʃkɐta/,,,,,,,,,,,,*/kˌũːŋnˈɔʃkɐta/,,,,*/ə̃ŋnˈɔʃkɐta/,,,,,,,,,,,,,,,,,,,,,,,,*/fˈiɐta/,,,,,,,,,,,,,,,,,*/pɪɾmˈãnːɐrːjɛta/,,*/pɪɾmˈãnːɐɾjɐta/,*/pɪɾmˈãnːɐɾɾɪ/,*/pɪɾmˈãnːɐɾɾta/,,,,,,*/plˈacjɐta/,,,,,,,
R242,,,,,,,,,,,,,,,,,,,,,,,,,,,,,,,,,,,,,,,,,,,,,,,,,,,,,,,,,,,,,,,,,,,,,,,,,,,,,,,,,,,,,,,,,
=Late Proto-Albanian II,null*/kˌũːŋnˈœʃcɪ/,null*/kˌũːŋnˈœʃcɪ/,null*/kˌũːŋnˈœʃka/,null*/kˌũːŋnˈœʃcɪɾɪ/,null*/ə̃ŋnˈœʃcɪ/,null*/ə̃ŋnˈœʃcɪ/,null*/ə̃ŋnˈœʃka/,null*/ə̃ŋnˈœʃcɪɾɪ/,null*/kˌũːŋnˈœʃta/,null*/kˌũːŋnˈœʃta/,null*/kˌũːŋnˈœʃkɐta/,null*/kˌũːŋnˈœʃcɪɾta/,null*/ə̃ŋnˈœʃta/,null*/ə̃ŋnˈœʃta/,null*/ə̃ŋnˈœʃkɐta/,null*/ə̃ŋnˈœʃcɪɾta/,null*/kˌũːŋnˈɔʃcɪ/,null*/kˌũːŋnˈɔʃcɪ/,null*/kˌũːŋnˈɔʃka/,null*/kˌũːŋnˈɔʃcɪɾɪ/,null*/ə̃ŋnˈɔʃcɪ/,null*/ə̃ŋnˈɔʃcɪ/,null*/ə̃ŋnˈɔʃka/,null*/ə̃ŋnˈɔʃcɪɾɪ/,null*/kˌũːŋnˈɔʃta/,null*/kˌũːŋnˈɔʃta/,null*/kˌũːŋnˈɔʃkɐta/,null*/kˌũːŋnˈɔʃcɪɾta/,null*/ə̃ŋnˈɔʃta/,null*/ə̃ŋnˈɔʃta/,null*/ə̃ŋnˈɔʃkɐta/,null*/ə̃ŋnˈɔʃcɪɾta/,null*/kˈũmta/,null*/kˌũːmtˈeʃcɪ/,null*/kˌũːmtˈœʃcɪ/,null*/kˌũːmtˈaʃta/,null*/kˌũːmtˈœʃta/,null*/kˌũːmtˈeː/,null*/kˈũmtɪ/,null*/kˌũːmtˈeɾɪ/,null*/kˈũmta/,null*/cˌũːmtˈaːta/,null*/kˈũmta/,null*/kˌũːmtˈaɾta/,null*/fˈeɾɪ/,null*/fjˈɛɾɪ/,null*/fˈia/,null*/fˈɛɾɪ/,null*/fˈi/,null*/fˌi/,null*/fjˈɛɾɪ/,null*/fˈɛːɾta/,null*/fˈeɾta/,null*/fˈɛːɾta/,null*/fˈiɐta/,null*/fˈɛːɾta/,null*/fˈita/,null*/fˈita/,null*/βˈɛlɪ/,null*/βˈɔlɪ/,null*/βˈult/,null*/βˈɔlt/,null*/βˈɛlɪ/,null*/βˈɔlɪ/,null*/βˈul/,null*/βˈɔl/,null*/lˈiɟɪ/,null*/tˈɛ̃mpu/,null*/pɪɾmə̃nːˌaɾˈiː/,null*/pɪɾmə̃nːˌaɾˈiːta/,null*/pɪɾmə̃nːˈerːjɛ/,null*/pɪɾmˈãnːɐrːjɛta/,null*/pɪɾmə̃nːˈeɾja/,null*/pɪɾmˈãnːɐɾjɐta/,null*/pɪɾmˈãnːɐɾɾɪ/,null*/pɪɾmˈãnːɐɾɾta/,null*/plˈacɪ/,null*/plˈaʎɪta/,null*/pləcˈiː/,null*/pləcˈeːta/,null*/plˈacja/,null*/plˈacjɐta/,null*/pləcˈeɾta/,null*/pləcˈiɾɪ/,null*/βˈɛ̃ntaj/,null*/lˈɔcɪ/,null*/lˈɔka/,null*/lˈɔkulɪ/,null*/βɪ̃ɾ̃ˈita/
R243,,,,,,,,,,,,,,,,,,,,,,,,,,,,,,,,,,,,,,,,,,,,,,,,,,,,,,,,,,,,,,,,,,,,,,,,,,,,,,,,,,,,,,,,,
R244,,,,,,,,,,,,,,,,,,,,,,,,,,,,,,,,,,,,,,,,,,,,,,,,,,,,,,,,,,,,,,,,,,,,,,,,,,,,,,,,,,,,,,*/lˠˈɔcɪ/,*/lˠˈɔka/,*/lˠˈɔkulɪ/,
R245,,,,,,,,,,,,,,,,,,,,,,,,,,,,,,,,,,,,,,,,,,,,,,,,,,,,,,,,,,,,,,,,,,,,,,,,,,,,,,,,,,,,,,,,,
R246,,,,,,,,,,,,,,,,,,,,,,,,,,,,,,,,,,,,,,,,,,,,,,,,,,,,,,,,,,,,,,,,,,,,,,,,,,,,,,,,,,,,,,,,,
R247,,,,,,,,,,,,,,,,,,,,,,,,,,,,,,,,,,,,,,,,,,,,,,,,,,,,,,,,,,,,,,,,,,,,,,,,,,,,,,,,,,,,,,,,,
R248,,,,,,,,,,,,,,,,,,,,,,,,,,,,,,,,,,,,,,,,,,,,,,,,,,,,,,,,,,,,,,,,,,,,,,,,,,,,,,,,,,,,,,,,,
R249,,,,,,,,,,,,,,,,,,,,,,,,,,,,,,,,,,,,,,,,*/kˌũːmtˈeːɾɪ/,,,,,*/fˈeːɾɪ/,*/fjˈɛːɾɪ/,,*/fˈɛːɾɪ/,,,*/fjˈɛːɾɪ/,,,,,,,,,,,,,,,,,,,,,,,,,,,,,,,,,*/pləcˈiːɾɪ/,,,,,
R250,,,,,,,,,,,,,,,,,,,,,,,,,,,,,,,,,,,,,,,,,,,,,,,,,,,,,,,,,,,,,,,,,,,,,,,,,,,,,,,,,,,,,,,,,
R251,,,,,,,,,,,,,,,,,,,,,,,,,,,,,,,,,,,,,,,,,,,,,,,,,,,,,,,,,,,,,,,,,,,,,,,,,,,,,,,,,,,,,,,,,
R252,,,,,,,,,,,,,,,,,,,,,,,,,,,,,,,,,,,,,,,,,,,,,,,,,,,,,,,,,,,,,,,,,,,,,,,,,,,,,,,,,,,,,,,,,
R253,,,,,,,,,,,,,,,,,,,,,,,,,,,,,,,,,,,,,,,,,,,,,,,,,,,,,,,,,,,,,,,,,,,,,,,,,,,,,,,,,,,,,,,,,
R254,,,,,,,,,,,,,,,,,,,,,,,,,,,,,,,,,,,,,,,,,,,,,,,,,,,,,,,,,,,,,,,,,,,,,,,,,,,,,,,,,,,,,,,,,
R255,,,,,,,,,,,,,,,,,,,,,,,,,,,,,,,,,,,,,,,,,,,,,,,,,,,,,,,,,,,,,,,,,,,,,,,,,,,,,,,,,,,,,,,,,
R256,,,,,,,,,,,,,,,,,,,,,,,,,,,,,,,,,,,,,,,,,,,,,,,,,,,,,,,,,,,,,,,,,,,,,,,,,,,,,,,,,,,,,,,,,
R257,,,,,,,,,,,,,,,,,,,,,,,,,,,,,,,,,,,,,,,,,,,,,,,,,,,,,,,,,,,,,,,,,,,,,,,,,,,,,,,,,,,,,,,,,
R258,,,,,,,,,,,,,,,,,,,,,,,,,,,,,,,,,,,,,,,,,,,,,,,,,,,,,,,,,,,,,,,,,,,,,,,,,,,,,,,,,,,,,,,,,
R259,,,,,,,,,,,,,,,,,,,,,,,,,,,,,,,,,,,,,,,,,,,,,,,,,,,,,,,,,,,,,,,,,,,,,,,,,,,,,,,,,,,,,,,,,
R260,,,,,,,,,,,,,,,,,,,,,,,,,,,,,,,,,,,,,,,,,,,,,,,,,,,,,,,,,,,,,,,,,,,,,,,,,,,,,,,,,,,,,,,,,
R261,,,,,,,,,,,,,,,,,,,,,,,,,,,,,,,,,,,,,,,,,,,,,,,,,,,,,,,,,,,,,,,,,,,,,,,,,,,,,,,,,,,,,,,,,
R262,,,,,,,,,,,,,,,,,,,,,,,,,,,,,,,,,,,,,,,,,,,,,,,,,,,,,,,,,,,,,,,,,,,,,,,,,,,,,,,,,,,,,,,,,
R263,,,,,,,,,,,,,,,,,,,,,,,,,,,,,,,,,,,,,,,,,,,,,,,,,,,,,,,,,,,,,,,,,,,,,,,,,,,,,,,,,,,,,,,,,
R264,,,,,,,,,,,,,,,,,,,,,,,,,,,,,,,,,,,,,,,,,,,,,,,,,,,,,,,,,,,,,,,,,,,,,,,,,,,,,,,,,,,,,,,,,
R265,,,,,,,,,,,,,,,,,,,,,,,,,,,,,,,,,,,,,,,,,,,,,,,,,,,,,,,,,,,,,,,,,,,,,,,,,,,,,,,,,,,,,,,,,
R266,,,,,,,,,,,,,,,,,,,,,,,,,,,,,,,,,,,,,,,,,,,,,,,,,,,,,,,,,,,,,,,,,,,,,,,,,,,*/pɪɾmˈãnːɐrːɪ/,*/pɪɾmˈãnːɐrːta/,,,,,,,,,,,,,
R267,,,,,,,,,,,,,,,,,,,,,,,,,,,,,,,,,,,,,,,,,,,,,,,,,,,,,,,,,,,,,,,,,,,,,,,,,,,,,,,,,,,,,,,,,
R268,,,,,,,,,,,,,,,,,,,,,,,,,,,,,,,,,,,,,,,,,,,,,,,,,,,,,,,,,,,,,,,,,,,,,,,,,,,,,,,,,,,,,,,,,
R269,,,,,,,,,,,,,,,,,,,,,,,,,,,,,,,,,,,,,,,,,,,,,,,,,,,,,,,,,,,,,,,,,,,,,,,,,,,,,,,,,,,,,,,,,
R270,,,,,,,,,,,,,,,,,,,,,,,,,,,,,,,,,,,,,,,,,,,,,,,,,,,,,,,,,,,,,,,,,,,,,,,,,,,,,,,,,,,,,,,,,
R271,,,,,,,,,,,,,,,,,,,,,,,,,,,,,,,,,,,,,,,,,,,,,,,,,,,,,,,,,,,,,,,,,,,,,,,,,,,,,,,,,,,,,,,,,
R272,,,,,,,,,,,,,,,,,,,,,,,,,,,,,,,,,,,,,,,,,,,,,,,,,,,,,,,,,,,,,,,,,,,,,,,,,,,,,,,,,,,,,,,,,
R273,,,,,,,,,,,,,,,,,,,,,,,,,,,,,,,,,,,,,,,,,,,,,,,,,,,,,,,,,,,,,,,,,,,,,,,,,,,,,,,,,,,,,,,,,
R274,,,,,,,,,,,,,,,,,,,,,,,,,,,,,,,,,,,,,,,,,,,,,,,,,,,,,,,,,,,,,,,,,,,,,,,,,,,,,,,,,,,,,,,,,
R275,,,,,,,,,,,,,,,,,,,,,,,,,,,,,,,,,,,,,,,,,,,,,,,,,,,,,,,,,,,,,,,,,,,,,,,,,,,,,,,,,,,,,,,,,
R276,,,,,,,,,,,,,,,,,,,,,,,,,,,,,,,,,,,,,,,,,,,,,,,,,,,,,,,,,,,,,,,,,,,,,,,,,,,,,,,,,,,,,,,,,
R277,,,,,,,,,,,,,,,,,,,,,,,,,,,,,,,,,,,,,,,,,,,,,,*/fjˈiəɾɪ/,,*/fˈiəɾɪ/,,,*/fjˈiəɾɪ/,*/fˈiəɾta/,,*/fˈiəɾta/,,*/fˈiəɾta/,,,,,,,,,,,,,,,,,,,,,,,,,,,,,,,,,
R278,,,,,,,,,,,,,,,,,,,,,,,,,,,,,,,,,,,,,,,,,,,,,,,,,,,,,,,,,,,,,,,,,,,,,,,,,,,,,,,,,,,,,,,,,
R279,,,,,,,,,,,,,,,,,,,,,,,,,,,,,,,,,,,,,,,,,,,,,,,,,,,,,,,,,,,,,,,,,,,,,,,,,,,,,,,,,,,,,,,,,
R280,,,,,,,,,,,,,,,,,,,,,,,,,,,,,,,,,,,,,,,,,,,,,,*/fjˈie̯ɾɪ/,,*/fˈie̯ɾɪ/,,,*/fjˈie̯ɾɪ/,*/fˈie̯ɾta/,,*/fˈie̯ɾta/,,*/fˈie̯ɾta/,,,,,,,,,,,,,,,,,,,,,,,,,,,,,,,,,
R281,,,,,,,,,,,,,,,,,,,,,,,,,,,,,,,,,,,,,,,,,,,,,,,,,,,,,,,,,,,,*/βˈɔlˠɪ/,,,,*/βˈɔlˠɪ/,,,,,,,,,,,,,,,,,,,,,,,,*/lˠˈɔkulˠɪ/,
R282,,,,,,,,,,,,,,,,,,,,,,,,,,,,,,,,,,,,,,,,,,,,,,,,,,,,,,,,,,,,,,,,,,,,,,,,,,,,,,,,,,,,,,,,,
R283,*/kˌũːŋnˈœʃcə/,*/kˌũːŋnˈœʃcə/,,*/kˌũːŋnˈœʃcəɾə/,*/ə̃ŋnˈœʃcə/,*/ə̃ŋnˈœʃcə/,,*/ə̃ŋnˈœʃcəɾə/,,,,*/kˌũːŋnˈœʃcəɾta/,,,,*/ə̃ŋnˈœʃcəɾta/,*/kˌũːŋnˈɔʃcə/,*/kˌũːŋnˈɔʃcə/,,*/kˌũːŋnˈɔʃcəɾə/,*/ə̃ŋnˈɔʃcə/,*/ə̃ŋnˈɔʃcə/,,*/ə̃ŋnˈɔʃcəɾə/,,,,*/kˌũːŋnˈɔʃcəɾta/,,,,*/ə̃ŋnˈɔʃcəɾta/,,*/kˌũːmtˈeʃcə/,*/kˌũːmtˈœʃcə/,,,,*/kˈũmtə/,*/kˌũːmtˈeːɾə/,,,,,*/fˈeːɾə/,*/fjˈie̯ɾə/,,*/fˈie̯ɾə/,,,*/fjˈie̯ɾə/,,,,,,,,*/βˈɛlə/,*/βˈɔlˠə/,,,*/βˈɛlə/,*/βˈɔlˠə/,,,*/lˈiɟə/,,*/pəɾmə̃nːˌaɾˈiː/,*/pəɾmə̃nːˌaɾˈiːta/,*/pəɾmə̃nːˈerːjɛ/,*/pəɾmˈãnːɐrːjɛta/,*/pəɾmə̃nːˈeɾja/,*/pəɾmˈãnːɐɾjɐta/,*/pəɾmˈãnːɐrːə/,*/pəɾmˈãnːɐrːta/,*/plˈacə/,*/plˈaʎəta/,,,,,,*/pləcˈiːɾə/,,*/lˠˈɔcə/,,*/lˠˈɔkulˠə/,*/βə̃ɾ̃ˈita/
R284,,,,,,,,,,,,,,,,,,,,,,,,,,,,,,,,,,,,,,,,,,,,,,,,,,,,,,,,,,,,,,,,,,,,,,,,,,,,,,,,,,,,,,,,,
R285,,,,,,,,,,,,,,,,,,,,,,,,,,,,,,,,,,,,,,,,,,,,,,,,,,,,,,,,,,,,,,,,,,,,,,,,,,,,,,,,,,,,,,,,,
R286,,,,,,,,,,,,,,,,,,,,,,,,,,,,,,,,,,*/kˌũːmtˈɛʃcə/,,,,*/kˌũːmtˈɛː/,,*/kˌũːmtˈɛːɾə/,,,,,*/fˈɛːɾə/,,,,,,,,*/fˈɛɾta/,,,,,,,,,,,,,,,,,,*/pəɾmə̃nːˈɛrːjɛ/,,*/pəɾmə̃nːˈɛɾja/,,,,,,,*/pləcˈɛːta/,,,*/pləcˈɛɾta/,,,,,,
R287,,,,,,,,,,,,,,,,,,,,,,,,,,,,,,,,,,,,,,,,,,,,,,,,,,,,,,,,,,,,,,,,,,,,,,,,,,,,,,,,,,,,,,,,,
R288,,,,,,,,,,,,,,,,,,,,,,,,,,,,,,,,,,,,,,,,,,,,,,,,,,,,,,,,,,,,,,,,,,,,,,,,,,,,,,,,,,,,,,,,,
R289,,,,,,,,,,,,,,,,,,,,,,,,,,,,,,,,,,,,,,,,,,,,,,,,,,,,,,,,,,,,,,,,,,,,,,,,,,,,,,,,,,,,,,,,,
R290,,,,,,,,,,,,,,,,,,,,,,,,,,,,,,,,,,,,,,,,,,,,,,,,,,,,,,,,,,,,,,,,,,,,,,,,,,,,,,,,,,,,,,,,,
R291,*/kˌũːŋnˈɛʃcə/,*/kˌũːŋnˈɛʃcə/,*/kˌũːŋnˈɛʃka/,*/kˌũːŋnˈɛʃcəɾə/,*/ə̃ŋnˈɛʃcə/,*/ə̃ŋnˈɛʃcə/,*/ə̃ŋnˈɛʃka/,*/ə̃ŋnˈɛʃcəɾə/,*/kˌũːŋnˈɛʃta/,*/kˌũːŋnˈɛʃta/,*/kˌũːŋnˈɛʃkɐta/,*/kˌũːŋnˈɛʃcəɾta/,*/ə̃ŋnˈɛʃta/,*/ə̃ŋnˈɛʃta/,*/ə̃ŋnˈɛʃkɐta/,*/ə̃ŋnˈɛʃcəɾta/,,,,,,,,,,,,,,,,,,,*/kˌũːmtˈɛʃcə/,,*/kˌũːmtˈɛʃta/,,,,,,,,,,,,,,,,,,,,,,,,,,,,,,,,,,,,,,,,,,,,,,,,,,,,
R292,,,,,,,,,,,,,,,,,,,,,,,,,,,,,,,,,,,,,,,,,,,,,,,,,,,,,,,,,,,,,,,,,,,,,,,,,,,,,,,,,,,,,,,,,
R293,,,,,,,,,,,,,,,,,,,,,,,,,,,,,,,,,,,,,,,,,,,,,,,,,,,,,,,,,,,,,,,,,,,,,,,,,,,,,,,,,,,,,,,,,
R294,,,,,,,,,,,,,,,,,,,,,,,,,,,,,,,,,,,,,,,,,,,,,,,,,,,,,,,,,,,,,,,,,,,,,,,,,,,,,,,,,,,,,,,,,
R295,,,,,,,,,,,,,,,,,,,,,,,,,,,,,,,,,,,,,,,,,,,,,,,,,,,,,,,,,,,,,,,,,,,,,,,,,,,,,,,,,,,,,,,,*/lˠˈɔkulˠu/,
R296,,,,,,,,,,,,,,,,,,,,,,,,,,,,,,,,,,,,,,,,,,,,,,,,,,,,,,,,,,,,,,,,,,,,,,,,,,,,,,,,,,,,,,,,,
R297,,,,,,,,,,,,,,,,,,,,,,,,,,,,,,,,,,,,,,,,,,,,,,,,,,,,,,,,,,,,,,,,,,,,,,,,,,,,,,,,,,,,,,,,,
R298,,,,,,,,,,,,,,,,,,,,,,,,,,,,,,,,,,,,,,,,,,,,,,,,,,,,,,,,,,,,,,,,,,,,,,,,,,,,,,,,,,,,,,,,,
R299,,,,,,,,,,,,,,,,,,,,,,,,,,,,,,,,,,,,,,,,,,,,,,,,,,,,,,,,,,,,,,,,,,,,,,,,,,,,,,,,,,,,,,,,,
R300,,,,,,,,,,,,,,,,,,,,,,,,,,,,,,,,,,,,,,,,,,,,,,,,,,,,,,,,,,,,,,,,,,,,,,,,,,,,,,,,,,,,,,,,,
R301,,,,,,,,,,,,,,,,,,,,,,,,,,,,,,,,,,,,,,,,,,,,,,,,,,,,,,,,,,,,,,,,,,,,,,,,,,,,,,,,,,,,,,,,,
R302,,,,,,,,,,,,,,,,,,,,,,,,,,,,,,,,,,,,,,,,,,,,,,,,,,,,,,,,,,,,,,,,,,,,,,,,,,,,,,,,,,,,,,,,,
R303,,,,,,,,,,,,,,,,,,,,,,,,,,,,,,,,,,,,,,,,,,,,,,,,,,,,,,,,,,,,,,,,,,,,,,,,,,,,,,,,,,,,,,,,,
R304,,,,,,,,,,,,,,,,,,,,,,,,,,,,,,,,,,,,,,,,,,,,,,,,,,,,,,,,,,,,,,,,,,,,,,,,,,,,,,,,,,,,,,,,,
R305,,,,,,,,,,,,,,,,,,,,,,,,,,,,,,,,,,,,,,,,,,,,,,,,,,,,,,,,,,,,,,,,,,,,,,,,,,,,,,,,,,,,,,,,,
R306,,,,,,,,,,,,,,,,,,,,,,,,,,,,,,,,,,,,,,,,,,,,,,,,,,,,,,,,,,,,,,,,,,,,,,,,,,,,,,,,,,,,,,,,,
R307,,,,,,,,,,,,,,,,,,,,,,,,,,,,,,,,,,,,,,,,,,,,,,,,,,,,,,,,,,,,,,,,,,,,,,,,,,,,,,,,,,,,,,,,,
R308,,,,,,,,,,,,,,,,,,,,,,,,,,,,,,,,,,,,,,,,,,,,,,,,,,,,,,,,,,,,,,,,,,,,,,,,,,,,,,,,,,,,,,,,,
R309,,,,,,,,,,,,,,,,,,,,,,,,,,,,,,,,,,,,,,,,,,,,,,,,,,,,,,,,,,,,,,,,,,,,,,,,,,,,,,,,,,,,,,,,,
R310,,,,,,,,,,,,,,,,,,,,,,,,,,,,,,,,,,,,,,,,,,,,,,,,,,,,,,,,,,,,,,,,,,,,,,,*/pəɾmə̃nːˈɑrːjɛ/,,,,,,,,,,,,,,,,,,
R311,,,,,,,,,,,,,,,,,,,,,,,,,,,,,,,,,,,,,,,,,,,,,,,,,,,,,,,,,,,,,,,,,,,,,,,,,,,,,,,,,,,,,,,,,
R312,,,,,,,,,,,,,,,,,,,,,,,,,,,,,,,,,,,,,,,,,,,,,,,,,,,,,,,,,,,,,,,,,,,,,,,,,,,,,,,,,,,,,,,,,
R313,,,,,,,,,,,,,,,,,,,,,,,,,,,,,,,,,,,,,,,,,,,,,,,,,,,,,,,,,,,,,,,,,,,,,,,,,,,,,,*/plˈaːʎəta/,,,,,,,,,,,
R314,,,,,,,,,,,,,,,,,,,,,,,,,,,,,,,,,,,,,,,,,,,,,,,,,,,,,,,,,,,,,,,,,,,,,,,,,,,,,,*/plˈaːʎta/,,,,,,,,,,,
R315,,,,,,,,,,,,,,,,,,,,,,,,,,,,,,,,,,,,,,,,,,,,*/kˌũːmtˈaːɾta/,,,,,,,,,*/fˈɛːɾta/,,,,,,*/βˈɛːlə/,*/βˈɔːlˠə/,*/βˈuːlt/,*/βˈɔːlt/,*/βˈɛːlə/,*/βˈɔːlˠə/,*/βˈuːl/,*/βˈɔːl/,,,,,*/pəɾmə̃nːˈɑːrːjɛ/,,*/pəɾmə̃nːˈɛːɾja/,,,,,,,,,,*/pləcˈɛːɾta/,,,,,,
R316,*/kˌũːŋnˈɛːʃcə/,*/kˌũːŋnˈɛːʃcə/,*/kˌũːŋnˈɛːʃka/,*/kˌũːŋnˈɛːʃcəɾə/,*/ə̃ŋnˈɛːʃcə/,*/ə̃ŋnˈɛːʃcə/,*/ə̃ŋnˈɛːʃka/,*/ə̃ŋnˈɛːʃcəɾə/,*/kˌũːŋnˈɛːʃta/,*/kˌũːŋnˈɛːʃta/,*/kˌũːŋnˈɛːʃkɐta/,*/kˌũːŋnˈɛːʃcəɾta/,*/ə̃ŋnˈɛːʃta/,*/ə̃ŋnˈɛːʃta/,*/ə̃ŋnˈɛːʃkɐta/,*/ə̃ŋnˈɛːʃcəɾta/,*/kˌũːŋnˈɔːʃcə/,*/kˌũːŋnˈɔːʃcə/,*/kˌũːŋnˈɔːʃka/,*/kˌũːŋnˈɔːʃcəɾə/,*/ə̃ŋnˈɔːʃcə/,*/ə̃ŋnˈɔːʃcə/,*/ə̃ŋnˈɔːʃka/,*/ə̃ŋnˈɔːʃcəɾə/,*/kˌũːŋnˈɔːʃta/,*/kˌũːŋnˈɔːʃta/,*/kˌũːŋnˈɔːʃkɐta/,*/kˌũːŋnˈɔːʃcəɾta/,*/ə̃ŋnˈɔːʃta/,*/ə̃ŋnˈɔːʃta/,*/ə̃ŋnˈɔːʃkɐta/,*/ə̃ŋnˈɔːʃcəɾta/,,*/kˌũːmtˈɛːʃcə/,*/kˌũːmtˈɛːʃcə/,*/kˌũːmtˈaːʃta/,*/kˌũːmtˈɛːʃta/,,,,,,,,,,,,,,,,,,,,,,,,,,,,,,,,,,,,,,,,,,,,,,,,,,,,
R317,,,,,,,,,,,,,,,,,,,,,,,,,,,,,,,,,,,,,,,,,,,,,,,,,,,,,,,,,,,,,,,,,,,,,,,,,,,,,,,,,,,,,,,,,
R318,,,,,,,,,,,,,,,,,,,,,,,,,,,,,,,,,,,,,,,,,,,,,,,,,,,,,,,,,,,,,,,,,,,,*/tˈɛ̃mpə/,,,,,,,,,,,,,,,,,,,,*/lˠˈɔkulˠə/,
R319,,,,,,,,,,,,,,,,,,,,,,,,,,,,,,,,,,,,,,,,,,,,,,,,,,,,,,,,,,,,,,,,,,,,,,,,,,,,,,,,,,,,,,,,,
R320,,,,,,,,,,,,,,,,,,,,,,,,,,,,,,,,,,,,,,,,,,,,,,,,,,,,,,,,,,,,,,,,,,,,,,,,,,,,,,,,,,,,,,,,,
R321,,,,,,,,,,,,,,,,,,,,,,,,,,,,,,,,,,,,,,,,,,,,,,,,,,,,,,,,,,,,,,,,,,,,,,,,,,,,,,,,,,,,,,,,,
R322,,,,,,,,,,,,,,,,,,,,,,,,,,,,,,,,,,,,,,,,,,,,,,,,,,,,,,,,,,,,,,,,,,,,,,,,,,,,,,,,,,,,,,,,,
R323,,,,,,,,,,,,,,,,,,,,,,,,,,,,,,,,,,,,,,,,,,,,,,,,,,,,,,,,,,,,,,,,,,,,,,,,,,,,,,,,,,,,,,,,,
R324,,,,,,,,,,,,,,,,,,,,,,,,,,,,,,,,,,,,,,,,,,,,,,,,,,,,,,,,,,,,,,,,,,,,,,,,,,,,,,,,,,,,,,,,,
R325,,,,,,,,,,,,,,,,,,,,,,,,,,,,,,,,,,,,,,,,,,,,,,,,,,,,,,,,,,,*/vˈɛːlə/,*/vˈɔːlˠə/,*/vˈuːlt/,*/vˈɔːlt/,*/vˈɛːlə/,*/vˈɔːlˠə/,*/vˈuːl/,*/vˈɔːl/,,,,,,,,,,,,,,,,,,,*/vˈɛ̃ntaj/,,,,*/və̃ɾ̃ˈita/
R326,,,,,,,,,,,,,,,,,,,,,,,,,,,,,,,,,,,,,,,,,,,,,,,,,,,,,,,,,,,,,,,,,,,,*/tˈɛ̃mbə/,,,,,,,,,,,,,,,,,*/vˈɛ̃ndaj/,,,,
R327,,,,,,,,,,,,,,,,,,,,,,,,,,,,,,,,,,,,,,,,,,,,,,,,,,,,,,,,,,,,,,,,,,,,,,,,,,,,,,,,,,,,,,,,,
R328,,,,,,,,,,,,,,,,,,,,,,,,,,,,,,,,,,,,,,,,,,,,,,,,,,,,,,,,,,,,,,,,,,,,,,,,,,,,,,,,,,,,,,,,,
=Late Proto-Albanian III,null*/kˌũːŋnˈɛːʃcə/,null*/kˌũːŋnˈɛːʃcə/,null*/kˌũːŋnˈɛːʃka/,null*/kˌũːŋnˈɛːʃcəɾə/,null*/ə̃ŋnˈɛːʃcə/,null*/ə̃ŋnˈɛːʃcə/,null*/ə̃ŋnˈɛːʃka/,null*/ə̃ŋnˈɛːʃcəɾə/,null*/kˌũːŋnˈɛːʃta/,null*/kˌũːŋnˈɛːʃta/,null*/kˌũːŋnˈɛːʃkɐta/,null*/kˌũːŋnˈɛːʃcəɾta/,null*/ə̃ŋnˈɛːʃta/,null*/ə̃ŋnˈɛːʃta/,null*/ə̃ŋnˈɛːʃkɐta/,null*/ə̃ŋnˈɛːʃcəɾta/,null*/kˌũːŋnˈɔːʃcə/,null*/kˌũːŋnˈɔːʃcə/,null*/kˌũːŋnˈɔːʃka/,null*/kˌũːŋnˈɔːʃcəɾə/,null*/ə̃ŋnˈɔːʃcə/,null*/ə̃ŋnˈɔːʃcə/,null*/ə̃ŋnˈɔːʃka/,null*/ə̃ŋnˈɔːʃcəɾə/,null*/kˌũːŋnˈɔːʃta/,null*/kˌũːŋnˈɔːʃta/,null*/kˌũːŋnˈɔːʃkɐta/,null*/kˌũːŋnˈɔːʃcəɾta/,null*/ə̃ŋnˈɔːʃta/,null*/ə̃ŋnˈɔːʃta/,null*/ə̃ŋnˈɔːʃkɐta/,null*/ə̃ŋnˈɔːʃcəɾta/,null*/kˈũmta/,null*/kˌũːmtˈɛːʃcə/,null*/kˌũːmtˈɛːʃcə/,null*/kˌũːmtˈaːʃta/,null*/kˌũːmtˈɛːʃta/,null*/kˌũːmtˈɛː/,null*/kˈũmtə/,null*/kˌũːmtˈɛːɾə/,null*/kˈũmta/,null*/cˌũːmtˈaːta/,null*/kˈũmta/,null*/kˌũːmtˈaːɾta/,null*/fˈɛːɾə/,null*/fjˈie̯ɾə/,null*/fˈia/,null*/fˈie̯ɾə/,null*/fˈi/,null*/fˌi/,null*/fjˈie̯ɾə/,null*/fˈie̯ɾta/,null*/fˈɛːɾta/,null*/fˈie̯ɾta/,null*/fˈiɐta/,null*/fˈie̯ɾta/,null*/fˈita/,null*/fˈita/,null*/vˈɛːlə/,null*/vˈɔːlˠə/,null*/vˈuːlt/,null*/vˈɔːlt/,null*/vˈɛːlə/,null*/vˈɔːlˠə/,null*/vˈuːl/,null*/vˈɔːl/,null*/lˈiɟə/,null*/tˈɛ̃mbə/,null*/pəɾmə̃nːˌaɾˈiː/,null*/pəɾmə̃nːˌaɾˈiːta/,null*/pəɾmə̃nːˈɑːrːjɛ/,null*/pəɾmˈãnːɐrːjɛta/,null*/pəɾmə̃nːˈɛːɾja/,null*/pəɾmˈãnːɐɾjɐta/,null*/pəɾmˈãnːɐrːə/,null*/pəɾmˈãnːɐrːta/,null*/plˈacə/,null*/plˈaːʎta/,null*/pləcˈiː/,null*/pləcˈɛːta/,null*/plˈacja/,null*/plˈacjɐta/,null*/pləcˈɛːɾta/,null*/pləcˈiːɾə/,null*/vˈɛ̃ndaj/,null*/lˠˈɔcə/,null*/lˠˈɔka/,null*/lˠˈɔkulˠə/,null*/və̃ɾ̃ˈita/
R329,,,,,,,,,,,,,,,,,,,,,,,,,,,,,,,,,,,,,,,,,,,,,,,,,,,,,,,,,,,,,,,,,,,,,,,,,,,,,,,,,,,,,*/vˈɛ̃ndɛː/,,,,
R330,,,,,,,,,,,,,,,,,,,,,,,,,,,,,,,,,,,,,,,,,,,,,,,,,,,,,,,,,,,,,,,,,,,,,,,,,,,,,,,,,,,,,,,,,
R331,*/kˌũːŋnˈɛːʃc/,*/kˌũːŋnˈɛːʃc/,,*/kˌũːŋnˈɛːʃcəɾ/,*/ə̃ŋnˈɛːʃc/,*/ə̃ŋnˈɛːʃc/,,*/ə̃ŋnˈɛːʃcəɾ/,,,,,,,,,*/kˌũːŋnˈɔːʃc/,*/kˌũːŋnˈɔːʃc/,,*/kˌũːŋnˈɔːʃcəɾ/,*/ə̃ŋnˈɔːʃc/,*/ə̃ŋnˈɔːʃc/,,*/ə̃ŋnˈɔːʃcəɾ/,,,,,,,,,,*/kˌũːmtˈɛːʃc/,*/kˌũːmtˈɛːʃc/,,,,*/kˈũmt/,*/kˌũːmtˈɛːɾ/,,,,,*/fˈɛːɾ/,*/fjˈie̯ɾ/,,*/fˈie̯ɾ/,,,*/fjˈie̯ɾ/,,,,,,,,*/vˈɛːl/,*/vˈɔːlˠ/,,,*/vˈɛːl/,*/vˈɔːlˠ/,,,*/lˈiɟ/,*/tˈɛ̃mb/,,,,,,,*/pəɾmˈãnːɐrː/,,*/plˈac/,,,,,,,*/pləcˈiːɾ/,,*/lˠˈɔc/,,*/lˠˈɔkulˠ/,
R332,,,,,,,,,,,,,,,,,,,,,,,,,,,,,,,,,,,,,,,,,,,,,,,,,,,,,,,,,,,,,,,,,,,,,,,,,,,,,,,,,,,,,,,,,
R333,,,,,,,,,,,,,,,,,,,,,,,,,,,,,,,,,,,,,,,,,,,,,,,,,,,,,,,,,,,,,,,,,,,,,,,,,,,,,,,,,,,,,,,,,
R334,,,,,,,,,,,,,,,,,,,,,,,,,,,,,,,,,,,,,,,,,,,,,,,,,,,,,,,,,,,,,,,,,,,,,,,,,,,,,,,,,,,,,,,,,
R335,,,,,,,,,,,,,,,,,,,,,,,,,,,,,,,,,,,,,,,,,,,,,,,,,,,,,,,,,,,,,,,,,,,,,,,,,,,,,,,,,,,,,,,,,
R336,,,,,,,,,,,,,,,,,,,,,,,,,,,,,,,,,,,,,,,,,,,,,,,,,,,,,,,,,,,,,,,,,,,,,,,,,,,,,,,,,,,,,,,,,
R337,,,,,,,,,,,,,,,,,,,,,,,,,,,,,,,,,,,,,,,,,,,,,,,,,,,,,,,,,,,,,,,,,,,,,,,,,,,,,,,,,,,,,,,,,
R338,,,,,,,,,,,,,,,,,,,,,,,,,,,,,,,,,,,,,,,,,,,,,,,,,,,,,,,,,,,,,,,,,,,,,,,,,,,,,,,,,,,,,,,,,
R339,,,,,,,,,,,,,,,,,,,,,,,,,,,,,,,,,,,,,,,,,,,,,,,,,,,,,,,,,,,,,,,,,,,,,,,*/pəɾmə̃nːˈɑːrːɛ/,,*/pəɾmə̃nːˈɛːɾɛ/,,,,,,,,*/plˈacɛ/,,,,,,,,
R340,,,,,,,,,,,,,,,,,,,,,,,,,,,,,,,,,,,,,,,,,,,,,,,,,,,,,,,,,,,,,,,,,,,,,,,,,,,,,,,,,,,,,,,,,
R341,,,,,,,,,,,,,,,,,,,,,,,,,,,,,,,,,,,,,,,,,,,,,,,,,,,,,,,,,,,,,,,,,,,,,,,,,,,,,,,,,,,,,,,,,
R342,,,,,,,,,,,,,,,,,,,,,,,,,,,,,,,,,,,,,,,,,,,,,,,,,,,,,,,,,,,,,,,,,,,,,,,,,,,,,,,,,,,,,,,,,
R343,,,,,,,,,,,,,,,,,,,,,,,,,,,,,,,,,,,,,,,,,,,,,,,,,,,,,,,,,,,,,,,,,,,,,,,,,,,,,,,,,,,,,,,,,
R344,,,,,,,,,,,,,,,,,,,,,,,,,,,,,,,,,,,,,,,,,,,,,,,,,,,,,,,,,,,,,,,,,,,,,,,,,,,,,,,,,,,,,,,,,
R345,,,,,,,,,,,,,,,,,,,,,,,,,,,,,,,,,,,,,,,,,,,,,,,*/fˈiː/,,,,,,,,*/fˈiːta/,,,,,,,,,,,,,,,,,,,,,,,,,,,,,,,,,,
R346,,,,,,,,,,,,,,,,,,,,,,,,,,,,,,,,,,,,,,,,,,,,,,,,,,,,,,,,,,,,,,,,,,,,,,,,,,,,,,,,,,,,,,,,,
R347,,,,,,,,,,,,,,,,,,,,,,,,,,,,,,,,,,,,,,,,,,,,,,,,,,,,,,,,,,,,,,,,,,,,,,,,,,,,,,,,,,,,,,,,,
R348,,,,,,,,,,,,,,,,,,,,,,,,,,,,,,,,,,,,,,,,,,,,,,,,,,,,,,,,,,,,,,,,,,,,,,,,,,,,,,,,,,,,,,,,,
R349,,,,,,,,,,,,,,,,,,,,,,,,,,,,,,,,,,,,,,,,,,,,,,,,,,,,,,,,,,,,,,,,,,,,,,,,,,,,,,,,,,,,,,,,,
R350,*/kˌũːnːˈɛːʃc/,*/kˌũːnːˈɛːʃc/,*/kˌũːnːˈɛːʃka/,*/kˌũːnːˈɛːʃcəɾ/,*/ə̃nːˈɛːʃc/,*/ə̃nːˈɛːʃc/,*/ə̃nːˈɛːʃka/,*/ə̃nːˈɛːʃcəɾ/,*/kˌũːnːˈɛːʃta/,*/kˌũːnːˈɛːʃta/,*/kˌũːnːˈɛːʃkɐta/,*/kˌũːnːˈɛːʃcəɾta/,*/ə̃nːˈɛːʃta/,*/ə̃nːˈɛːʃta/,*/ə̃nːˈɛːʃkɐta/,*/ə̃nːˈɛːʃcəɾta/,*/kˌũːnːˈɔːʃc/,*/kˌũːnːˈɔːʃc/,*/kˌũːnːˈɔːʃka/,*/kˌũːnːˈɔːʃcəɾ/,*/ə̃nːˈɔːʃc/,*/ə̃nːˈɔːʃc/,*/ə̃nːˈɔːʃka/,*/ə̃nːˈɔːʃcəɾ/,*/kˌũːnːˈɔːʃta/,*/kˌũːnːˈɔːʃta/,*/kˌũːnːˈɔːʃkɐta/,*/kˌũːnːˈɔːʃcəɾta/,*/ə̃nːˈɔːʃta/,*/ə̃nːˈɔːʃta/,*/ə̃nːˈɔːʃkɐta/,*/ə̃nːˈɔːʃcəɾta/,,,,,,,,,,,,,,,,,,,,,,,,,,,,,,,,,,,,,,,,,,,,,,,,,,,,,,,,,
R351,,,,,,,,,,,,,,,,,,,,,,,,,,,,,,,,,,,,,,,,,,,,,,,,,,,,,,,,,,,,,,,,,,,,,,,,,,,,,,,,,,,,,,,,,
R352,,,,,,,,,,,,,,,,,,,,,,,,,,,,,,,,,,,,,,,,,,,,,,,,,,,,,,,,,,,,,,,,,,,,,,,,,,,,,,,,,,,,,,,,,
R353,,,,,,,,,,,,,,,,,,,,,,,,,,,,,,,,,,,,,,,,,,,,,,,,,,,,,,,,,,,,,,,,,,,,,,,,,,,,,,,,,,,,,,,,,
R354,,,,,,,,,,,,,,,,,,,,,,,,,,,,,,,,,,,,,,,,,,,,,,,,,,,,,,,,,,,,,,,,,,,,,,,,,,,,,,,,,,,,,,,,,
R355,,,,,,,,,,,,,,,,,,,,,,,,,,,,,,,,,,,,,,,,,,,,,,,,,,,,,,,,,,,,,,,,,,,,,,,,,,,,,,,,,,,,,,,,,
R356,,,,,,,,,,,,,,,,,,,,,,,,,,,,,,,,,,,,,,,,,,,,,,,,,,,,,,,,,,,,,,,,,,,,,,,,,,,,,,,,,,,,,,,,,
R357,,,,,,,,,,,,,,,,,,,,,,,,,,,,,,,,,,,,,,,,,,,,,,,,,,,,,,,,,,,,,,,,,,,,,,,,,,,,,,*/pɾˈaːʎta/,,,,,*/pɾəcˈɛːɾta/,*/pɾəcˈiːɾ/,,,,,
R358,,,,,,,,,,,,,,,,,,,,,,,,,,,,,,,,,,,,,,,,,,,,,,,,,,,,,,,,,,,,,,,,,,,,,,,,,,,,,,,,,,,,,,,,,
R359,,,,,,,,,,,,,,,,,,,,,,,,,,,,,,,,,,,,,,,,,,,,,,,,,,,,,,,,,,,,,,,,,,,,,,,,,,,,,,,,,,,,,,,,,
R360,,,,,,,,,,,,,,,,,,,,,,,,,,,,,,,,,,,,,,,,,,,,,,,,,,,,,,,,,,,,,,,,,,,,,,,,,,,,,,,,,,,,,,,,,
R361,,,,,,,,,,,,,,,,,,,,,,,,,,,,,,,,,,,,,,,,,,,,,,,,,,,,,,,,,,,,,,,,,,,,,,,,,,,,,,,,,,,,,,,,,
R362,,,,,,,,,,,,,,,,,,,,,,,,,,,,,,,,,,,,,,,,,,,,,,,,,,,,,,,,,,,,,,,,,,,,,,,,,,,,,,,,,,,,,,,,,
R363,,,,,,,,,,,,,,,,,,,,,,,,,,,,,,,,,,,,,,,,,,,,,,,,,,,,,,,,,,,,,,,,,,,,,,,,,,,,,,,,,,,,,,,,,
R364,,,,,,,,,,,,,,,,,,,,,,,,,,,,,,,,,,,,,,,,,,,,,,,,,,,,*/fjˈɛɾta/,,*/fjˈɛɾta/,,*/fjˈɛɾta/,,,,,,,,,,,,,,,,,,,,,,,,,,,,,,,,,
R365,,,,,,,,,,,,,,,,,,,,,,,,,,,,,,,,,,,,,,,,,,,,,,,,,,,,,,,,,,,,,,,,,,,,,,,,,,,,,,,,,,,,,,,,,
R366,,,,,,,,,,,,,,,,,,,,,,,,,,,,,,,,,,,,,,,,,,,,,,,,,,,,,,,,,,,,,,,,,,,,,,,,,,,,,,,,,,,,,,,,,
R367,,,,,,,,,,,,,,,,,,,,,,,,,,,,,,,,,,,,,,,,,,,,,,,,,,,,,,,,,,,,,,,,,,,,,,,,,,,,,,,,,,,,,,,,,
R368,,,,,,,,,,,,,,,,,,,,,,,,,,,,,,,,,,,,,,,,,,,,,,,,,,,,,,,,,,,,,,,,,,,,,,,,,,,,,,,,,,,,,,,,,
R369,,,,,,,,,,,,,,,,,,,,,,,,,,,,,,,,,,,,,,,,,,,,,,,,,,,,,,,,,,,,,,,,,,,,,,,,,,,,,,,,,,,,,,,,,
R370,,,,,,,,,,,,,,,,,,,,,,,,,,,,,,,,,,,,,,,,,,,,,,,,,,,,,,,,,,,,,,,,,,,,,,,,,,,,,,,,,,,,,,,,,
R371,,,,,,,,,,,,,,,,,,,,,,,,,,,,,,,,,,,,,,,,,,,,,,,,,,,,,,,,,,,,,,,,,,,,,,,,,,,,,,,,,,,,,,,,,
R372,,,,,,,,,,,,,,,,,,,,,,,,,,,,,,,,,,,,,,,,,,,,,,,,,,,,,,,,,,,,,,,,,,,,,,,,,,,,,,,,,,,,,,,,,
R373,,,,,,,,,,,,,,,,,,,,,,,,,,,,,,,,,,,,,,,,,,,,,,,,,,,,,,,,,,,,,,,,,,,,,,,,,,,,,,,,,,,,,,,,,
R374,,,,,,,,,,,,,,,,,,,,,,,,,,,,,,,,,,,,,,,,,,,,,,,,,,,,,,,,,,,,,,,,,,,,,,,,,,,,,,,,,,,,,,,,,
R375,,,,,,,,,,,,,,,,,,,,,,,,,,,,,,,,,,,,,,,,,,,,,,,,,,,,,,,,,,,,,,,,,,,,,,,,,,,,,,,,,,,,,,,,,
R376,,,,,,,,,,,,,,,,,,,,,,,,,,,,,,,,,,,,,,,,,,,,,,,,,,,,,,,,,,,,,,,,,,,,,,,,,,,,,,,,,,,,,,,,,
R377,,,,,,,,,,,,,,,,,,,,,,,,,,,,,,,,,,,,,,,,,,,,,,,,,,,,,,,,,,,,,,,,,,,,,,,,,,,,,,,,,,,,,,,,,
R378,,,,,,,,,,,,,,,,,,,,,,,,,,,,,,,,,,,,,,,,,,,,,,,,,,,,,,,,,,,,,,,,,,,,,,,,,,,,,,,,,,,,,,,,,
R379,,,,,,,,,,,,,,,,,,,,,,,,,,,,,,,,,,,,,,,,,,,,,,,,,,,,,,,,,,,,,,,,,,,,,,,,,,,,,,,,,,,,,,,,,
R380,,,,,,,,,,,,,,,,,,,,,,,,,,,,,,,,,,,,,,,,,,,,,,,,,,,,,,,,,,,,,,,,,,,,,,,,,,,,,,,,,,,,,,,,,
R381,,,,,,,,,,,,,,,,,,,,,,,,,,,,,,,,,,,,,,,,,,,,,,,,,,,,,,,,,,,,,,*/vˈɔːlˠt/,,,,,,,,,,,,,,,,,,,,,,,,,,,
R382,,,,,,,,,,,,,,,,,,,,,,,,,,,,,,,,,,,,,,,,,,,,,,,,,,,,,,,,,,,,,,,,,,,,,,,,,,,,,,,,,,,,,,,,,
R383,,,,,,,,,,,,,,,,,,,,,,,,,,,,,,,,,,,,,,,,,,,,,,,,,,,,,,,,,,,,,,,,,,,,,,,,,,,,,,,,,,*/plˈacɐta/,,,,,,,
R384,,,,,,,,,,,,,,,,,,,,,,,,,,,,,,,,,,,,,,,,,,,,,,,,,,,,,,,,,,,,,,,,,,,,,,,,,,,,,,,,,,,,,,,,,
R385,,,,,,,,,,,,,,,,,,,,,,,,,,,,,,,,,,,,,,,,,,,,,,,,,,,,,,,,,,,,,,,,,,,,,,,,,,,,,,,,,,,,,,,,,
R386,,,,,,,,,,,,,,,,,,,,,,,,,,,,,,,,,,,,,,,,,,,,,,,,,,,,,,,,,,,,,,,,,,,,,,,,,,,,,,,,,,,,,,,,,
R387,,,,,,,,,,,,,,,,,,,,,,,,,,,,,,,,,,,,,,,,,,,,,,,,,,,,,,,,,,,,,,,,,,,,,,,,,,,,,,,,,,,,,,,,,
R388,,,,,,,,,,,,,,,,,,,,,,,,,,,,,,,,,,,,,,,,,,,,,,,,,,,,,,,,,,,,,,,,,,,,,,,,*/pəɾmˈʌ̃nːɐrːjɛta/,,*/pəɾmˈʌ̃nːɐɾjɐta/,*/pəɾmˈʌ̃nːɐrː/,*/pəɾmˈʌ̃nːɐrːta/,,,,,,,,,,,,,
R389,,,,,,,,,,,,,,,,,,,,,,,,,,,,,,,,,,,,,,,,,,,,,,,,,,,,,,,,,,,,,,,,,,,,,,,,,,,,,,,,,,,,,,,,,
R390,,,,,,,,,,,,,,,,,,,,,,,,,,,,,,,,,,,,,,,,,,,,,,,,,,,,,,,,,,,,,,,,,,,,,,,,,,,,,,,,,,,,,,,,,
R391,,,,,,,,,,,*/kˌũːnːˈɛːʃkta/,,,,*/ə̃nːˈɛːʃkta/,,,,,,,,,,,,*/kˌũːnːˈɔːʃkta/,,,,*/ə̃nːˈɔːʃkta/,,,,,,,,,,,,,,,,,,,,,,,,,,,,,,,,,,,,,,,,,*/pəɾmˈʌ̃nːɐrːjta/,,*/pəɾmˈʌ̃nːɐɾjta/,,,,,,,,*/plˈacta/,,,,,,,
R392,,,,,,,,,,,,,,,,,,,,,,,,,,,,,,,,,,,,,,,,,,,,,,,,,,,,,,,,,,,,,,,,,,,,,,,,,,,,,,,,,,,,,,,,,
R393,,,,,,,,,,,,,,,,,,,,,,,,,,,,,,,,,,,,,,,,,,,,,,,,,,,,,,,,,,,,,,,,,,,,,,,,,,,,,,,,,,,,,,,,,
R394,,,,,,,,,,,*/kˌũːnːˈɛːʃta/,,,,*/ə̃nːˈɛːʃta/,,,,,,,,,,,,*/kˌũːnːˈɔːʃta/,,,,*/ə̃nːˈɔːʃta/,,,,,,,,,,,,,,,,,,,,,,,,,,,,,,,,,,,,,,,,,,,,,,,,,,,,,,,,,,
R395,,,,,,,,,,,,,,,,,,,,,,,,,,,,,,,,,,,,,,,,,,,,,,,,,,,,,,,,,,,,,,,,,,,,,,,,,,,,,,,,,,,,,,,,,
R396,,,,,,,,,,,,,,,,,,,,,,,,,,,,,,,,,,,,,,,,,,,,,,,,,,,,,,,,,,,,,,,,,,,,,,,,,,,,,,,,,,,,,,,,,
R397,,,,,,,,,,,,,,,,,,,,,,,,,,,,,,,,,,,,,,,,,,,,,,,,,,,,,,,,,,,,,,,,,,,,,,,,,,,,,,,,,,,,,,,,,
R398,,,,,,,,,,,,,,,,,,,,,,,,,,,,,,,,,,,,,,,,,,,,,,,,,,,,,,,,,,,,,,,,,,,,,,,,,,,,,,,,,,,,,,,,,
R399,,,,,,,,,,,,,,,,,,,,,,,,,,,,,,,,,,,,,,,,,,,,,,,,,,,,,,,,,,,,,,,,,,,,,,,,,,,,,,,,,,,,,,,,,
R400,,,,,,,,,,,,,,,,,,,,,,,,,,,,,,,,,,,,,,,,,,,,,,,,,,,,,,,,,,,,,,,,,,,,,,,,,,,,,,,,,,,,,,,,,
R401,,,,,,,,,,,,,,,,,,,,,,,,,,,,,,,,,,,,,,,,,,,,,,,,,,,,,,,,,,,,,,,,,,,,,,,,,,,,,,,,,,,,,,,,,
R402,,,,,,,,,,,,,,,,,,,,,,,,,,,,,,,,,,,,,,,,,,,,,,*/fˈie̯ɾ/,,,,,*/fˈie̯ɾ/,,,,,,,,,,,,,,,,,,,,,,,,,,,,,,,,,,,,,,
R403,,,,,,,,,,,,,,,,,,,,,,,,,,,,,,,,,,,,,,,,,,,,,,,,,,,,,,,,,,,,,,,,,,,,,,,,,,,,,,,,,,,,,,,,,
R404,,,,,,,,,,,,,,,,,,,,,,,,,,,,,,,,,,,,,,,,,,,,,,,,,,,,,,,,,,,,,,,,,,,,,,,,,,,,,,,,,,,,,,,,,
R405,,,,,,,,,,,,,,,,,,,,,,,,,,,,,,,,,,,,,,,,,,,,,,,,,,,,,,,,,,,,,,,,,,,,,,,,,,,,,,,,,,,,,,,,,
R406,,,,,,,,,,,,,,,,,,,,,,,,,,,,,,,,,,,,,,,,,,,,,,,,,,,,,,,,,,,,,,,,,,,,,,,,,,,,,,,,,,,,,,,,,
R407,,,,,,,,,,,,,,,,,,,,,,,,,,,,,,,,,,,,,,,,,,,,,,,,,,,,,,,,,,,,,,,,,,,,,,,,,,,,,,,,,,,,,,,,,
R408,,,,,,,,,,,,,,,,,,,,,,,,,,,,,,,,,,,,,,,,,,,,,,,,,,,,,,,,,,,,,,,,,,,,,,,,,,,,,,,,,,,,,,,,,
R409,,,,,,,,,,,,,,,,,,,,,,,,,,,,,,,,,,,,,,,,,,,,,,,,,,,,,,,,,,,,,,,,,,,,,,,,,,,,,,,,,,,,,,,,,
R410,,,,,,,,,,,,,,,,,,,,,,,,,,,,,,,,,,,,,,,,,,,,,,,,,,,,,,,,,,,,,,,,,,,,,,,,,,,,,,,,,,,,,,,,,
R411,,,,,,,,,,,,,,,,,,,,,,,,,,,,,,,,,,,,,,,,,,,,,,,,,,,,,,,,,,,,,,,,,,,,,,,,,,,,,,,,,,,,,,,,,
R412,,,,,,,,,,,,,,,,,,,,,,,,,,,,,,,,,,,,,,,,,,,,,,,,,,,,,,,,,,,,,,,,,,,,,,,,,,,,,,,,,,,,,,,,,
R413,,,,,,,,,,,,,,,,,,,,,,,,,,,,,,,,,,,,,,,,,,,,,,,,,,,,,,,,,,,,,,,,,,,,,,,,,,,,,,,,,,,,,,,,,
R414,,,,,,,,,,,,,,,,,,,,,,,,,,,,,,,,,,,,,,,,,,,,,,,,,,,,,,,,,,,,,,,,,,,,,,,,,,,,*/pəɾmˈʌ̃nːɐɾta/,,,,,,,,,,,,,
R415,,,,,,,,,,,,,,,,,,,,,,,,,,,,,,,,,,,,,,,,,,,,,,,,,,,,,,,,,,,,,,,,,,,,,,,,,,,,,,,,,,,,,,,,,
R416,,,,,,,,,,,,,,,,,,,,,,,,,,,,,,,,,,,,,,,,,,,,,,,,,,,,,,,,,,,,,,,,,,,,,,,,,,,,,,,,,,,,,,,,,
R417,,,,,,,,,,,,,,,,,,,,,,,,,,,,,,,,,,,,,,,,,,,,,,,,,,,,,,,,,,,,,,,,,,,,,,,,,,*/pəɾmˈʌ̃nːɐrːta/,,,,,,,,,,,,,,,
R418,,,,,,,,,,,,,,,,,,,,,,,,,,,,,,,,,,,,,,,,,,,,,,,,,,,,,,,,,,,,,,,,,,,,,,,,,,,,,,,,,,,,,,,,,
R419,,,,,,,,,,,,,,,,,,,,,,,,,,,,,,,,,,,,,,,,,,,,,,,,,,,,,,,,,,,,,,,,,,,,,,,,,,,,,,,,,,,,,,,,,
R420,,,,,,,,,,,,,,,,,,,,,,,,,,,,,,,,,,,,,,,,,,,,,,,,,,,,,,,,,,,,,,,,,,,,,,,,,,,,,,,,,,,,,,,,,
R421,,,,,,,,,,,,,,,,,,,,,,,,,,,,,,,,,,,,,,,,,,,,,,,,,,,,,,,,,,,,,,,,,,,,,,,*/pəɾmə̃nːˈɑːrɛ/,*/pəɾmˈʌ̃nːɐrjta/,,*/pəɾmˈʌ̃nːɐrta/,*/pəɾmˈʌ̃nːɐr/,,,,,,,,,,,,,,
R422,,,,,,,,,,,,,,,,,,,,,,,,,,,,,,,,,,,,,,,,,,,,,,,,,,,,,,,,,,,,,,,,,,,,,,,,,,,,,,,,,,,,,,,,,
R423,,,,,,,,,,,,,,,,,,,,,,,,,,,,,,,,,,,,,,,,,,,,,,,,,,,,,,,,,,,,,,,,,,,,,,,,,,,,,,,,,,,,,,,,,
R424,,,,,,,,,,,,,,,,,,,,,,,,,,,,,,,,,,,,,,,,,,,,,,,,,,,,,,,,,,,,,,,,,,,,,,,,,,,,,,,*/plcˈiː/,*/plcˈɛːta/,,,*/pɾcˈɛːɾta/,*/pɾcˈiːɾ/,,,,,
R425,,,,,,,,,,,,,,,,,,,,,,,,,,,,,,,,,,,,,,,,,,,,,,,,,,,,,,,,,,,,,,,,,,,,,,,,,,,,,,,,,,,,,,,,,
R426,,,,,,,,,,,,,,,,,,,,,,,,,,,,,,,,,,,,,,,,,,,,,,,,,,,,,,,,,,,,,,,,,,,,,,,,,,,,,,,,,,,,,,,,,
R427,,,,*/kˌũːnːˈɛːʃcɾ/,,,,*/ə̃nːˈɛːʃcɾ/,,,,*/kˌũːnːˈɛːʃcɾta/,,,,*/ə̃nːˈɛːʃcɾta/,,,,*/kˌũːnːˈɔːʃcɾ/,,,,*/ə̃nːˈɔːʃcɾ/,,,,*/kˌũːnːˈɔːʃcɾta/,,,,*/ə̃nːˈɔːʃcɾta/,,,,,,,,,,,,,,,,,,,,,,,,,,,,,,,,,,,,,*/pɾmə̃nːˌaɾˈiː/,*/pɾmə̃nːˌaɾˈiːta/,*/pɾmə̃nːˈɑːrɛ/,*/pɾmˈʌ̃nːɐrjta/,*/pɾmə̃nːˈɛːɾɛ/,*/pɾmˈʌ̃nːrta/,*/pɾmˈʌ̃nːr/,*/pɾmˈʌ̃nːɾta/,,,,,,,,,,,,,
R428,,,,,,,,,,,,,,,,,,,,,,,,,,,,,,,,,,,,,,,,,,,,,,,,,,,,,,,,,,,,,,,,,,,,,,,,,,,,,,,,,,,,,,,,,
R429,,,,,,,,,,,,,,,,,,,,,,,,,,,,,,,,,,,,,,,,,,,,,,,,,,,,,,,,,,,,,,,,,,,,,,,,,,,,,,,,,,,,,,,,,
R430,,,,,,,,,,,,,,,,,,,,,,,,,,,,,,,,,,,,,,,,,,,,,,,,,,,,,,,,,,,,,,,,,,,,,,,,,,,,,,,,,,,,,,,,,
R431,,,,,,,,,,,,,,,,,,,,,,,,,,,,,,,,,,,,,,,,,,,,,,,,,,,,,,,,,,,,,,,,,,,,,,,,,,,,,,,,,,,,,,,,,
R432,,,,,,,,,,,,,,,,,,,,,,,,,,,,,,,,,,,,,,,,,,,,,,,,,,,,,,,,,,,,,,,,,,,,,,,,,,,,,,,,,,,,,,,,,
R433,,,,,,,,,,,,,,,,,,,,,,,,,,,,,,,,,,,,,,,,,,,,,,,,,,,,,,,,,,,,,,,,,,,,,,,,,,,,,,,,,,,,,,,,,
R434,,,,,,,,,,,,,,,,,,,,,,,,,,,,,,,,,,,,,,,,,,,,,,,,,,,,,,,,,,,,,,,,,,,,,,,,,,,,,,,,,,,,,,,,,
R435,,,,*/kˌũːnːˈɛːʃcɾ̩/,,,,*/ə̃nːˈɛːʃcɾ̩/,,,,*/kˌũːnːˈɛːʃcɾ̩ta/,,,,*/ə̃nːˈɛːʃcɾ̩ta/,,,,*/kˌũːnːˈɔːʃcɾ̩/,,,,*/ə̃nːˈɔːʃcɾ̩/,,,,*/kˌũːnːˈɔːʃcɾ̩ta/,,,,*/ə̃nːˈɔːʃcɾ̩ta/,,,,,,,,,,,,,,,,,,,,,,,,,,,,,,,,,,,,,,,,,,,,,,,,,,,,,,,,,
R436,,,,,,,,,,,,,,,,,,,,,,,,,,,,,,,,,,,,,,,,,,,,,,,,,,,,,,,,,,,,,,,,,,,,,*/pɾ̩mə̃nːˌaɾˈiː/,*/pɾ̩mə̃nːˌaɾˈiːta/,*/pɾ̩mə̃nːˈɑːrɛ/,*/pɾ̩mˈʌ̃nːɐrjta/,*/pɾ̩mə̃nːˈɛːɾɛ/,*/pɾ̩mˈʌ̃nːrta/,*/pɾ̩mˈʌ̃nːr/,*/pɾ̩mˈʌ̃nːɾta/,,,*/pl̩cˈiː/,*/pl̩cˈɛːta/,,,*/pɾ̩cˈɛːɾta/,*/pɾ̩cˈiːɾ/,,,,,
R437,,,,,,,,,,,,,,,,,,,,,,,,,,,,,,,,,,,,,,,,,,,,,,,,,,,,,,,,,,,,,,,,,,,,,,,,,,,,,,,,,,,,,,,,,
R438,,,,,,,,,,,,,,,,,,,,,,,,,,,,,,,,,,,,,,,,,,,,,,,,,,,,,,,,,,,,,,,,,,,,,,,,,,,,,,,,,,,,,,,,,
R439,,,,,,,,,,,,,,,,,,,,,,,,,,,,,,,,,,,,,,,,,,,,,,,,,,,,,,,,,,,,,,,,,,,,,,,,,,,,,,,,,,,,,,,,,
R440,,,,,,,,,,,,,,,,,,,,,,,,,,,,,,,,,,,,,,,,,,,,,,,,,,,,,,,,,,,,,,,,,,,,,,,,,,,,,,,,,,,,,,,,,
R441,,,,,,,,,,,,,,,,,,,,,,,,,,,,,,,,,,,,,,,,,,,,,,,,,,,,,,,,,,,,,,,,,,,,,,,,,,,,,,,,,,,,,,,,,
R442,,,,,,,,,,,,,,,,,,,,,,,,,,,,,,,,,,,,,,,,,,,,,,,,,,,,,,,,,,,,,,,,,,,,,,,,,,,,,,,,,,,,,,,,,
R443,,,,,,,,,,,,,,,,,,,,,,,,,,,,,,,,,,,,,,,,,,,,,,,,,,,,,,,,,,,,,,,,,,,,,,,,,,,,,,,,,,,,,,,,,
R444,,,,,,,,,,,,,,,,,,,,,,,,,,,,,,,,,,,,,,,,,,,,,,,,,,,,,,,,,,,,,,,,,,,,,,,,,,,,,,,,,,,,,,,,,
R445,,,,,,,,,,,,,,,,,,,,,,,,,,,,,,,,,,,,,,,,,,,,,,,,,,,,,,,,,,,,,,,,,,,,,,,,,,,,,,,,,,,,,,,,,
R446,,,,,,,,,,,,,,,,,,,,,,,,,,,,,,,,,,,,,,,,,,,,,,,,,,,,,,,,,,,,,,,,,,,,,,,,,,,,,,,,,,,,,,,,,
R447,,,,,,,,,,,,,,,,,,,,,,,,,,,,,,,,,,,,,,,,,,,,,,,,,,,,,,,,,,,,,,,,,,,,,,,,,,,,,,,,,,,,,,,,,
R448,,,,,,,,,,,,,,,,,,,,,,,,,,,,,,,,,,,,,,,,,,,,,,,,,,,,,,,,,,,,,,,,,,,,,,,,,,,,,,,,,,,,,,,,,
R449,,,,,,,,,,,,,,,,,,,,,,,,,,,,,,,,,,,,,,,,,,,,,,,,,,,,,,,,,,,,,,,,,,,,,,,,,,,,,,,,,,,,,,,,,
R450,,,,,,,,,,,,,,,,,,,,,,,,,,,,,,,,,,,,,,,,,,,,,,,,,,,,,,,,,,,,,,,,,,,,,,,,,,,,,,,,,,,,,,,,,
R451,,,,,,,,,,,,,,,,,,,,,,,,,,,,,,,,,,,,,,,,,,,,,,,,,,,,,,,,,,,,,,,,,,,,,,,,,,,,,,,,,,,,,,,,,
R452,,,,,,,,,,,,,,,,,,,,,,,,,,,,,,,,,,,,,,,,,,,,,,,,,,,,,,,,,,,,,,,,,,,,,,,,*/pɾ̩mˈʌ̃nːərjta/,,,,,,,,,,,,,,,,,
R453,,,,,,,,,,,,,,,,,,,,,,,,,,,,,,,,,,,,,,,,,,,,,,,,,,,,,,,,,,,,,,,,,,,,,,,,,,,,,,,,,,,,,,,,,
R454,,,,,,,,,,,,,,,,,,,,,,,,,,,,,,,,,,,,,,,,,,,,,,,,,,,,,,,,,,,,,,,,,,,,,,,*/pɾ̩mə̃nːˈaːrɛ/,,,,,,,,,,,,,,,,,,
R455,,,,,,,,,,,,,,,,,,,,,,,,,,,,,,,,,,,,,,,,,,,,,,,,,,,,,,,,,,,,,,,,,,,,,,,,,,,,,,,,,,,,,,,,,
R456,,,*/kˌũːnːˈɛːʃkə/,,,,*/ə̃nːˈɛːʃkə/,,*/kˌũːnːˈɛːʃtə/,*/kˌũːnːˈɛːʃtə/,*/kˌũːnːˈɛːʃtə/,*/kˌũːnːˈɛːʃcɾ̩tə/,*/ə̃nːˈɛːʃtə/,*/ə̃nːˈɛːʃtə/,*/ə̃nːˈɛːʃtə/,*/ə̃nːˈɛːʃcɾ̩tə/,,,*/kˌũːnːˈɔːʃkə/,,,,*/ə̃nːˈɔːʃkə/,,*/kˌũːnːˈɔːʃtə/,*/kˌũːnːˈɔːʃtə/,*/kˌũːnːˈɔːʃtə/,*/kˌũːnːˈɔːʃcɾ̩tə/,*/ə̃nːˈɔːʃtə/,*/ə̃nːˈɔːʃtə/,*/ə̃nːˈɔːʃtə/,*/ə̃nːˈɔːʃcɾ̩tə/,*/kˈũmtə/,,,*/kˌũːmtˈaːʃtə/,*/kˌũːmtˈɛːʃtə/,,,,*/kˈũmtə/,*/cˌũːmtˈaːtə/,*/kˈũmtə/,*/kˌũːmtˈaːɾtə/,,,,,,,,*/fjˈɛɾtə/,*/fˈɛːɾtə/,*/fjˈɛɾtə/,*/fˈiːtə/,*/fjˈɛɾtə/,*/fˈitə/,*/fˈitə/,,,,,,,,,,,,*/pɾ̩mə̃nːˌaɾˈiːtə/,,*/pɾ̩mˈʌ̃nːərjtə/,,*/pɾ̩mˈʌ̃nːrtə/,,*/pɾ̩mˈʌ̃nːɾtə/,,*/pɾˈaːʎtə/,,*/pl̩cˈɛːtə/,,*/plˈactə/,*/pɾ̩cˈɛːɾtə/,,,,*/lˠˈɔkə/,,*/və̃ɾ̃ˈitə/
=Proto-Tosk-SGheg,null*/kˌũːnːˈɛːʃc/,null*/kˌũːnːˈɛːʃc/,null*/kˌũːnːˈɛːʃkə/,null*/kˌũːnːˈɛːʃcɾ̩/,null*/ə̃nːˈɛːʃc/,null*/ə̃nːˈɛːʃc/,null*/ə̃nːˈɛːʃkə/,null*/ə̃nːˈɛːʃcɾ̩/,null*/kˌũːnːˈɛːʃtə/,null*/kˌũːnːˈɛːʃtə/,null*/kˌũːnːˈɛːʃtə/,null*/kˌũːnːˈɛːʃcɾ̩tə/,null*/ə̃nːˈɛːʃtə/,null*/ə̃nːˈɛːʃtə/,null*/ə̃nːˈɛːʃtə/,null*/ə̃nːˈɛːʃcɾ̩tə/,null*/kˌũːnːˈɔːʃc/,null*/kˌũːnːˈɔːʃc/,null*/kˌũːnːˈɔːʃkə/,null*/kˌũːnːˈɔːʃcɾ̩/,null*/ə̃nːˈɔːʃc/,null*/ə̃nːˈɔːʃc/,null*/ə̃nːˈɔːʃkə/,null*/ə̃nːˈɔːʃcɾ̩/,null*/kˌũːnːˈɔːʃtə/,null*/kˌũːnːˈɔːʃtə/,null*/kˌũːnːˈɔːʃtə/,null*/kˌũːnːˈɔːʃcɾ̩tə/,null*/ə̃nːˈɔːʃtə/,null*/ə̃nːˈɔːʃtə/,null*/ə̃nːˈɔːʃtə/,null*/ə̃nːˈɔːʃcɾ̩tə/,null*/kˈũmtə/,null*/kˌũːmtˈɛːʃc/,null*/kˌũːmtˈɛːʃc/,null*/kˌũːmtˈaːʃtə/,null*/kˌũːmtˈɛːʃtə/,null*/kˌũːmtˈɛː/,null*/kˈũmt/,null*/kˌũːmtˈɛːɾ/,null*/kˈũmtə/,null*/cˌũːmtˈaːtə/,null*/kˈũmtə/,null*/kˌũːmtˈaːɾtə/,null*/fˈɛːɾ/,null*/fˈie̯ɾ/,null*/fˈiː/,null*/fˈie̯ɾ/,null*/fˈi/,null*/fˌi/,null*/fˈie̯ɾ/,null*/fjˈɛɾtə/,null*/fˈɛːɾtə/,null*/fjˈɛɾtə/,null*/fˈiːtə/,null*/fjˈɛɾtə/,null*/fˈitə/,null*/fˈitə/,null*/vˈɛːl/,null*/vˈɔːlˠ/,null*/vˈuːlt/,null*/vˈɔːlˠt/,null*/vˈɛːl/,null*/vˈɔːlˠ/,null*/vˈuːl/,null*/vˈɔːl/,null*/lˈiɟ/,null*/tˈɛ̃mb/,null*/pɾ̩mə̃nːˌaɾˈiː/,null*/pɾ̩mə̃nːˌaɾˈiːtə/,null*/pɾ̩mə̃nːˈaːrɛ/,null*/pɾ̩mˈʌ̃nːərjtə/,null*/pɾ̩mə̃nːˈɛːɾɛ/,null*/pɾ̩mˈʌ̃nːrtə/,null*/pɾ̩mˈʌ̃nːr/,null*/pɾ̩mˈʌ̃nːɾtə/,null*/plˈac/,null*/pɾˈaːʎtə/,null*/pl̩cˈiː/,null*/pl̩cˈɛːtə/,null*/plˈacɛ/,null*/plˈactə/,null*/pɾ̩cˈɛːɾtə/,null*/pɾ̩cˈiːɾ/,null*/vˈɛ̃ndɛː/,null*/lˠˈɔc/,null*/lˠˈɔkə/,null*/lˠˈɔkulˠ/,null*/və̃ɾ̃ˈitə/
R457,,,,,,,,,,,,,,,,,,,,,,,,,,,,,,,,,,,,,,,,,,,,,,,,,,,,,,,,,,,,,,,,,,,,,,,,*/pɾ̩mˈə̃nːərjtə/,,*/pɾ̩mˈə̃nːrtə/,*/pɾ̩mˈə̃nːr/,*/pɾ̩mˈə̃nːɾtə/,,,,,,,,,,,,,
R458,,,,,,,,,,,,,,,,,,,,,,,,,,,,,,,,,,,,,,,,,,,,,,,,,,,,,,,,,,,,,,,,,,,,,,,,,,,,,,,,,,,,,,,,,
R459,,,,,,,,,,,,,,,,,,,,,,,,,,,,,,,,,,,,,,,,,,,,,,,,,,,,,,,,,,,,,,,,,,,,,,,,,,,,,,,,,,,,,,,,,
R460,,,,,,,,,,,,,,,,,,,,,,,,,,,,,,,,,,,,,,,,,,,,,,,,,,,,,,,,,,,,,,,,,,,,,,,,,,,,,,,,,,,,,,,,,
R461,,,,,,,,,,,,,,,,,,,,,,,,,,,,,,,,,,,,,,,,,,,,,,,,,,,,,,,,,,,,,,,,,,,,,,,,,,,,,,,,,,,,,,,,,
R462,,,,,,,,,,,,,,,,,,,,,,,,,,,,,,,,,,,,,,,,,,,,,,,,,,,,,,,,,,,,,,,,,,,,,,,,,,,,,,,,,,,,,,,,,
R463,,,,,,,,,,,,,,,,,,,,,,,,,,,,,,,,,,,,,,,,,,,,,,,,,,,,,,,,,,,,,,,,,,,,,*/pɾ̩mnːˌaɾˈiː/,*/pɾ̩mnːˌaɾˈiːtə/,*/pɾ̩mnːˈaːrɛ/,,*/pɾ̩mnːˈɛːɾɛ/,,,,,,,,,,,,,,,,
R464,,,,,,,,,,,,,,,,,,,,,,,,,,,,,,,,,,,,,,,,,,,,,,,,,,,,,,,,,,,,,,,,,,,,,,,,,,,,,,,,,,,,,,,,,
R465,,,,,,,,,,,,,,,,,,,,,,,,,,,,,,,,,,,,,,,,,,,,,,,,,,,,,,,,,,,,,,,,,,,,,,,,,,,,,,,,,,,,,,,,,
R466,,,,,,,,,,,,,,,,,,,,,,,,,,,,,,,,,,,,,,,,,,,,,,,,,,,,,,,,,,,,,,,,,,,,,,,,,,,,,,,,,,,,,,,,,
R467,,,,,,,,,,,,,,,,,,,,,,,,,,,,,,,,,,,,,,,,,,,,,,,,,,,,,,,,,,,,,,,,,,,,,,,,,,,,,,,,,,,,,,,,,
R468,,,,,,,,,,,,,,,,,,,,,,,,,,,,,,,,,,,,,,,,,,,,,,,,,,,,,,,,,,,,,,,,,,,,,,,,,,,,,,,,,,,,,,,,,
R469,,,,,,,,,,,,,,,,,,,,,,,,,,,,,,,,,,,,,,,,,,,,,,,,,,,,,,,,,,,,,,,,,,,,,,,,,,,,,,,,,,,,,,,,,
R470,*/kˌũːnˈɛːʃc/,*/kˌũːnˈɛːʃc/,*/kˌũːnˈɛːʃkə/,*/kˌũːnˈɛːʃcɾ̩/,*/ə̃nˈɛːʃc/,*/ə̃nˈɛːʃc/,*/ə̃nˈɛːʃkə/,*/ə̃nˈɛːʃcɾ̩/,*/kˌũːnˈɛːʃtə/,*/kˌũːnˈɛːʃtə/,*/kˌũːnˈɛːʃtə/,*/kˌũːnˈɛːʃcɾ̩tə/,*/ə̃nˈɛːʃtə/,*/ə̃nˈɛːʃtə/,*/ə̃nˈɛːʃtə/,*/ə̃nˈɛːʃcɾ̩tə/,*/kˌũːnˈɔːʃc/,*/kˌũːnˈɔːʃc/,*/kˌũːnˈɔːʃkə/,*/kˌũːnˈɔːʃcɾ̩/,*/ə̃nˈɔːʃc/,*/ə̃nˈɔːʃc/,*/ə̃nˈɔːʃkə/,*/ə̃nˈɔːʃcɾ̩/,*/kˌũːnˈɔːʃtə/,*/kˌũːnˈɔːʃtə/,*/kˌũːnˈɔːʃtə/,*/kˌũːnˈɔːʃcɾ̩tə/,*/ə̃nˈɔːʃtə/,*/ə̃nˈɔːʃtə/,*/ə̃nˈɔːʃtə/,*/ə̃nˈɔːʃcɾ̩tə/,,,,,,,,,,,,,,,,,,,,,,,,,,,,,,,,,,,,,*/pɾ̩mnˌaɾˈiː/,*/pɾ̩mnˌaɾˈiːtə/,*/pɾ̩mnˈaːrɛ/,*/pɾ̩mˈə̃nərjtə/,*/pɾ̩mnˈɛːɾɛ/,*/pɾ̩mˈə̃nrtə/,*/pɾ̩mˈə̃nr/,*/pɾ̩mˈə̃nɾtə/,,,,,,,,,,,,,
=Proto-Tosk,null*/kˌũːnˈɛːʃc/,null*/kˌũːnˈɛːʃc/,null*/kˌũːnˈɛːʃkə/,null*/kˌũːnˈɛːʃcɾ̩/,null*/ə̃nˈɛːʃc/,null*/ə̃nˈɛːʃc/,null*/ə̃nˈɛːʃkə/,null*/ə̃nˈɛːʃcɾ̩/,null*/kˌũːnˈɛːʃtə/,null*/kˌũːnˈɛːʃtə/,null*/kˌũːnˈɛːʃtə/,null*/kˌũːnˈɛːʃcɾ̩tə/,null*/ə̃nˈɛːʃtə/,null*/ə̃nˈɛːʃtə/,null*/ə̃nˈɛːʃtə/,null*/ə̃nˈɛːʃcɾ̩tə/,null*/kˌũːnˈɔːʃc/,null*/kˌũːnˈɔːʃc/,null*/kˌũːnˈɔːʃkə/,null*/kˌũːnˈɔːʃcɾ̩/,null*/ə̃nˈɔːʃc/,null*/ə̃nˈɔːʃc/,null*/ə̃nˈɔːʃkə/,null*/ə̃nˈɔːʃcɾ̩/,null*/kˌũːnˈɔːʃtə/,null*/kˌũːnˈɔːʃtə/,null*/kˌũːnˈɔːʃtə/,null*/kˌũːnˈɔːʃcɾ̩tə/,null*/ə̃nˈɔːʃtə/,null*/ə̃nˈɔːʃtə/,null*/ə̃nˈɔːʃtə/,null*/ə̃nˈɔːʃcɾ̩tə/,null*/kˈũmtə/,null*/kˌũːmtˈɛːʃc/,null*/kˌũːmtˈɛːʃc/,null*/kˌũːmtˈaːʃtə/,null*/kˌũːmtˈɛːʃtə/,null*/kˌũːmtˈɛː/,null*/kˈũmt/,null*/kˌũːmtˈɛːɾ/,null*/kˈũmtə/,null*/cˌũːmtˈaːtə/,null*/kˈũmtə/,null*/kˌũːmtˈaːɾtə/,null*/fˈɛːɾ/,null*/fˈie̯ɾ/,null*/fˈiː/,null*/fˈie̯ɾ/,null*/fˈi/,null*/fˌi/,null*/fˈie̯ɾ/,null*/fjˈɛɾtə/,null*/fˈɛːɾtə/,null*/fjˈɛɾtə/,null*/fˈiːtə/,null*/fjˈɛɾtə/,null*/fˈitə/,null*/fˈitə/,null*/vˈɛːl/,null*/vˈɔːlˠ/,null*/vˈuːlt/,null*/vˈɔːlˠt/,null*/vˈɛːl/,null*/vˈɔːlˠ/,null*/vˈuːl/,null*/vˈɔːl/,null*/lˈiɟ/,null*/tˈɛ̃mb/,null*/pɾ̩mnˌaɾˈiː/,null*/pɾ̩mnˌaɾˈiːtə/,null*/pɾ̩mnˈaːrɛ/,null*/pɾ̩mˈə̃nərjtə/,null*/pɾ̩mnˈɛːɾɛ/,null*/pɾ̩mˈə̃nrtə/,null*/pɾ̩mˈə̃nr/,null*/pɾ̩mˈə̃nɾtə/,null*/plˈac/,null*/pɾˈaːʎtə/,null*/pl̩cˈiː/,null*/pl̩cˈɛːtə/,null*/plˈacɛ/,null*/plˈactə/,null*/pɾ̩cˈɛːɾtə/,null*/pɾ̩cˈiːɾ/,null*/vˈɛ̃ndɛː/,null*/lˠˈɔc/,null*/lˠˈɔkə/,null*/lˠˈɔkulˠ/,null*/və̃ɾ̃ˈitə/
R471,*/kˌuːnˈɛːʃc/,*/kˌuːnˈɛːʃc/,*/kˌuːnˈɛːʃkə/,*/kˌuːnˈɛːʃcɾ̩/,*/ənˈɛːʃc/,*/ənˈɛːʃc/,*/ənˈɛːʃkə/,*/ənˈɛːʃcɾ̩/,*/kˌuːnˈɛːʃtə/,*/kˌuːnˈɛːʃtə/,*/kˌuːnˈɛːʃtə/,*/kˌuːnˈɛːʃcɾ̩tə/,*/ənˈɛːʃtə/,*/ənˈɛːʃtə/,*/ənˈɛːʃtə/,*/ənˈɛːʃcɾ̩tə/,*/kˌuːnˈɔːʃc/,*/kˌuːnˈɔːʃc/,*/kˌuːnˈɔːʃkə/,*/kˌuːnˈɔːʃcɾ̩/,*/ənˈɔːʃc/,*/ənˈɔːʃc/,*/ənˈɔːʃkə/,*/ənˈɔːʃcɾ̩/,*/kˌuːnˈɔːʃtə/,*/kˌuːnˈɔːʃtə/,*/kˌuːnˈɔːʃtə/,*/kˌuːnˈɔːʃcɾ̩tə/,*/ənˈɔːʃtə/,*/ənˈɔːʃtə/,*/ənˈɔːʃtə/,*/ənˈɔːʃcɾ̩tə/,,*/kˌuːmtˈɛːʃc/,*/kˌuːmtˈɛːʃc/,*/kˌuːmtˈaːʃtə/,*/kˌuːmtˈɛːʃtə/,*/kˌuːmtˈɛː/,,*/kˌuːmtˈɛːɾ/,,*/cˌuːmtˈaːtə/,,*/kˌuːmtˈaːɾtə/,,,,,,,,,,,,,,,,,,,,,,,,,,,,,,,,,,,,,,,,,,,,,*/vəɾ̃ˈitə/
R472,,,,,,,,,,,,,,,,,,,,,,,,,,,,,,,,,,,,,,,,,,,,,,,,,,,,,,,,,,,,,,,,,,,,,,,,,,,,,,,,,,,,,,,,,
R473,,,,,,,,,,,,,,,,,,,,,,,,,,,,,,,,,,,,,,,,,,,,,,,,,,,,,,,,,,,,,,,,,,,,,,,,,,,,,,,,,,,,,,,,,
R474,,,,,,,,,,,,,,,,,,,,,,,,,,,,,,,,,*/kˈumtə/,,,,,,*/kˈumt/,,*/kˈumtə/,,*/kˈumtə/,,,,,,,,,,,,,,,,,,,,,,,,,*/tˈɛmb/,,,,*/pɾ̩mˈənərjtə/,,*/pɾ̩mˈənrtə/,*/pɾ̩mˈənr/,*/pɾ̩mˈənɾtə/,,,,,,,,,*/vˈɛndɛː/,,,,
R475,,,,,,,,,,,,,,,,,,,,,,,,,,,,,,,,,,,,,,,,,,,,,,,,,,,,,,,,,,,,,,,,,,,,,,,,,,,,,,,,,,,,,,,,,
R476,,,,,,,,,,,,,,,,,,,,,,,,,,,,,,,,,,,,,,,,,,,,,,,,,,,,,,,,,,,,,,,,,,,,,,,,,,,,,,,,,,,,,,,,,
R477,,,,,,,,,,,,,,,,,,,,,,,,,,,,,,,,,,,,,,,,,,,,,,,,,,,,,,,,,,,,,,,,,,,,,,,,,,,,,,,,,,,,,,,,,*/vəɾˈitə/
R478,,,,,,,,,,,,,,,,,,,,,,,,,,,,,,,,,,,,,,,,,,,,,,,,,,,,,,,,,,,,,,,,,,,,,,,,,,,,,,,,,,,,,,,,,
R479,,,,,,,,,,,,,,,,,,,,,,,,,,,,,,,,,,,,,,,,,,,,,,,,,,,,,,,,,,,,,,,,,,,,,,,,,,,,,,,,,,,,,,,,,
R480,*/kuːnˈɛːʃc/,*/kuːnˈɛːʃc/,*/kuːnˈɛːʃkə/,*/kuːnˈɛːʃcɾ̩/,,,,,*/kuːnˈɛːʃtə/,*/kuːnˈɛːʃtə/,*/kuːnˈɛːʃtə/,*/kuːnˈɛːʃcɾ̩tə/,,,,,*/kuːnˈɔːʃc/,*/kuːnˈɔːʃc/,*/kuːnˈɔːʃkə/,*/kuːnˈɔːʃcɾ̩/,,,,,*/kuːnˈɔːʃtə/,*/kuːnˈɔːʃtə/,*/kuːnˈɔːʃtə/,*/kuːnˈɔːʃcɾ̩tə/,,,,,,*/kuːmtˈɛːʃc/,*/kuːmtˈɛːʃc/,*/kuːmtˈaːʃtə/,*/kuːmtˈɛːʃtə/,*/kuːmtˈɛː/,,*/kuːmtˈɛːɾ/,,*/cuːmtˈaːtə/,,*/kuːmtˈaːɾtə/,,,,,,*/fi/,,,,,,,,,,,,,,,,,,,*/pɾ̩mnaɾˈiː/,*/pɾ̩mnaɾˈiːtə/,,,,,,,,,,,,,,,,,,,
R481,,,,,,,,,,,,,,,,,,,,,,,,,,,,,,,,,,,,,,,,,,,,,,,,,,,,,,,,,,,,,,,,,,,,,,,,,,,,,,,,,,,,,,,,,
R482,,,,,*/nˈɛːʃc/,*/nˈɛːʃc/,*/nˈɛːʃkə/,*/nˈɛːʃcɾ̩/,,,,,*/nˈɛːʃtə/,*/nˈɛːʃtə/,*/nˈɛːʃtə/,*/nˈɛːʃcɾ̩tə/,,,,,*/nˈɔːʃc/,*/nˈɔːʃc/,*/nˈɔːʃkə/,*/nˈɔːʃcɾ̩/,,,,,*/nˈɔːʃtə/,*/nˈɔːʃtə/,*/nˈɔːʃtə/,*/nˈɔːʃcɾ̩tə/,,,,,,,,,,,,,,,,,,,,,,,,,,,,,,,,,,,,,,,,,,,,,,,,,,,,,,,,,
R483,,,,,,,,,,,,,,,,,,,,,,,,,,,,,,,,,,,,,,,,,,,,,,,,,,,,,,,,,,,,,,,,,,,,,,,,,,,,,,,,,,,,,,,,,
R484,,,,,,,,,,,,,,,,,,,,,,,,,,,,,,,,,,,,,,,,,,,,,,,,,,,,,,,,,,,,,,,,,,,,,,,,,,,,,,,,,,,,,,,,,
R485,,,,,,,,,,,,,,,,,,,,,,,,,,,,,,,,,,,,,,,,,,,,,,,,,,,,,,,,,,,,,,,,,,,,,,,,,,,,,,,,,,,,,,,,,
R486,,,,,,,,,,,,,,,,,,,,,,,,,,,,,,,,,,,,,,,,,,,,,,,,,,,,,,,,,,,,,,,,,,,,,,,,,,,,,,*/pɾˈaːjtə/,,,,,,,,,,,
R487,,,,,,,,,,,,,,,,,,,,,,,,,,,,,,,,,,,,,,,,,,,,,,,,,,,,,,,,,,,,,,,,,,,,,,,,,,,,,,,,,,,,,,,,,
R488,,,,,,,,,,,,,,,,,,,,,,,,,,,,,,,,,,,,,,,,,,,,,,,,,,,,,,,,,,,,,,,,,,,,,,,,,,,,,,,,,,,,,,,,,
R489,,,,,,,,,,,,,,,,,,,,,,,,,,,,,,,,,,,,,,,,,,,,,,,,,,,,,,,,,,,,,,,,,,,,,,,,,,,,,,,,,,,,,,,,,
R490,,,,,,,,,,,,,,,,,,,,,,,,,,,,,,,,,,,,,,,,,,,,,,,,,,,,,,,,,,,,,,,,,,,,,,,,,,,,,,,,,,,,,,,,,
R491,,,,,,,,,,,,,,,,,,,,,,,,,,,,,,,,,,,,,,,,,,,,,,,,,,,,,,,,,,,,,,,,,,,,,,,,,,,,,,,,,,,,,,,,,
R492,,,,,,,,,,,,,,,,,,,,,,,,,,,,,,,,,,,,,,,,,,,,,,,,,,,,,,,,,,,,,,,,,,,,,,,,,,,,,,,,,,,,,,,,,
R493,,,,,,,,,,,,,,,,,,,,,,,,,,,,,,,,,,,,,,,,,,,,,,,,,,,,,,,,,,,,,,,,,,,,,,,,,,,,,,,,,,,,,,,,,
R494,*/kunˈɛʃc/,*/kunˈɛʃc/,*/kunˈɛʃkə/,*/kunˈɛʃcɾ̩/,*/nˈɛʃc/,*/nˈɛʃc/,*/nˈɛʃkə/,*/nˈɛʃcɾ̩/,*/kunˈɛʃtə/,*/kunˈɛʃtə/,*/kunˈɛʃtə/,*/kunˈɛʃcɾ̩tə/,*/nˈɛʃtə/,*/nˈɛʃtə/,*/nˈɛʃtə/,*/nˈɛʃcɾ̩tə/,*/kunˈɔʃc/,*/kunˈɔʃc/,*/kunˈɔʃkə/,*/kunˈɔʃcɾ̩/,*/nˈɔʃc/,*/nˈɔʃc/,*/nˈɔʃkə/,*/nˈɔʃcɾ̩/,*/kunˈɔʃtə/,*/kunˈɔʃtə/,*/kunˈɔʃtə/,*/kunˈɔʃcɾ̩tə/,*/nˈɔʃtə/,*/nˈɔʃtə/,*/nˈɔʃtə/,*/nˈɔʃcɾ̩tə/,,*/kumtˈɛʃc/,*/kumtˈɛʃc/,*/kumtˈaʃtə/,*/kumtˈɛʃtə/,*/kumtˈɛ/,,*/kumtˈɛɾ/,,*/cumtˈatə/,,*/kumtˈaɾtə/,*/fˈɛɾ/,,*/fˈi/,,,,,,*/fˈɛɾtə/,,*/fˈitə/,,,,*/vˈɛl/,*/vˈɔlˠ/,*/vˈult/,*/vˈɔlˠt/,*/vˈɛl/,*/vˈɔlˠ/,*/vˈul/,*/vˈɔl/,,,*/pɾ̩mnaɾˈi/,*/pɾ̩mnaɾˈitə/,*/pɾ̩mnˈarɛ/,,*/pɾ̩mnˈɛɾɛ/,,,,,*/pɾˈajtə/,*/pl̩cˈi/,*/pl̩cˈɛtə/,,,*/pɾ̩cˈɛɾtə/,*/pɾ̩cˈiɾ/,*/vˈɛndɛ/,,,,
=Old North Tosk,null*/kunˈɛʃc/,null*/kunˈɛʃc/,null*/kunˈɛʃkə/,null*/kunˈɛʃcɾ̩/,null*/nˈɛʃc/,null*/nˈɛʃc/,null*/nˈɛʃkə/,null*/nˈɛʃcɾ̩/,null*/kunˈɛʃtə/,null*/kunˈɛʃtə/,null*/kunˈɛʃtə/,null*/kunˈɛʃcɾ̩tə/,null*/nˈɛʃtə/,null*/nˈɛʃtə/,null*/nˈɛʃtə/,null*/nˈɛʃcɾ̩tə/,null*/kunˈɔʃc/,null*/kunˈɔʃc/,null*/kunˈɔʃkə/,null*/kunˈɔʃcɾ̩/,null*/nˈɔʃc/,null*/nˈɔʃc/,null*/nˈɔʃkə/,null*/nˈɔʃcɾ̩/,null*/kunˈɔʃtə/,null*/kunˈɔʃtə/,null*/kunˈɔʃtə/,null*/kunˈɔʃcɾ̩tə/,null*/nˈɔʃtə/,null*/nˈɔʃtə/,null*/nˈɔʃtə/,null*/nˈɔʃcɾ̩tə/,null*/kˈumtə/,null*/kumtˈɛʃc/,null*/kumtˈɛʃc/,null*/kumtˈaʃtə/,null*/kumtˈɛʃtə/,null*/kumtˈɛ/,null*/kˈumt/,null*/kumtˈɛɾ/,null*/kˈumtə/,null*/cumtˈatə/,null*/kˈumtə/,null*/kumtˈaɾtə/,null*/fˈɛɾ/,null*/fˈie̯ɾ/,null*/fˈi/,null*/fˈie̯ɾ/,null*/fˈi/,null*/fi/,null*/fˈie̯ɾ/,null*/fjˈɛɾtə/,null*/fˈɛɾtə/,null*/fjˈɛɾtə/,null*/fˈitə/,null*/fjˈɛɾtə/,null*/fˈitə/,null*/fˈitə/,null*/vˈɛl/,null*/vˈɔlˠ/,null*/vˈult/,null*/vˈɔlˠt/,null*/vˈɛl/,null*/vˈɔlˠ/,null*/vˈul/,null*/vˈɔl/,null*/lˈiɟ/,null*/tˈɛmb/,null*/pɾ̩mnaɾˈi/,null*/pɾ̩mnaɾˈitə/,null*/pɾ̩mnˈarɛ/,null*/pɾ̩mˈənərjtə/,null*/pɾ̩mnˈɛɾɛ/,null*/pɾ̩mˈənrtə/,null*/pɾ̩mˈənr/,null*/pɾ̩mˈənɾtə/,null*/plˈac/,null*/pɾˈajtə/,null*/pl̩cˈi/,null*/pl̩cˈɛtə/,null*/plˈacɛ/,null*/plˈactə/,null*/pɾ̩cˈɛɾtə/,null*/pɾ̩cˈiɾ/,null*/vˈɛndɛ/,null*/lˠˈɔc/,null*/lˠˈɔkə/,null*/lˠˈɔkulˠ/,null*/vəɾˈitə/
R495,,,,,,,,,,,,,,,,,,,,,,,,,,,,,,,,,,,,,,,,,,,,,,,,,,,,,,,,,,,,,,,,,,,,,,,,,,,,,,,,,,,,,,,,,
R496,,,,,,,,,,,,,,,,,,,,,,,,,,,,,,,,,,,,,,,,,,,,,,,,,,,,,,,,,,,,,,,,,,,,,,,,,,,,,,,,,,,,,,,,,
R497,,,,,,,,,,,,,,,,,,,,,,,,,,,,,,,,,,,,,,,,,,,,,,,,,,,,,,,,,,,,,,,,,,,,,,,,,,,,,,,,,,,,,,,,,
R498,,,,,,,,,,,,,,,,,,,,,,,,,,,,,,,,,,,,,,,,,,,,,,,,,,,,,,,,,,,,,,,,,,,,,,,,,,,,,,,,,,,,,,,,,
R499,,,,,,,,,,,,,,,,,,,,,,,,,,,,,,,,,,,,,,,,,,,,,,,,,,,,,,,,,,,,,,,,,,,,,,,,,,,,,,,,,,,,,,,,,
R500,,,,,,,,,,,,,,,,,,,,,,,,,,,,,,,,,,,,,,,,,,,,,,,,,,,,,,,,,,,,,,,,,,,,,,,,,,,,,,,,,,,,,,,,,
R501,,,,*/kunˈɛʃcəɾ̩/,,,,*/nˈɛʃcəɾ̩/,,,,*/kunˈɛʃcəɾ̩tə/,,,,*/nˈɛʃcəɾ̩tə/,,,,*/kunˈɔʃcəɾ̩/,,,,*/nˈɔʃcəɾ̩/,,,,*/kunˈɔʃcəɾ̩tə/,,,,*/nˈɔʃcəɾ̩tə/,,,,,,,,,,,,,,,,,,,,,,,,,,,,,,,,,,,,,*/pəɾ̩mnaɾˈi/,*/pəɾ̩mnaɾˈitə/,*/pəɾ̩mnˈarɛ/,*/pəɾ̩mˈənərjtə/,*/pəɾ̩mnˈɛɾɛ/,*/pəɾ̩mˈənrtə/,*/pəɾ̩mˈənr/,*/pəɾ̩mˈənɾtə/,,,*/pəl̩cˈi/,*/pəl̩cˈɛtə/,,,*/pəɾ̩cˈɛɾtə/,*/pəɾ̩cˈiɾ/,,,,,
R502,,,,*/kunˈɛʃcəɾ/,,,,*/nˈɛʃcəɾ/,,,,*/kunˈɛʃcəɾtə/,,,,*/nˈɛʃcəɾtə/,,,,*/kunˈɔʃcəɾ/,,,,*/nˈɔʃcəɾ/,,,,*/kunˈɔʃcəɾtə/,,,,*/nˈɔʃcəɾtə/,,,,,,,,,,,,,,,,,,,,,,,,,,,,,,,,,,,,,*/pəɾmnaɾˈi/,*/pəɾmnaɾˈitə/,*/pəɾmnˈarɛ/,*/pəɾmˈənərjtə/,*/pəɾmnˈɛɾɛ/,*/pəɾmˈənrtə/,*/pəɾmˈənr/,*/pəɾmˈənɾtə/,,,*/pəlcˈi/,*/pəlcˈɛtə/,,,*/pəɾcˈɛɾtə/,*/pəɾcˈiɾ/,,,,,
R503,,,,,,,,,,,,,,,,,,,,,,,,,,,,,,,,,,,,,,,,,,,,,,,,,,,,,,,,,,,,,,,,,,,,,,,,,,,,,,,,,,,,,,,,,
R504,,,,,,,,,,,,,,,,,,,,,,,,,,,,,,,,,,,,,,,,,,,,,,,,,,,,,,,,,,,,,,,,,,,,,,,,,,,,,,,,,,*/plˈat͡ʃtə/,,,,,,,
R505,,,,,,,,,,,,,,,,,,,,,,,,,,,,,,,,,,,,,,,,,,,,,,,,,,,,,,,,,,,,,,,,,,,,,,,,,,,,,,,,,,,,,,,,,
R506,,,,,,,,,,,,,,,,,,,,,,,,,,,,,,,,,,,,,,,,,,,,,,,,,,,,,,,,,,,,,,,,,,,,,,,,,,,,,,,,,,,,,,,,,
R507,,,,,,,,,,,,,,,,,,,,,,,,,,,,,,,,,,,,,,,,,,,,,,,,,,,,,,,,,,,,,,,,,,,,,,,,,,,,,,,,,,,,,,,,,
R508,,,,,,,,,,,,,,,,,,,,,,,,,,,,,,,,,,,,,,,,,,,,,,,,,,,,,,,,,,,,,,,,,,,,,,,,,,,,,,,,,,,,,,,,,
R509,,,,,,,,,,,,,,,,,,,,,,,,,,,,,,,,,,,,,,,,,,,,,,,,,,,,,,,,,,,,,,,,,,,,,,,,,,,,,,,,,,,,,,,,,
R510,,,,,,,,,,,,,,,,,,,,,,,,,,,,,,,,,,,,,,,,,,,,,,,,,,,,,,,,,,,,,,,,,,,,,,,,,,,,,,,,,,,,,,,,,
