ID,CFR_prediction,gold,rawLevenshteinED,phonemewiseLevenshteinED,featureED,pred_phone_length,gold_phone_length
0,*/ajˈazəm/,/ajˈazəm/,0,0.0,0.0,6,6
1,*/aðəɾˈɔj/,/aðəɾˈɔj/,0,0.0,0.0,6,6
2,*/aðuɾˈɔj/,/aðuɾˈɔj/,0,0.0,0.0,6,6
3,*/aɾɡˈɔvə/,/aɾɡˈɔvə/,0,0.0,0.0,6,6
4,*/aɾcˈitə/,/aɾcˈitə/,0,0.0,0.0,6,6
5,*/aɾdɛnˈit͡sə/,/aɾdɛnˈit͡sə/,0,0.0,0.0,8,8
6,*/aɾsˈye̯/,/aɾsˈye̯/,0,0.0,0.0,5,5
7,*/əɾbɾˈɛʃ/,/aɾbəɾˈɛʃ/,2,0.2857142857142857,0.6538461538461539,6,7
8,*/aɾmˈik/,/aɾmˈik/,0,0.0,0.0,5,5
10,*/arˈij/,/arˈij/,0,0.0,0.0,4,4
11,*/aftapˈɔð/,/aftapˈɔð/,0,0.0,0.0,7,7
12,*/avˈit/,/avˈit/,0,0.0,0.0,4,4
13,*/avlˠˈi/,/avlˠˈi/,0,0.0,0.0,4,4
14,*/avləmˈɛnd/,/avləmˈɛnd/,0,0.0,0.0,8,8
15,*/ˈaj/,/ˈaj/,0,0.0,0.0,2,2
16,*/ˈajəɾ/,/ˈajəɾ/,0,0.0,0.0,4,4
17,*/ˈaʃkəl/,/ˈaʃkəl/,0,0.0,0.0,5,5
18,*/ˈaʃpəɾ/,/ˈaʃpəɾ/,0,0.0,0.0,5,5
19,*/ˈalm/,/ˈaləm/,1,0.25,0.4807692307692308,3,4
20,*/ˈaɾ/,/ˈaɾ/,0,0.0,0.0,2,2
21,*/ˈaɾk/,/ˈaɾk/,0,0.0,0.0,3,3
22,*/ˈaɾkə/,/ˈaɾkə/,0,0.0,0.0,4,4
23,*/ˈaɾbəɾ/,/ˈaɾbəɾ/,0,0.0,0.0,5,5
24,*/ˈaɾmə/,/ˈaɾmə/,0,0.0,0.0,4,4
25,*/ˈaft/,/ˈaft/,0,0.0,0.0,3,3
26,*/ˈamɛ/,/ˈamɛ/,0,0.0,0.0,3,3
27,*/haɾabˈɛl/,/haɾabˈɛl/,0,0.0,0.0,7,7
28,*/havərˈɔj/,/harˈɔj/,2,0.4,1.1153846153846154,7,5
29,*/habˈit/,/habˈit/,0,0.0,0.0,5,5
30,*/haɾməʃˈɔɾ/,/hamʃˈɔɾ/,2,0.3333333333333333,1.1153846153846154,8,6
31,*/hɛtˈɔj/,/hɛtˈɔj/,0,0.0,0.0,5,5
32,*/hɛɾmˈɔj/,/hɛɾmˈɔj/,0,0.0,0.0,6,6
33,*/hˈɛɾə/,/hˈɛɾə/,0,0.0,0.0,4,4
34,*/ŋɡulˠˈɔj/,/hiŋɡəlˠˈɔj/,3,0.375,1.1730769230769231,6,8
35,*/hitˈat/,/hitˈat/,0,0.0,0.0,5,5
36,*/hˈiŋɡəl/,/hˈiŋɡəl/,0,0.0,0.0,6,6
37,*/hɔɾmˈɔvə/,/hɔɾmˈɔvə/,0,0.0,0.0,7,7
38,*/jˈɔk/,/hˈɔkə/,2,0.5,0.75,3,4
39,*/hˈɔɾə/,/hˈɔɾə/,0,0.0,0.0,4,4
40,*/hukˈat/,/hukˈat/,0,0.0,0.0,5,5
41,*/əltˈɛɾ/,/əltˈɛɾ/,0,0.0,0.0,5,5
42,*/əɾɟˈɛnd/,/əɾɟˈɛnd/,0,0.0,0.0,6,6
43,*/aɾsˈɛŋɡə/,/əɾsˈiŋɡə/,2,0.2857142857142857,0.17307692307692307,7,7
44,*/ˈəɲɟəlˠ/,/ˈəɲɟəlˠ/,0,0.0,0.0,5,5
45,*/ˈɛɡəɾ/,/ˈɛɡəɾ/,0,0.0,0.0,4,4
46,*/ˈɛɲɟəlˠ/,/ˈɛɲɟəlˠ/,0,0.0,0.0,5,5
47,*/ˈɛʃkə/,/ˈɛʃkə/,0,0.0,0.0,4,4
48,*/ˈɛɾə/,/ˈɛɾə/,0,0.0,0.0,3,3
49,*/ˈɛmtə/,/ˈɛmtə/,0,0.0,0.0,4,4
50,*/janˈɛɾ/,/janˈaɾ/,1,0.2,0.07692307692307693,5,5
51,*/jaɾˈinə/,/jaɾˈinə/,0,0.0,0.0,6,6
52,*/jaɾˈua̯/,/jaɾˈua̯/,0,0.0,0.0,5,5
53,*/jˈaz/,/jˈaz/,0,0.0,0.0,3,3
54,*/jˈaɾm/,/jˈaɾm/,0,0.0,0.0,4,4
55,*/jˈɛvə/,/jˈavə/,1,0.25,0.07692307692307693,4,4
56,*/jˈɛh/,/jˈɛh/,0,0.0,0.0,3,3
57,*/jˈɛtə/,/jˈɛtə/,0,0.0,0.0,4,4
58,*/jˈɛzəɾ/,/jˈɛzəɾ/,0,0.0,0.0,5,5
59,*/jˈɛɾm/,/jˈɛɾm/,0,0.0,0.0,4,4
60,*/jɔzˈɛf/,/jɔzˈɛf/,0,0.0,0.0,5,5
61,*/jɔzˈif/,/jɔzˈif/,0,0.0,0.0,5,5
62,*/jˈuɡ/,/jˈuɡ/,0,0.0,0.0,3,3
63,*/jˈud/,/jˈud/,0,0.0,0.0,3,3
64,*/ˈilcɛt/,/ilcˈɛt/,2,0.4,0.15384615384615385,5,5
65,*/ˈijə/,/ˈijə/,0,0.0,0.0,3,3
66,*/ˈiʃəm/,/ˈiʃəm/,0,0.0,0.0,4,4
67,*/ˈiʃulˠ/,/ˈiʃulˠ/,0,0.0,0.0,4,4
68,*/ˈiskəɾ/,/ˈiskəɾ/,0,0.0,0.0,5,5
69,*/ˈiðulˠ/,/ˈiðulˠ/,0,0.0,0.0,4,4
70,*/ˈilc/,/ˈilc/,0,0.0,0.0,3,3
71,*/ˈiɾə/,/ˈiɾə/,0,0.0,0.0,3,3
72,*/ˈiɾic/,/ˈiɾic/,0,0.0,0.0,4,4
73,*/ˈivə/,/ˈivə/,0,0.0,0.0,3,3
74,*/yndˈyɾə/,/yndˈyɾə/,0,0.0,0.0,6,6
75,*/ˈye̯j/,/ˈye̯j/,0,0.0,0.0,3,3
76,*/ɔcˈitə/,/ɔkˈitə/,1,0.2,0.07692307692307693,5,5
77,*/ɔɡɾˈajə/,/ɔɡɾˈajə/,0,0.0,0.0,6,6
78,*/ɔtˈavə/,/ɔtˈavə/,0,0.0,0.0,5,5
79,*/ɔɾəndˈi/,/ɔɾəndˈi/,0,0.0,0.0,6,6
80,*/ɔbɾˈɔk/,/ɔɾˈɔk/,1,0.25,0.4807692307692308,5,4
81,*/ɔpˈəŋɡə/,/ɔpˈəŋɡə/,0,0.0,0.0,6,6
82,*/ɔbˈɔɾ/,/ɔbˈɔr/,1,0.25,0.057692307692307696,4,4
83,*/ɔblˈəŋɡ/,/ɔblˠˈəŋɡ/,1,0.16666666666666666,0.07692307692307693,6,6
84,*/ˈɔkəɾ/,/ˈɔkəɾ/,0,0.0,0.0,4,4
85,*/ˈɔiʃtə/,/ˈɔʃtə/,1,0.25,0.6538461538461539,5,4
86,*/kalˠɔɟˈɛɾ/,/kalˠɔɟˈɛɾ/,0,0.0,0.0,7,7
87,*/kalˠnˈɔɾ/,/kalˠnˈɔɾ/,0,0.0,0.0,6,6
88,*/kalˠmˈɛt/,/kalˠmˈɛt/,0,0.0,0.0,6,6
89,*/kat͡ʃuɾˈɛl/,/kat͡ʃurˈɛl/,1,0.14285714285714285,0.057692307692307696,7,7
90,*/kat͡ʃˈul/,/kat͡ʃˈul/,0,0.0,0.0,5,5
91,*/kat͡ʃˈubə/,/kat͡ʃˈubə/,0,0.0,0.0,6,6
92,*/kat͡ʃˈubəl/,/kat͡ʃˈubəl/,0,0.0,0.0,7,7
93,*/kaʃˈil/,/kaʃˈil/,0,0.0,0.0,5,5
94,*/kaʃɲˈɛt/,/kaʃɲˈɛt/,0,0.0,0.0,6,6
95,*/katˈua̯/,/katˈua̯/,0,0.0,0.0,5,5
96,*/kadˈit/,/kadˈit/,0,0.0,0.0,5,5
97,*/kastɾavˈɛt͡s/,/kastɾavˈɛt͡s/,0,0.0,0.0,9,9
98,*/kasnˈɛt͡s/,/kasnˈɛt͡s/,0,0.0,0.0,6,6
99,*/kalibˈɔb/,/kalibˈɔb/,0,0.0,0.0,7,7
100,*/kalˈibə/,/kalˈibə/,0,0.0,0.0,6,6
101,*/kaɾavˈɛlə/,/kaɾavˈɛlə/,0,0.0,0.0,8,8
102,*/kaɾˈit͡sə/,/kaɾˈit͡sə/,0,0.0,0.0,6,6
103,*/kɾˈiɡə/,/karˈiɡə/,2,0.3333333333333333,0.7884615384615384,5,6
104,*/kaɾˈutə/,/karˈutə/,1,0.16666666666666666,0.057692307692307696,6,6
105,*/kaɾˈup/,/karˈup/,1,0.2,0.057692307692307696,5,5
106,*/kapˈɛlə/,/kapˈɛlə/,0,0.0,0.0,6,6
107,*/kapˈit/,/kapˈit/,0,0.0,0.0,5,5
108,*/kapˈua̯/,/kapˈua̯/,0,0.0,0.0,5,5
109,*/kəftˈinə/,/kaptˈinə/,2,0.2857142857142857,0.19230769230769232,7,7
110,*/kapɾˈua̯lˠ/,/kapɾˈua̯lˠ/,0,0.0,0.0,7,7
111,*/kafʃˈatə/,/kafʃˈatə/,0,0.0,0.0,7,7
112,*/kafʃˈɔj/,/kafʃˈɔj/,0,0.0,0.0,6,6
113,*/kəmˈit͡sə/,/kamˈit͡sə/,1,0.16666666666666666,0.09615384615384616,6,6
114,*/kˈalˠm/,/kˈalˠm/,0,0.0,0.0,4,4
115,*/kˈat͡ʃ/,/kˈat͡ʃ/,0,0.0,0.0,3,3
116,*/kˈanə/,/kˈanə/,0,0.0,0.0,4,4
117,*/kˈandəɾ/,/kˈandəɾ/,0,0.0,0.0,6,6
118,*/kˈandəɾ/,/kˈandəɾ/,0,0.0,0.0,6,6
119,*/kˈaltə/,/kˈaltə/,0,0.0,0.0,5,5
120,*/kˈaltəɾ/,/kˈaltəɾ/,0,0.0,0.0,6,6
121,*/kˈaɾtə/,/kˈaɾtə/,0,0.0,0.0,5,5
122,*/kˈaɾtə/,/kˈaɾtə/,0,0.0,0.0,5,5
123,*/kˈarə/,/kˈarə/,0,0.0,0.0,4,4
124,*/kˈafkə/,/kˈafkə/,0,0.0,0.0,5,5
125,*/kˈafʃə/,/kˈafʃə/,0,0.0,0.0,5,5
126,*/kə/,/kə/,0,0.0,0.0,2,2
127,*/kəɲɟˈɛl/,/kəɲɟˈɛl/,0,0.0,0.0,6,6
128,*/kuʃˈil/,/kəʃˈilˠ/,2,0.4,0.25,5,5
129,*/kəʃˈyɾə/,/kəʃˈyɾə/,0,0.0,0.0,6,6
130,*/kəʃcˈɛlə/,/kəʃtjˈɛlˠə/,3,0.375,0.7692307692307693,7,8
132,*/kənˈatə/,/kənˈatə/,0,0.0,0.0,6,6
133,*/kənˈɛt/,/kənˈɛt/,0,0.0,0.0,5,5
134,*/kəndˈɛlˠə/,/kəndˈɛlˠə/,0,0.0,0.0,7,7
135,*/kəndˈɔj/,/kəndˈɔj/,0,0.0,0.0,6,6
136,*/kəlt͡ʃˈyɾə/,/kəlt͡ʃˈyɾə/,0,0.0,0.0,7,7
137,*/kəɾkˈɔj/,/kəɾkˈɔj/,0,0.0,0.0,6,6
138,*/kəɾcˈɛlə/,/kəɾcˈɛlə/,0,0.0,0.0,7,7
139,*/kəɾʃəndˈɛl/,/kəɾʃəndˈɛl/,0,0.0,0.0,9,9
140,*/kəɾʃtˈɛɾə/,/kəɾʃtˈɛɾə/,0,0.0,0.0,8,8
141,*/kəɾt͡sˈat/,/kəɾt͡sˈat/,0,0.0,0.0,6,6
142,*/kəɾt͡sˈu/,/kəɾt͡sˈu/,0,0.0,0.0,5,5
143,*/kəɾpˈus/,/kəɾpˈus/,0,0.0,0.0,6,6
144,*/kəɾbˈat͡ʃ/,/kəɾbˈat͡ʃ/,0,0.0,0.0,6,6
145,*/kɔrˈutə/,/kərˈutə/,1,0.16666666666666666,0.1346153846153846,6,6
146,*/kapˈujə/,/kəpˈujə/,1,0.16666666666666666,0.09615384615384616,6,6
147,*/kapɾˈɛʃt/,/kəpɾˈɛʃ/,2,0.3333333333333333,0.4807692307692308,7,6
148,*/kəmˈiʃə/,/kəmˈiʃə/,0,0.0,0.0,6,6
149,*/kəmˈiʃt/,/kəmˈiʃt/,0,0.0,0.0,6,6
150,*/kəmbˈɛj/,/kəmbˈɛj/,0,0.0,0.0,6,6
151,*/kəmbˈɔɾə/,/kəmbˈɔɾə/,0,0.0,0.0,7,7
152,*/kˈəŋɡə/,/kˈəŋɡə/,0,0.0,0.0,5,5
153,*/kˈəlˠk/,/kˈəlˠk/,0,0.0,0.0,4,4
154,*/kˈənd/,/kˈənd/,0,0.0,0.0,4,4
155,*/kˈəɾt͡s/,/kˈəɾt͡s/,0,0.0,0.0,4,4
156,*/kˈəɾp/,/kˈəɾp/,0,0.0,0.0,4,4
157,*/kˈəɾpə/,/kˈəɾpə/,0,0.0,0.0,5,5
158,*/kˈəmbə/,/kˈəmbə/,0,0.0,0.0,5,5
159,*/cəmˈɛnd/,/kɛlmˈɛnd/,3,0.42857142857142855,0.6153846153846154,6,7
160,*/cəɾɲˈɔj/,/kɛɾɲˈɔj/,2,0.3333333333333333,0.1346153846153846,6,6
161,*/cˈiʃə/,/kˈiʃə/,1,0.25,0.07692307692307693,4,4
162,*/kuɾtˈyɾə/,/kyptˈyɾə/,2,0.2857142857142857,0.25,7,7
163,*/ɡɾˈilə/,/kɔjɾˈilə/,3,0.42857142857142855,1.3269230769230769,5,7
164,*/kɔsˈit/,/kɔsˈit/,0,0.0,0.0,5,5
165,*/kɔsˈɔɾ/,/kɔsˈɔɾɛ/,1,0.16666666666666666,0.5576923076923077,5,6
166,*/kɔðɾˈand/,/kɔðɾˈand/,0,0.0,0.0,7,7
167,*/kɔnkˈɔl/,/kɔnkˈɔl/,0,0.0,0.0,6,6
168,*/kunˈujkə/,/kɔnˈuɾkə/,2,0.2857142857142857,0.36538461538461536,7,7
169,*/kalˈɛʃkə/,/kɔlˈɛʃkə/,1,0.14285714285714285,0.23076923076923078,7,7
170,*/kɔlˈibə/,/kɔlˈibɛ/,1,0.16666666666666666,0.057692307692307696,6,6
171,*/kɔɾˈit/,/kɔɾˈit/,0,0.0,0.0,5,5
172,*/kɔɾˈitə/,/kɔɾˈitə/,0,0.0,0.0,6,6
173,*/kɔɾˈubə/,/kɔɾˈubə/,0,0.0,0.0,6,6
174,*/kɔpˈit͡sə/,/kɔpˈit͡sə/,0,0.0,0.0,6,6
175,*/kɔpˈil/,/kɔpˈil/,0,0.0,0.0,5,5
176,*/kɔpɾˈənt͡skə/,/kɔpɾˈənt͡skə/,0,0.0,0.0,9,9
177,*/kɔftˈua̯ɾ/,/kɔftˈɔɾ/,2,0.3333333333333333,0.6730769230769231,7,6
178,*/kɔvˈat͡ʃ/,/kɔvˈat͡ʃ/,0,0.0,0.0,5,5
179,*/kˈɔk/,/kˈɔk/,0,0.0,0.0,3,3
180,*/kˈɔkə/,/kˈɔkə/,0,0.0,0.0,4,4
181,*/kˈɔl/,/kˈɔlˠ/,1,0.3333333333333333,0.07692307692307693,3,3
182,*/kˈɔʃ/,/kˈɔʃ/,0,0.0,0.0,3,3
183,*/kˈɔʃ/,/kˈɔʃ/,0,0.0,0.0,3,3
184,*/kˈɔʃ/,/kˈɔʃ/,0,0.0,0.0,3,3
185,*/kˈɔdəɾ/,/kˈɔdəɾ/,0,0.0,0.0,5,5
186,*/kˈɔst/,/kˈɔt͡s/,2,0.6666666666666666,0.3269230769230769,4,3
187,*/kˈɔzəlˠt͡sə/,/kˈɔt͡sə/,3,0.75,1.9423076923076923,7,4
188,*/kˈɔt͡sə/,/kˈɔt͡sə/,0,0.0,0.0,4,4
189,*/kˈɔs/,/kˈɔs/,0,0.0,0.0,3,3
190,*/kˈɔsə/,/kˈɔsə/,0,0.0,0.0,4,4
191,*/kˈɔstəɾ/,/kˈɔstəɾ/,0,0.0,0.0,6,6
192,*/kˈɔɾə/,/kˈɔɾə/,0,0.0,0.0,4,4
193,*/kˈɔɾə/,/kˈɔɾə/,0,0.0,0.0,4,4
194,*/kˈɔɾɛ/,/kˈɔɾɛ/,0,0.0,0.0,4,4
195,*/kˈɔɾt͡ʃə/,/kˈɔɾt͡ʃə/,0,0.0,0.0,5,5
196,*/kˈɔɾt/,/kˈɔɾt/,0,0.0,0.0,4,4
197,*/kˈɔɾtə/,/kˈɔɾtə/,0,0.0,0.0,5,5
198,*/kˈɔɾðə/,/kˈɔɾðə/,0,0.0,0.0,5,5
199,*/kˈaɾðə/,/kˈɔɾðə/,1,0.2,0.23076923076923078,5,5
200,*/kˈɔɾp/,/kˈɔɾp/,0,0.0,0.0,4,4
201,*/kˈɔɾb/,/kˈɔɾb/,0,0.0,0.0,4,4
202,*/kˈɔɾbulˠ/,/kˈɔɾbulˠ/,0,0.0,0.0,6,6
203,*/kˈɔpəɾ/,/kˈɔpəɾ/,0,0.0,0.0,5,5
204,*/kˈɔb/,/kˈɔb/,0,0.0,0.0,3,3
205,*/kˈɔfʃə/,/kˈɔfʃə/,0,0.0,0.0,5,5
206,*/kˈɔmə/,/kˈɔmə/,0,0.0,0.0,4,4
207,*/klˠapˈit/,/klˠapˈit/,0,0.0,0.0,6,6
208,*/klˠˈandə/,/klˠˈandə/,0,0.0,0.0,6,6
209,*/kˈalˠpə/,/klˠˈapə/,2,0.4,0.8461538461538461,5,5
210,*/kɔlˠt͡ʃˈit/,/klˠɔt͡ʃˈit/,2,0.3333333333333333,0.7692307692307693,6,6
211,*/klˠˈɔɟəɾ/,/klˠˈɔɟəɾ/,0,0.0,0.0,6,6
212,*/kujtˈɔj/,/kujtˈɔj/,0,0.0,0.0,6,6
213,*/kujɾˈi/,/kujɾˈi/,0,0.0,0.0,5,5
214,*/kukˈat/,/kukˈat/,0,0.0,0.0,5,5
215,*/kukˈutə/,/kukˈutə/,0,0.0,0.0,6,6
216,*/kuŋɡˈɔj/,/kuŋɡˈɔj/,0,0.0,0.0,6,6
217,*/kulˠˈɔj/,/kulˠˈɔj/,0,0.0,0.0,5,5
218,*/kulˠˈɔʃtəɾ/,/kulˠˈɔʃtəɾ/,0,0.0,0.0,8,8
219,*/kulˠumˈɛsə/,/kulˠumˈɛsə/,0,0.0,0.0,8,8
220,*/kulˠumbɾˈi/,/kulˠumbɾˈi/,0,0.0,0.0,8,8
221,*/kuɲˈɔj/,/kuɲˈɔj/,0,0.0,0.0,5,5
222,*/kuʃəɾˈi/,/kuʃəɾˈi/,0,0.0,0.0,6,6
223,*/kuʃˈɔvə/,/kuʃˈɔvə/,0,0.0,0.0,6,6
224,*/kuʃtˈɔj/,/kuʃtˈɔj/,0,0.0,0.0,6,6
225,*/ɡuʃəɾtˈɔj/,/kuʃtɾˈɔj/,3,0.42857142857142855,0.7884615384615384,8,7
226,*/kutəndˈɔj/,/kutəndˈɔj/,0,0.0,0.0,8,8
227,*/kunˈat/,/kunˈat/,0,0.0,0.0,5,5
228,*/kundəɾʃtˈaɾ/,/kundəɾʃtˈaɾ/,0,0.0,0.0,10,10
229,*/kundˈɔj/,/kundˈɔj/,0,0.0,0.0,6,6
230,*/kundɾˈua̯lˠ/,/kundɾˈua̯lˠ/,0,0.0,0.0,8,8
231,*/kɔlˠˈat͡ʃ/,/kulˈat͡ʃ/,2,0.4,0.15384615384615385,5,5
232,*/kulˈaɾ/,/kulˈaɾ/,0,0.0,0.0,5,5
233,*/ɡəɾʃˈɛdəɾ/,/kulʃˈɛdəɾ/,3,0.375,0.3076923076923077,8,8
234,*/kuɾˈɔɾə/,/kuɾˈɔɾə/,0,0.0,0.0,6,6
235,*/kuɾtˈinə/,/kuɾtˈinə/,0,0.0,0.0,7,7
236,*/kuɾsˈɛj/,/kuɾsˈɛj/,0,0.0,0.0,6,6
237,*/kuɾbˈin/,/kuɾbˈin/,0,0.0,0.0,6,6
238,*/kuptˈɔj/,/kuptˈɔj/,0,0.0,0.0,6,6
239,*/kuplˈik/,/kuplˈik/,0,0.0,0.0,6,6
240,*/kufˈij/,/kufˈij/,0,0.0,0.0,5,5
241,*/kuvəndˈɔj/,/kuvɛndˈɔj/,1,0.125,0.057692307692307696,8,8
242,*/kuvˈɛnd/,/kuvˈɛnd/,0,0.0,0.0,6,6
243,*/kumˈɛɾc/,/kumˈɛɾc/,0,0.0,0.0,6,6
244,*/kuptˈɔj/,/kumtˈɔj/,1,0.16666666666666666,0.17307692307692307,6,6
245,*/kˈɔrj/,/kˈua̯/,3,1.0,0.7307692307692307,4,3
246,*/kˈua̯ɾ/,/kˈua̯ɾ/,0,0.0,0.0,4,4
247,*/kˈukə/,/kˈukə/,0,0.0,0.0,4,4
248,*/kˈukuɾ/,/kˈukuɾ/,0,0.0,0.0,5,5
249,*/kˈuŋɡə/,/kˈuŋɡə/,0,0.0,0.0,5,5
250,*/kˈulˠm/,/kˈulˠm/,0,0.0,0.0,4,4
251,*/kˈɔc/,/kˈuc/,1,0.3333333333333333,0.07692307692307693,3,3
252,*/kˈuɲ/,/kˈuɲ/,0,0.0,0.0,3,3
253,*/kˈut͡ʃ/,/kˈut͡ʃ/,0,0.0,0.0,3,3
254,*/kˈuʃulˠ/,/kˈuʃulˠ/,0,0.0,0.0,5,5
255,*/kˈut/,/kˈut/,0,0.0,0.0,3,3
256,*/kˈut/,/kˈut/,0,0.0,0.0,3,3
257,*/kˈuð/,/kˈuð/,0,0.0,0.0,3,3
258,*/kˈuðəɾ/,/kˈuðəɾ/,0,0.0,0.0,5,5
259,*/kˈundəɾ/,/kˈundəɾ/,0,0.0,0.0,6,6
260,*/kˈulˠə/,/kˈulə/,1,0.25,0.07692307692307693,4,4
261,*/kˈuɾtə/,/kˈultə/,1,0.2,0.09615384615384616,5,5
262,*/kˈultəɾ/,/kˈultəɾ/,0,0.0,0.0,6,6
263,*/kˈəlbə/,/kˈulbə/,1,0.2,0.17307692307692307,5,5
264,*/kˈulm/,/kˈulm/,0,0.0,0.0,4,4
265,*/kˈuɾt/,/kˈuɾt/,0,0.0,0.0,4,4
266,*/kˈuɾvə/,/kˈuɾvə/,0,0.0,0.0,5,5
267,*/kˈup/,/kˈup/,0,0.0,0.0,3,3
268,*/kˈupə/,/kˈupə/,0,0.0,0.0,4,4
269,*/kˈum/,/kˈum/,0,0.0,0.0,3,3
270,*/kˈumə/,/kˈumə/,0,0.0,0.0,4,4
271,*/kˈumulˠ/,/kˈumulˠ/,0,0.0,0.0,5,5
272,*/kˈumt/,/kˈumt/,0,0.0,0.0,4,4
273,*/kˈumtəɾ/,/kˈumtəɾ/,0,0.0,0.0,6,6
274,*/kˈumbulˠ/,/kˈumbulˠ/,0,0.0,0.0,6,6
276,*/cytˈyɾə/,/klytˈyɾə/,2,0.2857142857142857,0.8461538461538461,6,7
278,*/kɾahˈit/,/kɾahˈit/,0,0.0,0.0,6,6
279,*/kɾahˈinə/,/kɾahˈinə/,0,0.0,0.0,7,7
280,*/kɾɛzmˈɔj/,/kɾɛzmˈɔj/,0,0.0,0.0,7,7
281,*/kɾˈɛtk/,/kɾˈɛkə/,2,0.4,0.5,5,5
282,*/kɾˈɛʃtə/,/kɾˈɛʃtə/,0,0.0,0.0,6,6
283,*/kɾˈɛʃpə/,/kɾˈɛʃpə/,0,0.0,0.0,6,6
284,*/kərˈɛʒəm/,/kɾˈɛʒəm/,2,0.3333333333333333,0.5961538461538461,7,6
285,*/kɾˈɛzəm/,/kɾˈɛzəm/,0,0.0,0.0,6,6
286,*/kɾˈɛl/,/kɾˈɛl/,0,0.0,0.0,4,4
287,*/kɾˈapulˠ/,/kɾˈɛpulˠ/,1,0.16666666666666666,0.07692307692307693,6,6
288,*/kɾijˈɛsə/,/kɾijˈɛsə/,0,0.0,0.0,7,7
289,*/kɾijˈɔj/,/kɾijˈɔj/,0,0.0,0.0,6,6
290,*/kɾijtˈyɾə/,/kɾijtˈyɾə/,0,0.0,0.0,8,8
291,*/kɾˈiʃt/,/kɾˈiʃt/,0,0.0,0.0,5,5
292,*/kɾˈye̯/,/kɾˈye̯/,0,0.0,0.0,4,4
293,*/kɾˈuc/,/kɾˈyc/,1,0.25,0.07692307692307693,4,4
294,*/kurˈik/,/kɾɔɲɟˈilˠ/,5,0.7142857142857143,1.5769230769230769,5,7
295,*/kɾˈɔkulˠ/,/kɾˈɔkulˠ/,0,0.0,0.0,6,6
296,*/kɾˈuʃk/,/kɾˈuʃk/,0,0.0,0.0,5,5
297,*/kariklˠˈɔj/,/kriklˠˈɔj/,1,0.14285714285714285,0.7307692307692307,8,7
299,*/ɡatˈua̯j/,/ɡatˈua̯j/,0,0.0,0.0,6,6
300,*/ɡazmˈɛnd/,/ɡazmˈɛnd/,0,0.0,0.0,7,7
301,*/ɡalˈinə/,/ɡalˈinə/,0,0.0,0.0,6,6
302,*/ɡamˈit/,/ɡamˈit/,0,0.0,0.0,5,5
303,*/ɡˈaj/,/ɡˈaj/,0,0.0,0.0,3,3
304,*/ɡˈajɡə/,/ɡˈajɡə/,0,0.0,0.0,5,5
305,*/ɡˈalˠvə/,/ɡˈalˠvə/,0,0.0,0.0,5,5
306,*/ɡˈat/,/ɡˈat/,0,0.0,0.0,3,3
307,*/ɡˈatə/,/ɡˈatə/,0,0.0,0.0,4,4
308,*/ɡˈaz/,/ɡˈaz/,0,0.0,0.0,3,3
309,*/ɡˈalə/,/ɡˈalə/,0,0.0,0.0,4,4
310,*/ɡˈaɾɡulˠ/,/ɡˈaɾɡulˠ/,0,0.0,0.0,6,6
311,*/ɡəlˠtˈit/,/ɡəlˠtˈit/,0,0.0,0.0,6,6
312,*/kəʃtˈɛɲə/,/ɡəʃtˈɛɲə/,1,0.14285714285714285,0.038461538461538464,7,7
313,*/ɡəzˈɔf/,/ɡəzˈɔf/,0,0.0,0.0,5,5
314,*/ɡəlcˈɛɾɛ/,/ɡəlcˈɛɾɛ/,0,0.0,0.0,7,7
315,*/ɡəlbˈazə/,/ɡəlbˈazə/,0,0.0,0.0,7,7
316,*/ɡəɾhˈat/,/ɡəɾhˈat/,0,0.0,0.0,6,6
317,*/ɡəɾcˈiɲə/,/ɡəɾcˈiɲə/,0,0.0,0.0,7,7
318,*/ɡəɾt͡ʃˈak/,/ɡəɾt͡ʃˈak/,0,0.0,0.0,6,6
319,*/ɡəɾʃˈəɾə/,/ɡəɾʃˈəɾə/,0,0.0,0.0,7,7
320,*/ɡəɾʃˈɛt/,/ɡəɾʃˈɛt/,0,0.0,0.0,6,6
321,*/ɡəɾdˈalˠə/,/ɡəɾdˈalˠə/,0,0.0,0.0,7,7
322,*/ɡɔɾdˈɛt͡s/,/ɡəɾdˈɛt͡s/,1,0.16666666666666666,0.1346153846153846,6,6
323,*/ɡəɾdˈit/,/ɡəɾdˈit/,0,0.0,0.0,6,6
324,*/ɡəɾðˈit/,/ɡəɾðˈit/,0,0.0,0.0,6,6
325,*/ɡəɾlˈas/,/ɡəɾlˈat͡s/,1,0.16666666666666666,0.057692307692307696,6,6
326,*/ɡəɾlˈit͡sə/,/ɡəɾlˈit͡sə/,0,0.0,0.0,7,7
327,*/ɡəɾfˈɛj/,/ɡəɾfˈɛj/,0,0.0,0.0,6,6
328,*/ɡɾəmˈaðə/,/ɡəɾmˈaðə/,2,0.2857142857142857,0.5384615384615384,7,7
329,*/ɡɾˈək/,/ɡˈəɾk/,2,0.5,0.5384615384615384,4,4
330,*/ɡˈəɾt͡ʃ/,/ɡˈəɾt͡ʃ/,0,0.0,0.0,4,4
331,*/ɡˈəɾbə/,/ɡˈəɾbə/,0,0.0,0.0,5,5
332,*/ɡɾˈəmə/,/ɡˈəɾmə/,2,0.4,0.5384615384615384,5,5
333,*/ɡɔdˈit/,/ɡɔdˈit/,0,0.0,0.0,5,5
334,*/ɡɔstˈənt͡skə/,/ɡɔstˈənt͡skə/,0,0.0,0.0,9,9
335,*/ɡɔstˈit/,/ɡɔstˈit/,0,0.0,0.0,6,6
336,*/ɡarˈit͡sə/,/ɡɔrˈit͡sə/,1,0.16666666666666666,0.23076923076923078,6,6
337,*/ɡɔmˈilˠə/,/ɡɔmˈilə/,1,0.16666666666666666,0.07692307692307693,6,6
338,*/ɡɔmbˈɛl/,/ɡɔmbˈɛl/,0,0.0,0.0,6,6
339,*/ɡˈulˠə/,/ɡˈɔjə/,2,0.5,0.34615384615384615,4,4
340,*/ɡˈɔlˠ/,/ɡˈɔlˠ/,0,0.0,0.0,3,3
341,*/ɡˈɔzdə/,/ɡˈɔʒdə/,1,0.2,0.11538461538461539,5,5
342,*/ɡˈumə/,/ɡˈɔmə/,1,0.25,0.07692307692307693,4,4
343,*/ɡlˠanˈik/,/ɡlˠanˈik/,0,0.0,0.0,6,6
344,*/ɡlˠavˈinə/,/ɡlˠavˈinə/,0,0.0,0.0,7,7
345,*/ɡud͡zˈɔj/,/ɡud͡zˈɔj/,0,0.0,0.0,5,5
346,*/ɡulcˈɔj/,/ɡult͡ʃˈɔj/,1,0.16666666666666666,0.17307692307692307,6,6
347,*/ɡultˈɔj/,/ɡultˈɔj/,0,0.0,0.0,6,6
348,*/ɡˈuʃt/,/ɡˈuʃt/,0,0.0,0.0,4,4
349,*/ɡˈutə/,/ɡˈutə/,0,0.0,0.0,4,4
350,*/ɡˈunə/,/ɡˈunə/,0,0.0,0.0,4,4
351,*/ɡlˈasə/,/ɡlˈasə/,0,0.0,0.0,5,5
352,*/ɡɾaʃˈinə/,/ɡɾaʃˈinə/,0,0.0,0.0,7,7
353,*/ɡɾadˈinə/,/ɡɾadˈinə/,0,0.0,0.0,7,7
354,*/ɡɾabˈit/,/ɡɾabˈit/,0,0.0,0.0,6,6
355,*/ɡɾˈat/,/ɡɾˈat/,0,0.0,0.0,4,4
356,*/ɡɾˈadə/,/ɡɾˈadə/,0,0.0,0.0,5,5
357,*/ɡɾˈam/,/ɡɾˈam/,0,0.0,0.0,4,4
358,*/ɡɾəməɾˈatə/,/ɡɾəməɾˈatə/,0,0.0,0.0,9,9
359,*/ɡəɾbˈaʃ/,/ɡɾɛbˈaʃ/,2,0.3333333333333333,0.5961538461538461,6,6
360,*/ɡɾˈɛk/,/ɡɾˈɛk/,0,0.0,0.0,4,4
361,*/ɡɾˈim/,/ɡɾˈɛmb/,2,0.4,0.4423076923076923,4,5
362,*/ɡɾˈiɟ/,/ɡɾˈiɟ/,0,0.0,0.0,4,4
363,*/ɡɾˈifʃə/,/ɡɾˈifʃə/,0,0.0,0.0,6,6
364,*/ɡˈɔɾʃ/,/ɡɾˈɔʃ/,2,0.5,0.8076923076923077,4,4
365,*/ɡɾˈɔzdəl/,/ɡɾˈɔʒəl/,2,0.3333333333333333,0.5192307692307693,7,6
366,*/kɾˈutə/,/ɡɾˈɔftə/,3,0.5,0.6730769230769231,5,6
367,*/ɡɾumbulˠˈɔj/,/ɡɾumbulˠˈɔj/,0,0.0,0.0,9,9
368,*/ɡɾˈuʃt/,/ɡɾˈuʃt/,0,0.0,0.0,5,5
369,*/ɡɾˈumulˠ/,/ɡɾˈumbulˠ/,1,0.14285714285714285,0.5192307692307693,6,7
370,*/ŋɡaʃəɾˈɛj/,/ŋɡaʃəɾˈɛj/,0,0.0,0.0,8,8
371,*/ŋɡalkˈɔj/,/ŋɡalkˈɔj/,0,0.0,0.0,7,7
372,*/ŋɡaɾkˈɔj/,/ŋɡaɾkˈɔj/,0,0.0,0.0,7,7
373,*/ŋɡaɾðulˈicɛ/,/ŋɡaɾðulˈicɛ/,0,0.0,0.0,10,10
374,*/ŋɡəɲˈɛj/,/ŋɡəɲˈɛj/,0,0.0,0.0,6,6
375,*/ŋɡˈɔɾð/,/ŋɡˈɔɾð/,0,0.0,0.0,5,5
376,*/ŋɡuɲˈɔj/,/ŋɡujˈɔj/,1,0.16666666666666666,0.09615384615384616,6,6
377,*/ŋɡuʃəlˠˈɔj/,/ŋɡuʃulˠˈɔj/,1,0.125,0.17307692307692307,8,8
378,*/ŋɡuʃtˈɔj/,/ŋɡuʃtˈɔj/,0,0.0,0.0,7,7
379,*/ŋɡˈuʃt/,/ŋɡˈuʃt/,0,0.0,0.0,5,5
380,*/ŋɡɾˈatə/,/ŋɡɾˈatə/,0,0.0,0.0,6,6
381,*/lˠapˈuʃ/,/lˠapˈuʃ/,0,0.0,0.0,5,5
382,*/lˠapˈuʃə/,/lˠapˈuʃə/,0,0.0,0.0,6,6
383,*/lˠˈaʃkə/,/lˠˈaʃkə/,0,0.0,0.0,5,5
384,*/lˠˈast͡sə/,/lˠˈat͡sə/,1,0.25,0.4807692307692308,5,4
385,*/lˠˈaskə/,/lˠˈaskə/,0,0.0,0.0,5,5
386,*/lˠˈazəɾ/,/lˠˈazuɾə/,2,0.3333333333333333,0.6538461538461539,5,6
387,*/lˠˈəŋɡə/,/lˠˈəŋɡə/,0,0.0,0.0,5,5
388,*/lˠˈəɾə/,/lˠˈəɾə/,0,0.0,0.0,4,4
389,*/lˠɔmˈit/,/lˠɔmˈit/,0,0.0,0.0,5,5
390,*/lˠˈɔskə/,/lˠˈɔskə/,0,0.0,0.0,5,5
391,*/lˠˈukə/,/lˠˈukə/,0,0.0,0.0,4,4
393,*/ukɾˈajə/,/ukɾˈajə/,0,0.0,0.0,6,6
394,*/uŋɡˈɔj/,/uŋɡɾˈɔj/,1,0.16666666666666666,0.5576923076923077,5,6
395,*/ulˠˈaʃtəɾ/,/ulˠˈaʃtəɾ/,0,0.0,0.0,7,7
396,*/ulˠˈi/,/ulˠˈi/,0,0.0,0.0,3,3
397,*/uɲɟˈilˠ/,/uɲɟˈilˠ/,0,0.0,0.0,5,5
398,*/uʃˈuɲə/,/uʃˈuɲə/,0,0.0,0.0,5,5
399,*/vəʃcˈɛj/,/uʃcˈɛj/,2,0.4,0.7692307692307693,6,5
400,*/uʃtˈɔj/,/uʃtˈɔj/,0,0.0,0.0,5,5
401,*/udˈɔb/,/udˈɔb/,0,0.0,0.0,4,4
402,*/junˈak/,/unˈak/,1,0.25,0.5384615384615384,5,4
403,*/uɾəlˈij/,/uləɾˈij/,2,0.3333333333333333,0.19230769230769232,6,6
404,*/ulˈiʃtə/,/ulˈiʃtə/,0,0.0,0.0,6,6
405,*/uɾˈɔj/,/uɾˈɔj/,0,0.0,0.0,4,4
406,*/uɾˈɔk/,/uɾˈɔk/,0,0.0,0.0,4,4
407,*/rɔtˈundə/,/uɾtˈundə/,2,0.2857142857142857,0.7884615384615384,7,7
408,*/uɾðəɾˈatə/,/uɾðəɾˈatə/,0,0.0,0.0,8,8
409,*/uɾðəɾˈɔj/,/uɾðəɾˈɔj/,0,0.0,0.0,7,7
410,*/urˈɛj/,/urˈɛj/,0,0.0,0.0,4,4
411,*/upˈɛʃp/,/upˈɛʃk/,1,0.2,0.15384615384615385,5,5
412,*/ˈuɲɟ/,/ˈuɲɟ/,0,0.0,0.0,3,3
413,*/ˈut/,/ˈut/,0,0.0,0.0,2,2
414,*/ˈuɾðəɾ/,/ˈuɾðəɾ/,0,0.0,0.0,5,5
415,*/vˈɔm/,/ˈumb/,3,1.0,0.7884615384615384,3,3
416,*/tˈɛznə/,/cˈaʒnə/,3,0.6,0.36538461538461536,5,5
417,*/cˈaɾk/,/cˈaɾk/,0,0.0,0.0,4,4
418,*/cˈaɾkulˠ/,/cˈaɾkulˠ/,0,0.0,0.0,6,6
419,*/cˈaɾtə/,/cˈaɾtə/,0,0.0,0.0,5,5
420,*/cˈar/,/cˈar/,0,0.0,0.0,3,3
421,*/cy/,/cə/,1,0.5,0.17307692307692307,2,2
422,*/kəlɾˈɔj/,/cəɾˈɔj/,2,0.4,0.4230769230769231,6,5
423,*/cəɾˈɔj/,/cəɾˈɔj/,0,0.0,0.0,5,5
424,*/cəɾˈɔj/,/cəɾˈɔj/,0,0.0,0.0,5,5
425,*/karjˈɔz/,/cəɾˈɔz/,4,0.8,0.7692307692307693,6,5
426,*/cəɾtˈɔj/,/cəɾtˈɔj/,0,0.0,0.0,6,6
427,*/kumtˈɔj/,/cəmtˈɔj/,2,0.3333333333333333,0.25,6,6
428,*/cˈaɾ/,/cˈə/,2,1.0,0.7115384615384616,3,2
429,*/cɛsˈat/,/cɛsˈat/,0,0.0,0.0,5,5
430,*/cɛndɾˈɔj/,/cɛndɾˈɔj/,0,0.0,0.0,7,7
431,*/cɛɾʃˈi/,/cɛɾʃˈi/,0,0.0,0.0,5,5
432,*/cɛɾʃˈɔɾ/,/cɛɾʃˈɔɾ/,0,0.0,0.0,6,6
433,*/cɛpˈalˠə/,/cɛpˈalˠə/,0,0.0,0.0,6,6
434,*/cɛpˈulə/,/cɛpˈulə/,0,0.0,0.0,6,6
435,*/cˈɛkə/,/cˈɛkə/,0,0.0,0.0,4,4
436,*/cˈɛʃəɾ/,/cˈɛʃəɾ/,0,0.0,0.0,5,5
437,*/cˈɛt/,/cˈɛt/,0,0.0,0.0,3,3
438,*/cˈɛn/,/cˈɛn/,0,0.0,0.0,3,3
439,*/cˈɛndəɾ/,/cˈɛndəɾ/,0,0.0,0.0,6,6
440,*/cˈɛl/,/cˈɛl/,0,0.0,0.0,3,3
441,*/cˈɛlə/,/cˈɛlə/,0,0.0,0.0,4,4
442,*/cˈɛlc/,/cˈɛlc/,0,0.0,0.0,4,4
443,*/cˈaɾm/,/cˈɛɾm/,1,0.25,0.07692307692307693,4,4
444,*/cˈɛr/,/cˈɛr/,0,0.0,0.0,3,3
445,*/cˈɛrɛ/,/cˈɛrɛ/,0,0.0,0.0,4,4
446,*/cˈɛp/,/cˈɛp/,0,0.0,0.0,3,3
447,*/cˈɛpə/,/cˈɛpə/,0,0.0,0.0,4,4
448,*/cˈɛpəɾ/,/cˈɛpəɾ/,0,0.0,0.0,5,5
449,*/ʃtˈɛfəɾ/,/cˈɛfəɾ/,2,0.4,0.6923076923076923,6,5
450,*/cˈɛfulˠ/,/cˈɛfulˠ/,0,0.0,0.0,5,5
451,*/kˈaft/,/cˈɛft/,2,0.5,0.15384615384615385,4,4
452,*/cˈɛm/,/cˈɛm/,0,0.0,0.0,3,3
453,*/cˈɛməɾ/,/cˈɛməɾ/,0,0.0,0.0,5,5
454,*/ciɾˈi/,/ciɾˈi/,0,0.0,0.0,4,4
455,*/cimˈuʃə/,/cimˈuʃə/,0,0.0,0.0,6,6
456,*/cˈie̯lˠ/,/cˈie̯lˠ/,0,0.0,0.0,4,4
457,*/cˈij/,/cˈij/,0,0.0,0.0,3,3
458,*/cˈiŋɡəl/,/cˈiŋɡəl/,0,0.0,0.0,6,6
459,*/cˈicəɾ/,/cˈicəɾ/,0,0.0,0.0,5,5
460,*/cˈiɲɟ/,/cˈiɲɟ/,0,0.0,0.0,4,4
461,*/cˈitəɾ/,/cˈitəɾ/,0,0.0,0.0,5,5
462,*/cˈind/,/cˈind/,0,0.0,0.0,4,4
463,*/cˈipəɾ/,/cˈipəɾ/,0,0.0,0.0,5,5
464,*/cˈift/,/cˈift/,0,0.0,0.0,4,4
465,*/cˈiftəɾ/,/cˈiftəɾ/,0,0.0,0.0,6,6
466,*/cˈimə/,/cˈimə/,0,0.0,0.0,4,4
467,*/cˈimkə/,/cˈimkə/,0,0.0,0.0,5,5
468,*/cytˈɛt/,/cytˈɛt/,0,0.0,0.0,5,5
469,*/cˈyt͡ʃ/,/cˈyt͡ʃ/,0,0.0,0.0,3,3
470,*/cˈyʃ/,/cˈyʃ/,0,0.0,0.0,3,3
471,*/cˈɔj/,/cˈɔj/,0,0.0,0.0,3,3
472,*/cˈulˠ/,/cˈulˠ/,0,0.0,0.0,3,3
473,*/cəmˈuʃt/,/cˈuməʃt/,2,0.3333333333333333,0.5,6,6
474,*/ɟanˈit͡sə/,/ɟanˈit͡sə/,0,0.0,0.0,6,6
475,*/ɟəɾˈi/,/ɟəɾˈi/,0,0.0,0.0,4,4
476,*/ɟəɾˈɔj/,/ɟəɾˈɔj/,0,0.0,0.0,5,5
477,*/ɟəɾˈɔj/,/ɟəɾˈɔj/,0,0.0,0.0,5,5
478,*/ɟəmˈɔj/,/ɟəmˈɔj/,0,0.0,0.0,5,5
479,*/cəmˈɔj/,/ɟəmˈɔj/,1,0.2,0.038461538461538464,5,5
480,*/ɡulmtˈɔj/,/ɟəmtˈɔj/,3,0.5,0.8461538461538461,7,6
481,*/ɟəmbɔt͡ʃˈaɾ/,/ɟəmbɔt͡ʃˈaɾ/,0,0.0,0.0,8,8
482,*/ɟˈəndəɾ/,/ɟˈəndəɾ/,0,0.0,0.0,6,6
483,*/ɟɛzdˈit/,/ɟɛzdˈit/,0,0.0,0.0,6,6
484,*/ɟˈɛʃtəɾ/,/ɟˈɛʃtəɾ/,0,0.0,0.0,6,6
485,*/ɟˈɛl/,/ɟˈɛl/,0,0.0,0.0,3,3
486,*/ɟˈɛlbəɾ/,/ɟˈɛlbəɾ/,0,0.0,0.0,6,6
487,*/ɟˈɛɾɟ/,/ɟˈɛɾɟ/,0,0.0,0.0,4,4
488,*/ŋɡˈalˠə/,/ɟinkˈalˠə/,4,0.5714285714285714,1.25,5,7
489,*/ɟˈind/,/ɟˈind/,0,0.0,0.0,4,4
490,*/ɟˈiɾ/,/ɟˈiɾ/,0,0.0,0.0,3,3
491,*/ɟyɡˈatə/,/ɟykˈatə/,1,0.16666666666666666,0.038461538461538464,6,6
492,*/ɟykˈɔj/,/ɟykˈɔj/,0,0.0,0.0,5,5
493,*/ɟyndˈyɾə/,/ɟymtˈyɾə/,2,0.2857142857142857,0.1346153846153846,7,7
494,*/ɟˈyc/,/ɟˈyc/,0,0.0,0.0,3,3
495,*/ɟˈynd/,/ɟˈymt/,2,0.5,0.1346153846153846,4,4
496,*/ɟɔmbɔt͡ʃˈaɾ/,/ɟɔmbɔt͡ʃˈaɾ/,0,0.0,0.0,8,8
497,*/ɟˈɔn/,/ɟˈɔn/,0,0.0,0.0,3,3
498,*/ɟˈɔbə/,/ɟˈɔbə/,0,0.0,0.0,4,4
499,*/ɟuvˈɛŋɡə/,/ɟuvˈɛŋɡə/,0,0.0,0.0,7,7
500,*/ɟˈua̯n/,/ɟˈua̯/,1,0.3333333333333333,0.6153846153846154,4,3
501,*/ɲˈɛɾkə/,/ɲˈɛɾkə/,0,0.0,0.0,5,5
502,*/ɲˈilə/,/ɲˈilə/,0,0.0,0.0,4,4
503,*/ɲuhˈat/,/ɲuhˈat/,0,0.0,0.0,5,5
504,*/ɲɟəɾˈɔj/,/ɲɟəɾˈɔj/,0,0.0,0.0,6,6
505,*/ɲɟˈye̯j/,/ɲɟˈye̯j/,0,0.0,0.0,5,5
506,*/t͡ʃˈas/,/t͡ʃˈas/,0,0.0,0.0,3,3
507,*/t͡ʃˈafkə/,/t͡ʃˈafkə/,0,0.0,0.0,5,5
508,*/t͡ʃˈam/,/t͡ʃˈam/,0,0.0,0.0,3,3
509,*/t͡ʃərˈavə/,/t͡ʃərˈavə/,0,0.0,0.0,6,6
510,*/t͡ʃɛtˈinə/,/t͡ʃɛtˈinə/,0,0.0,0.0,6,6
511,*/t͡ʃɛlˈit/,/t͡ʃɛlˈit/,0,0.0,0.0,5,5
512,*/t͡ʃɛlnˈik/,/t͡ʃɛlnˈik/,0,0.0,0.0,6,6
513,*/t͡ʃˈɛtə/,/t͡ʃˈɛtə/,0,0.0,0.0,4,4
514,*/t͡ʃˈɛlˠə/,/t͡ʃˈɛlə/,1,0.25,0.07692307692307693,4,4
515,*/t͡ʃˈɛɾðə/,/t͡ʃˈɛɾðə/,0,0.0,0.0,5,5
516,*/t͡ʃˈir/,/t͡ʃˈɛr/,1,0.3333333333333333,0.07692307692307693,3,3
517,*/t͡ʃɔɾnɔvˈɔdə/,/t͡ʃɔɾɔvˈɔdə/,1,0.125,0.4807692307692308,9,8
518,*/t͡ʃudˈit/,/t͡ʃudˈit/,0,0.0,0.0,5,5
519,*/t͡ʃˈukə/,/t͡ʃˈukə/,0,0.0,0.0,4,4
520,*/t͡ʃˈulˠə/,/t͡ʃˈulˠə/,0,0.0,0.0,4,4
521,*/t͡ʃˈudə/,/t͡ʃˈudə/,0,0.0,0.0,4,4
522,*/t͡ʃˈubə/,/t͡ʃˈubə/,0,0.0,0.0,4,4
523,*/t͡ʃndɾˈɔj/,/t͡ʃndɾˈɔj/,0,0.0,0.0,6,6
524,*/t͡ʃmˈɔj/,/t͡ʃmˈɔj/,0,0.0,0.0,4,4
525,*/ʃajtˈɔj/,/ʃajtˈɔj/,0,0.0,0.0,6,6
526,*/ʃatˈɔrə/,/ʃatˈɔrɛ/,1,0.16666666666666666,0.057692307692307696,6,6
527,*/ʃəɾtˈɔj/,/ʃaɾtˈɔj/,1,0.16666666666666666,0.09615384615384616,6,6
528,*/ʃapˈɔj/,/ʃapˈɔj/,0,0.0,0.0,5,5
529,*/ʃˈakə/,/ʃˈakə/,0,0.0,0.0,4,4
530,*/ʃˈakulˠ/,/ʃˈakulˠ/,0,0.0,0.0,5,5
531,*/ʃˈaɡ/,/ʃˈaɡ/,0,0.0,0.0,3,3
532,*/ʃˈalə/,/ʃˈalə/,0,0.0,0.0,4,4
533,*/ʃˈɔɾə/,/ʃˈaɾə/,1,0.25,0.23076923076923078,4,4
534,*/ʃˈaɾk/,/ʃˈaɾk/,0,0.0,0.0,4,4
535,*/ʃˈaɾkə/,/ʃˈaɾkə/,0,0.0,0.0,5,5
536,*/ʃˈarə/,/ʃˈarə/,0,0.0,0.0,4,4
537,*/ʃˈap/,/ʃˈap/,0,0.0,0.0,3,3
538,*/ʃˈap/,/ʃˈap/,0,0.0,0.0,3,3
539,*/ʃkɾˈɔj/,/ʃəkɾˈɔj/,1,0.16666666666666666,0.6538461538461539,5,6
540,*/ʃəlˠˈij/,/ʃəlˠˈij/,0,0.0,0.0,5,5
541,*/ʃəlˠˈinə/,/ʃəlˠˈiɾə/,1,0.16666666666666666,0.09615384615384616,6,6
542,*/ʃəɲɟˈatə/,/ʃəɲɟˈɛtə/,1,0.14285714285714285,0.07692307692307693,7,7
543,*/ʃəndəndɾˈɛ/,/ʃənəndɾˈɛ/,1,0.125,0.4423076923076923,9,8
544,*/ʃənˈɔj/,/ʃənˈɔj/,0,0.0,0.0,5,5
545,*/ʃəŋɡˈɔlˠə/,/ʃənkˈɔlˠə/,2,0.2857142857142857,0.21153846153846154,7,7
546,*/ʃəndˈɛt/,/ʃəndˈɛt/,0,0.0,0.0,6,6
547,*/ʃəndˈɔʃ/,/ʃəndˈɔʃ/,0,0.0,0.0,6,6
548,*/ʃəndɾˈɛ/,/ʃəndɾˈɛ/,0,0.0,0.0,6,6
549,*/ʃəndɾitˈɛt/,/ʃəndɾitˈɛt/,0,0.0,0.0,9,9
550,*/ʃɛlbˈasə/,/ʃəlbˈɛsə/,2,0.2857142857142857,0.1346153846153846,7,7
551,*/ʃəlbˈɔj/,/ʃəlbˈɔj/,0,0.0,0.0,6,6
552,*/ʃəɾˈis/,/ʃəɾˈis/,0,0.0,0.0,5,5
553,*/ʃəɾˈɔj/,/ʃəɾˈɔj/,0,0.0,0.0,5,5
554,*/ʃəɾbətˈyɾə/,/ʃəɾbətˈyɾə/,0,0.0,0.0,9,9
555,*/ʃəɾbətˈɔɾ/,/ʃəɾbətˈɔɾ/,0,0.0,0.0,8,8
556,*/ʃəɾbˈɛj/,/ʃəɾbˈɛj/,0,0.0,0.0,6,6
557,*/ʃəɾbˈɛs/,/ʃəɾbˈɛs/,0,0.0,0.0,6,6
558,*/ʃəɾmˈɛnd/,/ʃəɾmˈɛnd/,0,0.0,0.0,7,7
559,*/ʃəməhˈilˠ/,/ʃəməhˈilˠ/,0,0.0,0.0,7,7
560,*/ʃəmˈitəɾ/,/ʃəmˈitəɾ/,0,0.0,0.0,7,7
561,*/ʃəmˈɔj/,/ʃəmˈɔj/,0,0.0,0.0,5,5
562,*/ʃəmtˈɔj/,/ʃəmtˈɔj/,0,0.0,0.0,6,6
563,*/ʃəmbəlˠˈɛj/,/ʃəmbəlˠˈɛj/,0,0.0,0.0,8,8
564,*/ʃəmbəlˠtˈyɾə/,/ʃəmbəlˠtˈyɾə/,0,0.0,0.0,10,10
565,*/ʃɛlcəɾˈɔɾ/,/ʃɛlcəɾˈɔɾ/,0,0.0,0.0,8,8
566,*/ʃɛlcˈɛt/,/ʃɛlcˈɛt/,0,0.0,0.0,6,6
567,*/ʃəɾbˈɛlə/,/ʃɛɾbˈɛlə/,1,0.14285714285714285,0.057692307692307696,7,7
568,*/ʃuɾtəlɟˈi/,/ʃɛrəɟi/,5,0.8333333333333334,1.3461538461538463,8,6
569,*/ʃumbɾˈitkə/,/ʃɛmˈəɾkə/,4,0.5714285714285714,1.1730769230769231,9,7
570,*/ʃˈɛkulˠ/,/ʃˈɛkulˠ/,0,0.0,0.0,5,5
571,*/ʃˈɛŋɡ/,/ʃˈɛŋɡ/,0,0.0,0.0,4,4
572,*/ʃˈɛcɛ/,/ʃˈɛcɛ/,0,0.0,0.0,4,4
573,*/ʃˈɛɲə/,/ʃˈɛɲə/,0,0.0,0.0,4,4
574,*/ʃˈɛɲt/,/ʃˈɛɲt/,0,0.0,0.0,4,4
575,*/ʃˈɛʃ/,/ʃˈɛʃ/,0,0.0,0.0,3,3
576,*/ʃˈɛtkə/,/ʃˈɛtkə/,0,0.0,0.0,5,5
577,*/ʃˈɛjkə/,/ʃˈɛlkə/,1,0.2,0.2692307692307692,5,5
578,*/ʃˈɛlcɛ/,/ʃˈɛlcɛ/,0,0.0,0.0,5,5
579,*/ʃˈɛləɲɟɛ/,/ʃˈɛlɟɛ/,2,0.4,0.8461538461538461,7,5
580,*/ʃˈɛlt͡sə/,/ʃˈɛlt͡sə/,0,0.0,0.0,5,5
581,*/ʃˈɛɾp/,/ʃˈɛɾp/,0,0.0,0.0,4,4
582,*/ʃˈɛməɾ/,/ʃˈɛmə/,1,0.25,0.5192307692307693,5,4
583,*/ʃˈɛmbəɾ/,/ʃˈɛməɾ/,1,0.2,0.4230769230769231,6,5
584,*/ʃˈɛmbulˠ/,/ʃˈɛmbulˠ/,0,0.0,0.0,6,6
585,*/ʃəɲˈak/,/ʃijˈak/,2,0.4,0.19230769230769232,5,5
586,*/ʃikˈɔj/,/ʃikˈɔj/,0,0.0,0.0,5,5
587,*/ʃiɟˈɛtə/,/ʃiɟˈɛtə/,0,0.0,0.0,6,6
588,*/ʃətˈɔj/,/ʃitˈɔj/,1,0.2,0.09615384615384616,5,5
589,*/ʃitˈɔvə/,/ʃitˈɔvə/,0,0.0,0.0,6,6
590,*/ʃiɾˈiŋɡə/,/ʃiɾˈiŋɡə/,0,0.0,0.0,7,7
591,*/ʃˈi/,/ʃˈi/,0,0.0,0.0,2,2
592,*/ʃˈi/,/ʃˈi/,0,0.0,0.0,2,2
593,*/ʃˈɛj/,/ʃˈij/,1,0.3333333333333333,0.07692307692307693,3,3
594,*/ʃˈijə/,/ʃˈijə/,0,0.0,0.0,4,4
595,*/ʃˈikulˠ/,/ʃˈikəlˠ/,1,0.2,0.17307692307692307,5,5
596,*/ʃˈitə/,/ʃˈitə/,0,0.0,0.0,4,4
597,*/ʃˈisə/,/ʃˈisə/,0,0.0,0.0,4,4
598,*/ʃˈiɾɟ/,/ʃˈiɾɟ/,0,0.0,0.0,4,4
599,*/ʃˈipkə/,/ʃˈipkə/,0,0.0,0.0,5,5
600,*/ʃˈɛs/,/ʃˈye̯t͡s/,3,0.75,0.7692307692307693,3,4
601,*/ʃuɾtˈikə/,/ʃɔɾtˈɛkə/,2,0.2857142857142857,0.15384615384615385,7,7
602,*/ʃˈɔkə/,/ʃˈɔkə/,0,0.0,0.0,4,4
603,*/ʃˈɔlˠə/,/ʃˈɔlˠə/,0,0.0,0.0,4,4
604,*/ʃˈɔc/,/ʃˈɔc/,0,0.0,0.0,3,3
605,*/ʃˈɔcɛ/,/ʃˈɔcɛ/,0,0.0,0.0,4,4
606,*/ʃˈɔʃ/,/ʃˈɔʃ/,0,0.0,0.0,3,3
607,*/ʃˈɔɾt/,/ʃˈɔɾt/,0,0.0,0.0,4,4
608,*/ʃˈɔp/,/ʃˈɔp/,0,0.0,0.0,3,3
609,*/ʃkaɡˈɔj/,/ʃkaɡˈɔj/,0,0.0,0.0,6,6
610,*/ʃkalˠˈɔj/,/ʃkalˠˈɔj/,0,0.0,0.0,6,6
611,*/ʃkatərˈɔj/,/ʃkatərˈɔj/,0,0.0,0.0,8,8
612,*/ʃkalkˈɔj/,/ʃkalkˈɔj/,0,0.0,0.0,7,7
613,*/ʃkalkˈɔj/,/ʃkalkˈɔj/,0,0.0,0.0,7,7
614,*/ʃkaɾkˈɔj/,/ʃkaɾkˈɔj/,0,0.0,0.0,7,7
615,*/ʃkaɾtˈɔj/,/ʃkaɾtˈɔj/,0,0.0,0.0,7,7
616,*/ʃkaɾzˈɛj/,/ʃkaɾzˈɛj/,0,0.0,0.0,7,7
617,*/ʃkˈalˠə/,/ʃkˈalˠə/,0,0.0,0.0,5,5
618,*/ʃkˈalˠmə/,/ʃkˈalˠmə/,0,0.0,0.0,6,6
619,*/ʃkˈat/,/ʃkˈat/,0,0.0,0.0,4,4
620,*/ʃkˈandulˠ/,/ʃkˈandulˠ/,0,0.0,0.0,7,7
621,*/ʃkˈaɾpə/,/ʃkˈaɾpə/,0,0.0,0.0,6,6
622,*/ʃkˈam/,/ʃkˈam/,0,0.0,0.0,4,4
623,*/ʃkəndˈɛj/,/ʃkəndˈɛj/,0,0.0,0.0,7,7
624,*/ʃcəndˈijə/,/ʃkəndˈijə/,1,0.125,0.07692307692307693,8,8
625,*/ʃkuɾðˈɛt͡s/,/ʃkəɾðˈɛt͡s/,1,0.14285714285714285,0.17307692307692307,7,7
626,*/ʃkəmbˈɛj/,/ʃkəmbˈɛj/,0,0.0,0.0,7,7
627,*/ʃkˈəmb/,/ʃkˈəmb/,0,0.0,0.0,5,5
628,*/ʃcˈɛnd͡zə/,/ʃkˈɛnt͡sə/,2,0.3333333333333333,0.11538461538461539,6,6
629,*/ʃkɔpˈɛt/,/ʃkɔpˈɛt/,0,0.0,0.0,6,6
630,*/ʃkɔpˈit/,/ʃkɔpˈit/,0,0.0,0.0,6,6
631,*/ʃkˈɔlˠə/,/ʃkˈɔlˠə/,0,0.0,0.0,5,5
632,*/ʃkˈɔdəɾ/,/ʃkˈɔdəɾ/,0,0.0,0.0,6,6
633,*/ʃkˈɔɾsə/,/ʃkˈɔɾsə/,0,0.0,0.0,6,6
634,*/ʃkˈɔp/,/ʃkˈɔp/,0,0.0,0.0,4,4
635,*/ʃkuɾtˈɔj/,/ʃkuɾtˈɔj/,0,0.0,0.0,7,7
636,*/ʃkəmbˈin/,/ʃkumbˈin/,1,0.14285714285714285,0.17307692307692307,7,7
637,*/ʃkˈulˠ/,/ʃkˈul/,1,0.25,0.07692307692307693,4,4
638,*/ʃkˈulkə/,/ʃkˈulkə/,0,0.0,0.0,6,6
639,*/ʃkˈuɾt/,/ʃkˈuɾt/,0,0.0,0.0,5,5
640,*/ʃkˈumə/,/ʃkˈumə/,0,0.0,0.0,5,5
641,*/ʃkɾˈap/,/ʃkɾˈap/,0,0.0,0.0,5,5
642,*/ʃkɾˈɛt/,/ʃkɾˈɛt/,0,0.0,0.0,5,5
643,*/ʃkɾˈua̯j/,/ʃkɾˈua̯j/,0,0.0,0.0,6,6
644,*/ʃujtˈɔj/,/ʃujtˈɔj/,0,0.0,0.0,6,6
645,*/ʃuŋɡulˠˈɔj/,/ʃuŋɡulˠˈɔj/,0,0.0,0.0,8,8
646,*/ʃulˠˈatə/,/ʃulˠˈatə/,0,0.0,0.0,6,6
647,*/ʃuʃˈit͡sə/,/ʃuʃˈit͡sə/,0,0.0,0.0,6,6
648,*/ʃuʃˈuɲə/,/ʃuʃˈuɲə/,0,0.0,0.0,6,6
649,*/ʃutərˈi/,/ʃutərˈi/,0,0.0,0.0,6,6
650,*/ʃuɾukˈɔj/,/ʃuɾukˈɔj/,0,0.0,0.0,7,7
651,*/ʃuɾcˈɛl/,/ʃuɾcˈɛl/,0,0.0,0.0,6,6
652,*/ʃuplˈakə/,/ʃuplˈakə/,0,0.0,0.0,7,7
653,*/ʃˈua̯j/,/ʃˈua̯j/,0,0.0,0.0,4,4
654,*/ʃˈua̯lˠ/,/ʃˈua̯lˠ/,0,0.0,0.0,4,4
655,*/ʃˈujtə/,/ʃˈujtə/,0,0.0,0.0,5,5
656,*/ʃˈulˠə/,/ʃˈulˠə/,0,0.0,0.0,4,4
657,*/ʃˈulˠə/,/ʃˈulˠə/,0,0.0,0.0,4,4
658,*/ʃˈuʃ/,/ʃˈuʃ/,0,0.0,0.0,3,3
659,*/ʃˈul/,/ʃˈul/,0,0.0,0.0,3,3
660,*/ʃˈuɾð/,/ʃˈuɾð/,0,0.0,0.0,4,4
661,*/ʃˈɔɾbə/,/ʃˈuɾbə/,1,0.2,0.07692307692307693,5,5
662,*/ʃˈumə/,/ʃˈumə/,0,0.0,0.0,4,4
663,*/ʃcˈa/,/ʃcˈa/,0,0.0,0.0,3,3
664,*/ʃcˈɛp/,/ʃcˈɛp/,0,0.0,0.0,4,4
665,*/ʃcˈɛm/,/ʃcˈɛm/,0,0.0,0.0,4,4
666,*/ʃcˈind/,/ʃcˈind/,0,0.0,0.0,5,5
667,*/ʃcˈip/,/ʃcˈip/,0,0.0,0.0,4,4
668,*/ʃcyɾtˈɔj/,/ʃcyɾtˈɔj/,0,0.0,0.0,7,7
669,*/ʃcˈɔtə/,/ʃcˈɔtə/,0,0.0,0.0,5,5
670,*/ʃcˈɔpə/,/ʃcˈɔpə/,0,0.0,0.0,5,5
671,*/ʃtˈalˠə/,/ʃtˈalˠə/,0,0.0,0.0,5,5
672,*/ʃtˈat/,/ʃtˈat/,0,0.0,0.0,4,4
673,*/ʃtəɾˈɔj/,/ʃtəɾˈɔj/,0,0.0,0.0,6,6
674,*/ʃtəɾmˈɛn/,/ʃtəɾmˈɛn/,0,0.0,0.0,7,7
675,*/ʃtəpˈajə/,/ʃtəpˈajə/,0,0.0,0.0,7,7
676,*/ʃtəpˈəzə/,/ʃtəpˈəzə/,0,0.0,0.0,7,7
677,*/ʃtəpɾˈɛʃə/,/ʃtəpɾˈɛʃə/,0,0.0,0.0,8,8
678,*/ʃtˈəŋɡ/,/ʃtˈəŋɡ/,0,0.0,0.0,5,5
679,*/ʃtˈəpəɾ/,/ʃtˈəpəɾ/,0,0.0,0.0,6,6
680,*/ʃtˈəm/,/ʃtˈəm/,0,0.0,0.0,4,4
681,*/ʃtˈəmbə/,/ʃtˈəmbə/,0,0.0,0.0,6,6
682,*/ʃtˈɛt/,/ʃtˈɛt/,0,0.0,0.0,4,4
683,*/pəʃtˈɛɾɛ/,/ʃtˈɛɾə/,3,0.6,1.2307692307692308,7,5
684,*/ʃtˈɛɾpə/,/ʃtˈɛɾpə/,0,0.0,0.0,6,6
685,*/ʃtˈijə/,/ʃtˈijə/,0,0.0,0.0,5,5
686,*/ʃtˈylˠə/,/ʃtˈylˠə/,0,0.0,0.0,5,5
687,*/ʃtupˈɔj/,/ʃtupˈɔj/,0,0.0,0.0,6,6
688,*/ʃtˈuɲə/,/ʃtˈuɲə/,0,0.0,0.0,5,5
689,*/ʃətˈundə/,/ʃtˈunə/,2,0.4,1.1153846153846154,7,5
690,*/ʃtˈurə/,/ʃtˈuɾə/,1,0.2,0.057692307692307696,5,5
691,*/ʃtˈupə/,/ʃtˈupə/,0,0.0,0.0,5,5
692,*/ʃtɾˈat/,/ʃtɾˈat/,0,0.0,0.0,5,5
693,*/ʃtɾˈazə/,/ʃtɾˈazə/,0,0.0,0.0,6,6
694,*/ʃtɾəŋɡˈɔj/,/ʃtɾəŋɡˈɔj/,0,0.0,0.0,8,8
696,*/ʃtɾˈɛɲt/,/ʃtɾˈɛɲt/,0,0.0,0.0,6,6
697,*/ʃtɾˈɛmbəɾ/,/ʃtɾˈɛmbəɾ/,0,0.0,0.0,8,8
698,*/ʃtɾˈiɡə/,/ʃtɾˈiɡə/,0,0.0,0.0,6,6
699,*/ʃtɾˈyð/,/ʃtɾˈyð/,0,0.0,0.0,5,5
700,*/ʃtɾˈak/,/ʃtrˈak/,1,0.2,0.057692307692307696,5,5
701,*/ʃˈujk/,/ʃlˈuk/,2,0.5,0.6538461538461539,4,4
702,*/ʃpˈatə/,/ʃpˈatə/,0,0.0,0.0,5,5
703,*/ʃpˈatulˠ/,/ʃpˈatulˠ/,0,0.0,0.0,6,6
704,*/ʃpˈaɾ/,/ʃpˈaɾ/,0,0.0,0.0,4,4
705,*/ʃpˈaɾɡ/,/ʃpˈaɾɡ/,0,0.0,0.0,5,5
706,*/ʃpˈaɾɡəɾ/,/ʃpˈaɾɡəɾ/,0,0.0,0.0,7,7
707,*/ʃpˈaɾtə/,/ʃpˈaɾtə/,0,0.0,0.0,6,6
708,*/ʃpətˈɔj/,/ʃpətˈɔj/,0,0.0,0.0,6,6
709,*/ʃpəlˈaj/,/ʃpəlˈaj/,0,0.0,0.0,6,6
710,*/ʃpəɾlˈaj/,/ʃpəɾlˈaj/,0,0.0,0.0,7,7
711,*/ʃpˈɛjt/,/ʃpˈɛjt/,0,0.0,0.0,5,5
712,*/ʃpˈɛlˠə/,/ʃpˈɛlˠə/,0,0.0,0.0,5,5
713,*/ʃpˈɛʃ/,/ʃpˈɛʃ/,0,0.0,0.0,4,4
714,*/ʃpˈɛl/,/ʃpˈɛl/,0,0.0,0.0,4,4
715,*/ʃpˈinə/,/ʃpˈinə/,0,0.0,0.0,5,5
716,*/ʃpˈiɾt/,/ʃpˈiɾt/,0,0.0,0.0,5,5
717,*/ʃuʃpˈirə/,/ʃpˈirə/,2,0.4,1.7692307692307692,7,5
718,*/ʃpˈɔɾtə/,/ʃpˈɔɾtə/,0,0.0,0.0,6,6
719,*/ʃpˈuzə/,/ʃpˈuzə/,0,0.0,0.0,5,5
720,*/ʃpˈuzə/,/ʃpˈuzə/,0,0.0,0.0,5,5
721,*/ʃpɾˈɛj/,/ʃpɾˈɛj/,0,0.0,0.0,5,5
722,*/ʃpɾəɾˈɛtkə/,/ʃpɾˈɛtkə/,2,0.2857142857142857,0.9807692307692307,9,7
723,*/ʃpɾˈɛsə/,/ʃpɾˈɛsə/,0,0.0,0.0,6,6
724,*/ʃufəɾˈɛj/,/ʃfɾˈɛj/,2,0.4,1.4807692307692308,7,5
725,*/ʒˈɛɡ/,/ʒˈɛɡ/,0,0.0,0.0,3,3
726,*/ʒumbˈinə/,/ʒumbˈinə/,0,0.0,0.0,7,7
727,*/ʃˈur/,/ʒˈuɾ/,2,0.6666666666666666,0.09615384615384616,3,3
728,*/tukˈɔj/,/takˈɔj/,1,0.2,0.23076923076923078,5,5
729,*/tatˈɔj/,/tatˈɔj/,0,0.0,0.0,5,5
730,*/tabˈɛlə/,/tabˈɛlə/,0,0.0,0.0,6,6
731,*/təftˈaɾ/,/taftˈaɾ/,1,0.16666666666666666,0.09615384615384616,6,6
732,*/tavˈɛrə/,/tavˈɛrə/,0,0.0,0.0,6,6
733,*/tˈajə/,/tˈajə/,0,0.0,0.0,4,4
734,*/tˈajə/,/tˈalə/,1,0.25,0.2692307692307692,4,4
735,*/tˈaɾ/,/tˈaɾ/,0,0.0,0.0,3,3
736,*/tˈapə/,/tˈapə/,0,0.0,0.0,4,4
737,*/tˈaft/,/tˈaft/,0,0.0,0.0,4,4
738,*/təɾkˈat/,/təɾkˈat/,0,0.0,0.0,6,6
739,*/tɾəmt͡ʃˈəɾə/,/təɾʃˈəɾə/,3,0.42857142857142855,0.5769230769230769,8,7
740,*/təɾpˈit/,/təɾpˈit/,0,0.0,0.0,6,6
741,*/tuɾbˈɔj/,/təɾbˈɔj/,1,0.16666666666666666,0.17307692307692307,6,6
742,*/təɾfˈil/,/təɾfˈil/,0,0.0,0.0,6,6
743,*/təɾfˈɔjə/,/təɾfˈɔjə/,0,0.0,0.0,7,7
744,*/təɾfˈuɾk/,/təɾfˈuɾk/,0,0.0,0.0,7,7
745,*/təɾmˈɛt/,/təɾmˈɛt/,0,0.0,0.0,6,6
746,*/təmplˈa/,/təmplˈa/,0,0.0,0.0,6,6
747,*/tˈəŋɡə/,/tˈəŋɡə/,0,0.0,0.0,5,5
748,*/tˈɛk/,/tˈɛk/,0,0.0,0.0,3,3
749,*/tˈɛɲə/,/tˈɛɲə/,0,0.0,0.0,4,4
750,*/tˈɛʃə/,/tˈɛʃə/,0,0.0,0.0,4,4
751,*/tˈɛndə/,/tˈɛndə/,0,0.0,0.0,5,5
752,*/tˈɛɾ/,/tˈɛɾ/,0,0.0,0.0,3,3
753,*/tjˈɛpə/,/tˈɛpə/,1,0.25,0.5192307692307693,5,4
754,*/tˈɛmpəɫ/,/tˈɛmpulˠ/,2,0.3333333333333333,0.21153846153846154,6,6
755,*/tjˈɛɡulˠ/,/tjˈɛɡulˠ/,0,0.0,0.0,6,6
757,*/tˈiŋɡə/,/tˈiŋɡə/,0,0.0,0.0,5,5
758,*/tˈiŋɡulˠ/,/tˈiŋɡulˠ/,0,0.0,0.0,6,6
759,*/tˈitulˠ/,/tˈitulˠ/,0,0.0,0.0,5,5
760,*/tˈis/,/tˈis/,0,0.0,0.0,3,3
761,*/tˈinə/,/tˈinə/,0,0.0,0.0,4,4
762,*/tˈinə/,/tˈinə/,0,0.0,0.0,4,4
763,*/tˈinə/,/tˈinə/,0,0.0,0.0,4,4
764,*/tˈiməɾ/,/tˈiməɾ/,0,0.0,0.0,5,5
765,*/tɔt͡ʃˈilˠə/,/tɔt͡ʃˈilˠə/,0,0.0,0.0,6,6
766,*/tɔt͡ʃˈit/,/tɔt͡ʃˈit/,0,0.0,0.0,5,5
767,*/tɔɾˈiʃtə/,/tɔɾˈiʃtə/,0,0.0,0.0,7,7
768,*/tɔɾˈua̯/,/tɔɾˈua̯/,0,0.0,0.0,5,5
769,*/tɔpˈil/,/tɔpˈil/,0,0.0,0.0,5,5
770,*/tmˈua̯ɾ/,/tɔmˈɔr/,4,0.8,0.9807692307692307,5,5
771,*/tˈɔkə/,/tˈɔkə/,0,0.0,0.0,4,4
772,*/tˈɔɾkulˠ/,/tˈɔɾkulˠ/,0,0.0,0.0,6,6
773,*/tˈɔɾtə/,/tˈɔɾtə/,0,0.0,0.0,5,5
774,*/tˈɔrə/,/tˈɔrə/,0,0.0,0.0,4,4
775,*/tˈɔpəɾ/,/tˈɔpəɾ/,0,0.0,0.0,5,5
776,*/tunt͡ʃˈan/,/tunt͡ʃˈan/,0,0.0,0.0,6,6
777,*/tɾˈye̯lə/,/tuɾjˈɛlə/,3,0.42857142857142855,1.2307692307692308,6,7
778,*/utɾˈi/,/tuɾˈi/,2,0.5,1.0384615384615385,4,4
779,*/tuɾsˈɛj/,/tuɾʃˈɛj/,1,0.16666666666666666,0.11538461538461539,6,6
780,*/tɾaʃflˈɔj/,/tuɾfulˠˈɔj/,5,0.625,1.4615384615384615,8,8
781,*/tˈulˠə/,/tˈulˠə/,0,0.0,0.0,4,4
782,*/tˈuɲə/,/tˈuɲə/,0,0.0,0.0,4,4
783,*/tˈun/,/tˈun/,0,0.0,0.0,3,3
784,*/tˈund/,/tˈund/,0,0.0,0.0,4,4
785,*/tˈuɾtuɾ/,/tˈuɾtulˠ/,1,0.16666666666666666,0.17307692307692307,6,6
786,*/tˈuɾp/,/tˈuɾp/,0,0.0,0.0,4,4
787,*/tˈuɾbə/,/tˈuɾbə/,0,0.0,0.0,5,5
788,*/tˈuɾmə/,/tˈuɾmə/,0,0.0,0.0,5,5
789,*/tˈurə/,/tˈurə/,0,0.0,0.0,4,4
790,*/tˈufə/,/tˈufə/,0,0.0,0.0,4,4
791,*/tˈuvlə/,/tˈuvlə/,0,0.0,0.0,5,5
792,*/tˈumulˠ/,/tˈumulˠ/,0,0.0,0.0,5,5
793,*/tˈumbə/,/tˈumbə/,0,0.0,0.0,5,5
794,*/tɾajtˈɔj/,/tɾajtˈɔj/,0,0.0,0.0,7,7
795,*/təɾkulˠˈij/,/tɾakulˠˈij/,2,0.25,0.6346153846153846,8,8
796,*/tɾaʃəɡˈɔj/,/tɾaʃəɡˈɔj/,0,0.0,0.0,8,8
797,*/tɾazməzˈɔj/,/tɾaməzˈɔj/,1,0.125,0.5961538461538461,9,8
798,*/tɾˈa/,/tɾˈa/,0,0.0,0.0,3,3
799,*/tɾˈajtə/,/tɾˈajtə/,0,0.0,0.0,6,6
800,*/tɾˈaŋɡuɾ/,/tɾˈaŋɡuɾ/,0,0.0,0.0,7,7
801,*/tɾˈatk/,/tɾˈatk/,0,0.0,0.0,5,5
802,*/tɾˈap/,/tɾˈap/,0,0.0,0.0,4,4
803,*/tɾəndafˈil/,/tɾəndafˈil/,0,0.0,0.0,9,9
804,*/tɾˈiʃ/,/tɾˈiʃ/,0,0.0,0.0,4,4
805,*/tˈɛɾʃ/,/tɾˈiʃ/,2,0.5,0.6923076923076923,4,4
806,*/tɾˈiʃt/,/tɾˈiʃt/,0,0.0,0.0,5,5
807,*/tɾˈinə/,/tɾˈinə/,0,0.0,0.0,5,5
808,*/tɾˈye̯zə/,/tɾˈye̯zə/,0,0.0,0.0,6,6
809,*/tɾˈye̯lə/,/tɾˈye̯lə/,0,0.0,0.0,6,6
810,*/tɾɔndˈit/,/tɾɔndˈit/,0,0.0,0.0,7,7
811,*/tɾˈɔhə/,/tɾˈɔhə/,0,0.0,0.0,5,5
812,*/tɾˈɔftə/,/tɾˈɔftə/,0,0.0,0.0,6,6
813,*/tɾuʃcˈye̯j/,/tɾuʃcˈye̯j/,0,0.0,0.0,8,8
814,*/tuɾbulˠˈɔj/,/tɾubulˠˈɔj/,2,0.25,0.8846153846153846,8,8
815,*/tɾˈua̯j/,/tɾˈua̯j/,0,0.0,0.0,5,5
816,*/tɾˈua̯lˠ/,/tɾˈua̯lˠ/,0,0.0,0.0,5,5
817,*/tɾˈuŋɡ/,/tɾˈuŋɡ/,0,0.0,0.0,5,5
818,*/tˈuɾbulˠ/,/tɾˈubulˠ/,2,0.3333333333333333,0.8846153846153846,6,6
819,*/tˈumbəɾ/,/tɾˈumə/,3,0.6,1.2692307692307692,6,5
820,*/tɾˈumbə/,/tɾˈumbə/,0,0.0,0.0,6,6
821,*/tmˈye̯ɾ/,/tmˈɛr/,3,0.75,0.6538461538461539,5,4
822,*/daɾˈɔvə/,/daɾˈɔvə/,0,0.0,0.0,6,6
823,*/dəkˈɔj/,/dəkˈɔj/,0,0.0,0.0,5,5
824,*/ndəlɡˈɔj/,/dəɟˈɔj/,3,0.6,1.1153846153846154,7,5
825,*/dəʃiɾˈɔj/,/dəʃiɾˈɔj/,0,0.0,0.0,7,7
826,*/dəʃˈiɾə/,/dəʃˈiɾə/,0,0.0,0.0,6,6
827,*/dəʃtˈɔj/,/dəʃtˈɔj/,0,0.0,0.0,6,6
828,*/dəʃnˈit͡sə/,/dəʃnˈit͡sə/,0,0.0,0.0,7,7
829,*/dəʃmˈɔj/,/dəʃmˈɔj/,0,0.0,0.0,6,6
830,*/dənˈɔj/,/dənˈɔj/,0,0.0,0.0,5,5
831,*/dəliɾˈɔj/,/dəliɾˈɔj/,0,0.0,0.0,7,7
832,*/dəɾɡˈɔj/,/dəɾɡˈɔj/,0,0.0,0.0,6,6
833,*/dəɾmˈɔj/,/dəɾmˈɔj/,0,0.0,0.0,6,6
834,*/dəftˈɔj/,/dəftˈɔj/,0,0.0,0.0,6,6
835,*/dəftˈɔj/,/dəftˈɔj/,0,0.0,0.0,6,6
836,*/dˈəm/,/dˈəm/,0,0.0,0.0,3,3
837,*/dɛtˈyɾə/,/dɛtˈyɾə/,0,0.0,0.0,6,6
838,*/dɛtˈɔj/,/dɛtˈɔj/,0,0.0,0.0,5,5
839,*/dɛtˈɔɾəs/,/dɛtˈɔɾəs/,0,0.0,0.0,7,7
840,*/dɛtˈua̯ɾ/,/dɛtˈua̯ɾ/,0,0.0,0.0,6,6
841,*/dɛltˈinə/,/dɛltˈinə/,0,0.0,0.0,7,7
842,*/dəpəɾtˈɔj/,/dɛpəɾtˈɔj/,1,0.125,0.057692307692307696,8,8
843,*/dˈɛɲə/,/dˈɛɲə/,0,0.0,0.0,4,4
844,*/djˈalˠ/,/djˈalˠ/,0,0.0,0.0,4,4
845,*/djˈɛp/,/djˈɛp/,0,0.0,0.0,4,4
846,*/dˈɛməɾ/,/djˈɛməɾ/,1,0.16666666666666666,0.4807692307692308,5,6
847,*/dihˈat/,/dihˈat/,0,0.0,0.0,5,5
848,*/dəkatˈɔj/,/diktˈɔj/,2,0.3333333333333333,0.9615384615384616,7,6
849,*/dˈiʃkə/,/dˈiʃkə/,0,0.0,0.0,5,5
850,*/dˈiɾə/,/dˈiɾə/,0,0.0,0.0,4,4
851,*/dˈibəɾ/,/dˈibəɾ/,0,0.0,0.0,5,5
852,*/dˈibər/,/dˈibər/,0,0.0,0.0,5,5
853,*/dɔlˈinə/,/dɔlˈinə/,0,0.0,0.0,6,6
854,*/dɔbˈit/,/dɔbˈit/,0,0.0,0.0,5,5
855,*/dˈɔjkə/,/dˈɔjkə/,0,0.0,0.0,5,5
856,*/dˈɔb/,/dˈɔb/,0,0.0,0.0,3,3
857,*/dulˠˈye̯/,/dulˠˈye̯/,0,0.0,0.0,5,5
858,*/dulpəkˈɔj/,/dulpəkˈɔj/,0,0.0,0.0,8,8
859,*/duɾˈɔj/,/duɾˈɔj/,0,0.0,0.0,5,5
860,*/dumbɾˈɛ/,/dumbɾˈɛ/,0,0.0,0.0,6,6
861,*/dˈuc/,/dˈuc/,0,0.0,0.0,3,3
862,*/dˈurəs/,/dˈurəs/,0,0.0,0.0,5,5
863,*/dˈumbəɾ/,/dˈumbəɾ/,0,0.0,0.0,6,6
864,*/dɾəŋɡˈua̯/,/dɾaɡˈua̯/,2,0.3333333333333333,0.46153846153846156,7,6
865,*/dɾˈaɡə/,/dɾˈaɡə/,0,0.0,0.0,5,5
866,*/dɾˈaɡəm/,/dɾˈaɡəm/,0,0.0,0.0,6,6
867,*/dɾˈapəɾ/,/dɾˈapəɾ/,0,0.0,0.0,6,6
868,*/dɾˈəŋɡ/,/dɾˈəŋɡ/,0,0.0,0.0,5,5
869,*/dɾɛmˈit/,/dɾɛmˈit/,0,0.0,0.0,6,6
870,*/dɾˈɛjt/,/dɾˈɛjt/,0,0.0,0.0,5,5
871,*/dɾˈɛc/,/dɾˈɛc/,0,0.0,0.0,4,4
872,*/dɾˈiʃt/,/dɾˈiʃt/,0,0.0,0.0,5,5
873,*/dɾˈiʃt/,/dɾˈiʃt/,0,0.0,0.0,5,5
875,*/dɾɔbˈit/,/dɾɔbˈit/,0,0.0,0.0,6,6
876,*/dɾˈɔk/,/dɾˈɔk/,0,0.0,0.0,4,4
877,*/dɾˈɔpulˠ/,/dɾˈɔpulˠ/,0,0.0,0.0,6,6
878,*/dɾˈɔmt͡sə/,/dɾˈɔmt͡sə/,0,0.0,0.0,6,6
879,*/t͡salˈik/,/t͡salˈik/,0,0.0,0.0,5,5
880,*/t͡saɾˈinə/,/t͡saɾˈinə/,0,0.0,0.0,6,6
881,*/t͡saɾˈuhɛ/,/t͡saɾˈucɛ/,1,0.16666666666666666,0.21153846153846154,6,6
882,*/t͡sˈaɾə/,/t͡sˈaɾə/,0,0.0,0.0,4,4
883,*/t͡sˈaɾbə/,/t͡sˈaɾbə/,0,0.0,0.0,5,5
884,*/t͡sərˈilˠ/,/t͡səɾˈil/,2,0.4,0.1346153846153846,5,5
885,*/t͡sərˈik/,/t͡sərˈik/,0,0.0,0.0,5,5
886,*/t͡sɛnˈit/,/t͡sɛnˈit/,0,0.0,0.0,5,5
887,*/t͡sˈɛɾmə/,/t͡sˈɛɾmə/,0,0.0,0.0,5,5
888,*/t͡sˈitə/,/t͡sˈitə/,0,0.0,0.0,4,4
889,*/t͡sˈub/,/t͡sˈub/,0,0.0,0.0,3,3
890,*/sˈajə/,/sˈajə/,0,0.0,0.0,4,4
891,*/sˈɛnə/,/sˈanə/,1,0.25,0.07692307692307693,4,4
892,*/sˈabjɛ/,/sˈabjɛ/,0,0.0,0.0,5,5
893,*/sˈɛlt͡sə/,/sˈɛlt͡sə/,0,0.0,0.0,5,5
894,*/sˈɛɾə/,/sˈɛɾə/,0,0.0,0.0,4,4
895,*/sˈɛmbəɾ/,/sˈɛmbəɾ/,0,0.0,0.0,6,6
896,*/simahˈua̯ɾ/,/simahˈua̯ɾ/,0,0.0,0.0,8,8
897,*/sˈilˠə/,/sˈilˠə/,0,0.0,0.0,4,4
898,*/sˈit/,/sˈit/,0,0.0,0.0,3,3
899,*/sˈitə/,/sˈitə/,0,0.0,0.0,4,4
900,*/sˈitkə/,/sˈitkə/,0,0.0,0.0,5,5
901,*/sˈitkə/,/sˈitkə/,0,0.0,0.0,5,5
902,*/sɔtˈinə/,/sɔtˈinə/,0,0.0,0.0,6,6
903,*/sɔndˈɔj/,/sɔndˈɔj/,0,0.0,0.0,6,6
904,*/sɔvˈajkə/,/sɔvˈajkə/,0,0.0,0.0,7,7
905,*/skˈɔɾə/,/skˈɔrə/,1,0.2,0.057692307692307696,5,5
906,*/skɔlˈupə/,/sklˠˈupə/,2,0.3333333333333333,0.8461538461538461,7,6
907,*/skɾˈɔmə/,/skɾˈɔmə/,0,0.0,0.0,6,6
908,*/slˈɔɡ/,/slˠˈɔɡ/,1,0.25,0.07692307692307693,4,4
909,*/sundˈɔj/,/sundˈɔj/,0,0.0,0.0,6,6
910,*/sˈuhə/,/sˈuhə/,0,0.0,0.0,4,4
911,*/sˈukulˠ/,/sˈukulˠ/,0,0.0,0.0,5,5
912,*/scˈimə/,/scˈimə/,0,0.0,0.0,5,5
913,*/scˈyt/,/scˈyt/,0,0.0,0.0,4,4
914,*/scˈɔtə/,/scˈɔtə/,0,0.0,0.0,5,5
915,*/scˈufuɾ/,/scˈufuɾ/,0,0.0,0.0,6,6
916,*/stəɾkˈat/,/stəɾkˈat/,0,0.0,0.0,7,7
917,*/stəɾvˈit/,/stəɾvˈit/,0,0.0,0.0,7,7
918,*/stəɾvˈinə/,/stəɾvˈinə/,0,0.0,0.0,8,8
919,*/stˈɛjə/,/stˈɛjə/,0,0.0,0.0,5,5
920,*/stˈɛp/,/stˈɛp/,0,0.0,0.0,4,4
921,*/stɾˈɛhə/,/stɾˈɛhə/,0,0.0,0.0,6,6
922,*/stɾˈɔkə/,/stɾˈɔkə/,0,0.0,0.0,6,6
923,*/stɾˈukə/,/stɾˈukə/,0,0.0,0.0,6,6
924,*/stɾˈum/,/stɾˈum/,0,0.0,0.0,5,5
925,*/səmjˈat/,/smilˈat/,3,0.5,0.8269230769230769,6,6
926,*/də/,/z/,2,2.0,0.6153846153846154,2,1
927,*/zabˈɛl/,/zabˈɛl/,0,0.0,0.0,5,5
928,*/zabˈua̯/,/zabˈua̯/,0,0.0,0.0,5,5
929,*/zˈalˠ/,/zˈalˠ/,0,0.0,0.0,3,3
930,*/zəmbˈiʃt/,/zəmbˈiʃt/,0,0.0,0.0,7,7
931,*/zəmblˈak/,/zəmblˈak/,0,0.0,0.0,7,7
932,*/zˈəɾə/,/zˈəɾə/,0,0.0,0.0,4,4
933,*/zˈəməɾ/,/zˈəməɾ/,0,0.0,0.0,5,5
934,*/zˈəmt͡ʃə/,/zˈəmt͡ʃə/,0,0.0,0.0,5,5
935,*/jɔzˈɛf/,/zˈɛf/,2,0.6666666666666666,1.3461538461538463,5,3
936,*/zˈuʃə/,/zˈuʃə/,0,0.0,0.0,4,4
937,*/zɟˈɛbɛ/,/zɟˈɛbɛ/,0,0.0,0.0,5,5
938,*/zɟˈyɾə/,/zɟˈyɾə/,0,0.0,0.0,5,5
939,*/zɟəlˠˈɔj/,/zɟˈɔj/,2,0.5,1.3269230769230769,6,4
940,*/zbavˈit/,/zbavˈit/,0,0.0,0.0,6,6
941,*/zbulˈɔj/,/zbulˈɔj/,0,0.0,0.0,6,6
942,*/zvaɾˈiʃt/,/zvaɾˈiʃt/,0,0.0,0.0,7,7
943,*/zmˈɔjlɛ/,/zmˈɔjlɛ/,0,0.0,0.0,6,6
944,*/θˈamə/,/θˈanə/,1,0.25,0.09615384615384616,4,4
945,*/θˈikə/,/θˈikə/,0,0.0,0.0,4,4
946,*/ðjˈak/,/ðjˈak/,0,0.0,0.0,4,4
947,*/ðˈiðə/,/ðˈi/,2,1.0,1.0576923076923077,4,2
948,*/ðˈisk/,/ðˈisk/,0,0.0,0.0,4,4
949,*/ðˈɔm/,/ðˈɔmə/,1,0.25,0.4423076923076923,3,4
950,*/ðuɾˈɔj/,/ðuɾˈɔj/,0,0.0,0.0,5,5
951,*/natˈyɾə/,/natˈyɾə/,0,0.0,0.0,6,6
952,*/nalt͡sˈɔj/,/nalt͡sˈɔj/,0,0.0,0.0,6,6
953,*/naɾtˈɔj/,/naɾtˈɔj/,0,0.0,0.0,6,6
954,*/nafˈɔɾə/,/nafˈɔɾə/,0,0.0,0.0,6,6
955,*/nˈalt/,/nˈalt/,0,0.0,0.0,4,4
956,*/nˈaltə/,/nˈaltə/,0,0.0,0.0,5,5
957,*/nˈapə/,/nˈapə/,0,0.0,0.0,4,4
958,*/nəmɾˈɔj/,/nəməɾˈɔj/,1,0.14285714285714285,0.5,6,7
959,*/nɛɾˈənd͡zə/,/nɛɾˈənd͡zə/,0,0.0,0.0,7,7
960,*/nɛpˈəɾkə/,/nɛpˈəɾkə/,0,0.0,0.0,7,7
961,*/nɛvɛɾˈit/,/nɛvɛɾˈit/,0,0.0,0.0,7,7
962,*/nɛvˈɔjə/,/nɛvˈɔjə/,0,0.0,0.0,6,6
963,*/mjˈɛtulˠ/,/nˈɛtulˠ/,2,0.4,0.5,6,5
964,*/nˈɛm/,/nˈɛm/,0,0.0,0.0,3,3
965,*/nˈɛmɛt͡s/,/nˈɛmɛt͡s/,0,0.0,0.0,5,5
966,*/nˈiʃ/,/nˈiʃ/,0,0.0,0.0,3,3
967,*/nˈinə/,/nˈinə/,0,0.0,0.0,4,4
968,*/nˈɛð/,/nˈye̯/,2,0.6666666666666666,0.38461538461538464,3,3
969,*/nˈye̯lˠ/,/nˈye̯lˠ/,0,0.0,0.0,4,4
970,*/nɔtˈɔj/,/nɔtˈɔj/,0,0.0,0.0,5,5
971,*/nɔʒˈikə/,/nɔzˈikə/,1,0.16666666666666666,0.11538461538461539,6,6
972,*/nˈɔk/,/nˈɔk/,0,0.0,0.0,3,3
973,*/nˈɔʃtəɾ/,/nˈɔʃtəɾ/,0,0.0,0.0,6,6
974,*/nˈɔfkə/,/nˈɔfkə/,0,0.0,0.0,5,5
975,*/nˈɔfulˠ/,/nˈɔfulˠ/,0,0.0,0.0,5,5
976,*/numbɾˈɔj/,/numəɾˈɔj/,1,0.14285714285714285,0.28846153846153844,7,7
977,*/nˈusə/,/nˈusɛ/,1,0.25,0.057692307692307696,4,4
978,*/nˈɔn/,/nˈun/,1,0.3333333333333333,0.07692307692307693,3,3
979,*/nˈulə/,/nˈulə/,0,0.0,0.0,4,4
980,*/nˈuməɾ/,/nˈuməɾ/,0,0.0,0.0,5,5
981,*/ndəlˠˈɛj/,/ndəlˠˈɛj/,0,0.0,0.0,6,6
982,*/dəʃkˈɔj/,/ndəʃkˈɔj/,1,0.14285714285714285,0.4807692307692308,6,7
983,*/ndəɾ/,/ndəɾ/,0,0.0,0.0,4,4
984,*/ndəɾɡˈɔj/,/ndəɾɡˈɔj/,0,0.0,0.0,7,7
985,*/ndəɾtˈɔj/,/ndəɾtˈɔj/,0,0.0,0.0,7,7
986,*/ndəjˈɛj/,/ndjˈɛj/,1,0.2,0.4807692307692308,6,5
987,*/ndikˈɔj/,/ndikˈɔj/,0,0.0,0.0,6,6
988,*/ndɾˈɛc/,/ndɾˈɛc/,0,0.0,0.0,5,5
989,*/məndɾˈikulˠ/,/ndɾˈikulˠ/,2,0.2857142857142857,0.8846153846153846,9,7
991,*/lakmˈi/,/lakmˈi/,0,0.0,0.0,5,5
992,*/laŋɡˈua̯/,/laŋɡˈua̯/,0,0.0,0.0,6,6
993,*/laʃˈɔvə/,/laʃˈɔvə/,0,0.0,0.0,6,6
994,*/latˈyɾə/,/latˈyɾə/,0,0.0,0.0,6,6
995,*/laɾˈuʃkə/,/laɾˈuʃkə/,0,0.0,0.0,7,7
996,*/lapˈuʃə/,/lapˈuʃə/,0,0.0,0.0,6,6
997,*/labˈɔvə/,/labˈɔvə/,0,0.0,0.0,6,6
998,*/lˈaj/,/lˈaj/,0,0.0,0.0,3,3
999,*/lˈak/,/lˈak/,0,0.0,0.0,3,3
1000,*/lˈakəɾ/,/lˈakəɾ/,0,0.0,0.0,5,5
1001,*/lˈakəm/,/lˈakəm/,0,0.0,0.0,5,5
1002,*/lˈaʃ/,/lˈaʃ/,0,0.0,0.0,3,3
1003,*/lˈatə/,/lˈatə/,0,0.0,0.0,4,4
1004,*/lˈaɾ/,/lˈaɾ/,0,0.0,0.0,3,3
1005,*/lˈaɾɡ/,/lˈaɾɡ/,0,0.0,0.0,4,4
1006,*/lˈaɾð/,/lˈaɾð/,0,0.0,0.0,4,4
1007,*/lˈab/,/lˈab/,0,0.0,0.0,3,3
1008,*/lˈaɾk/,/lˈabɾik/,2,0.3333333333333333,1.2307692307692308,4,6
1009,*/lˈafʃə/,/lˈafʃə/,0,0.0,0.0,5,5
1010,*/lˈavd/,/lˈavd/,0,0.0,0.0,4,4
1011,*/ləkˈua̯/,/ləkˈua̯/,0,0.0,0.0,5,5
1012,*/ləŋɡ/,/ləŋɡ/,0,0.0,0.0,4,4
1013,*/ləŋɡˈɔj/,/ləŋɡˈɔj/,0,0.0,0.0,6,6
1014,*/ləɲɟˈɛɾɛ/,/ləɲɟˈɛɾɛ/,0,0.0,0.0,7,7
1015,*/ləɲɟˈye̯ɾ/,/ləɲɟˈye̯ɾ/,0,0.0,0.0,7,7
1016,*/ləɲɟˈyɾə/,/ləɲɟˈyɾə/,0,0.0,0.0,7,7
1017,*/ləʃˈɔj/,/ləʃˈɔj/,0,0.0,0.0,5,5
1018,*/lətˈi/,/lətˈi/,0,0.0,0.0,4,4
1019,*/ləndˈinə/,/ləndˈinə/,0,0.0,0.0,7,7
1020,*/ləndˈɔj/,/ləndˈɔj/,0,0.0,0.0,6,6
1021,*/ləpˈatɛ/,/ləpjˈɛtə/,3,0.42857142857142855,0.6346153846153846,6,7
1022,*/ləvdˈɔj/,/ləvdˈɔj/,0,0.0,0.0,6,6
1023,*/ləvɾˈɔj/,/ləvɾˈɔj/,0,0.0,0.0,6,6
1024,*/ləmˈɔj/,/ləmˈɔj/,0,0.0,0.0,5,5
1025,*/ləmˈɔʃəɾ/,/ləmˈɔʃtəɾ/,1,0.125,0.5576923076923077,7,8
1026,*/lˈənt͡skə/,/lˈənt͡skə/,0,0.0,0.0,6,6
1027,*/ɟˈɛm/,/lˈəm/,2,0.6666666666666666,0.36538461538461536,3,3
1028,*/lit͡ʃˈit/,/lɛt͡ʃˈit/,1,0.2,0.07692307692307693,5,5
1029,*/lɛʃnˈit͡sə/,/lɛʃnˈit͡sə/,0,0.0,0.0,7,7
1030,*/lɛptˈyɾə/,/lɛptˈyɾə/,0,0.0,0.0,7,7
1031,*/lɛbɛtˈit/,/lɛbɛtˈit/,0,0.0,0.0,7,7
1032,*/lˈɛhə/,/lˈɛhə/,0,0.0,0.0,4,4
1033,*/lˈɛʃ/,/lˈɛʃ/,0,0.0,0.0,3,3
1034,*/lˈaʃə/,/lˈɛʃə/,1,0.25,0.07692307692307693,4,4
1035,*/lˈɛʒɲə/,/lˈɛʃɲə/,1,0.2,0.038461538461538464,5,5
1036,*/lˈɛtəɾ/,/lˈɛtəɾ/,0,0.0,0.0,5,5
1037,*/lˈɛsə/,/lˈɛsə/,0,0.0,0.0,4,4
1038,*/lˈistkəɾ/,/lˈɛskəɾ/,2,0.3333333333333333,0.34615384615384615,7,6
1039,*/lˈɛjə/,/lˈɛlə/,1,0.25,0.2692307692307692,4,4
1040,*/lˈɛpəɾ/,/lˈɛpəɾ/,0,0.0,0.0,5,5
1041,*/lˈɛpuj/,/lˈɛpuj/,0,0.0,0.0,5,5
1042,*/lˈɛpuɾ/,/lˈɛpuɾ/,0,0.0,0.0,5,5
1043,*/liktˈyɾə/,/liktˈyɾə/,0,0.0,0.0,7,7
1044,*/licˈɛn/,/licˈɛn/,0,0.0,0.0,5,5
1045,*/liɾˈɔj/,/liɾˈɔj/,0,0.0,0.0,5,5
1046,*/lifcˈɛɾ/,/lifcˈɛɾ/,0,0.0,0.0,6,6
1047,*/livˈaðɛ/,/livˈaðɛ/,0,0.0,0.0,6,6
1048,*/lˈi/,/lˈi/,0,0.0,0.0,2,2
1049,*/lˈihə/,/lˈijə/,1,0.25,0.21153846153846154,4,4
1050,*/lˈic/,/lˈic/,0,0.0,0.0,3,3
1051,*/lˈiɟ/,/lˈiɟ/,0,0.0,0.0,3,3
1052,*/lˈiɟɛ/,/lˈiɟɛ/,0,0.0,0.0,4,4
1053,*/lˈiɲə/,/lˈiɲə/,0,0.0,0.0,4,4
1054,*/lˈil/,/lˈil/,0,0.0,0.0,3,3
1055,*/lˈiɾ/,/lˈiɾ/,0,0.0,0.0,3,3
1056,*/lˈiɾ/,/lˈiɾ/,0,0.0,0.0,3,3
1057,*/lˈipə/,/lˈipə/,0,0.0,0.0,4,4
1058,*/lˈibəɾ/,/lˈibəɾ/,0,0.0,0.0,5,5
1059,*/lˈimə/,/lˈimə/,0,0.0,0.0,4,4
1060,*/lˈye̯j/,/lˈye̯j/,0,0.0,0.0,4,4
1061,*/lˈyʃtəɾ/,/lˈyʃtəɾ/,0,0.0,0.0,6,6
1062,*/lˈymə/,/lˈymə/,0,0.0,0.0,4,4
1063,*/aɾɡˈɔɾi/,/lɔɡɔɾˈi/,4,0.6666666666666666,0.9038461538461539,6,6
1064,*/lɔpˈatə/,/lɔpˈatə/,0,0.0,0.0,6,6
1065,*/lˈɔɡ/,/lˈɔɡ/,0,0.0,0.0,3,3
1066,*/lˈɔzə/,/lˈɔzə/,0,0.0,0.0,4,4
1067,*/luhˈat/,/luhˈat/,0,0.0,0.0,5,5
1068,*/luɡˈat/,/luɡˈat/,0,0.0,0.0,5,5
1069,*/lucˈɛɾbulˠ/,/lucˈɛɾbulˠ/,0,0.0,0.0,8,8
1070,*/lucˈɛrə/,/lucˈɛrə/,0,0.0,0.0,6,6
1071,*/luʒˈi/,/luʒˈi/,0,0.0,0.0,4,4
1072,*/luftˈaɾ/,/luftˈaɾ/,0,0.0,0.0,6,6
1073,*/luftˈɔj/,/luftˈɔj/,0,0.0,0.0,6,6
1074,*/lˈua̯j/,/lˈua̯j/,0,0.0,0.0,4,4
1075,*/lˈua̯ð/,/lˈua̯ð/,0,0.0,0.0,4,4
1076,*/lˈua̯n/,/lˈua̯n/,0,0.0,0.0,4,4
1077,*/lˈukəɾ/,/lˈukəɾ/,0,0.0,0.0,5,5
1078,*/lˈut͡ʃə/,/lˈuʃə/,1,0.25,0.057692307692307696,4,4
1079,*/lˈutə/,/lˈutə/,0,0.0,0.0,4,4
1080,*/lˈuspə/,/lˈuspə/,0,0.0,0.0,5,5
1081,*/lˈundəɾ/,/lˈundəɾ/,0,0.0,0.0,6,6
1082,*/lˈuftə/,/lˈuftə/,0,0.0,0.0,5,5
1083,*/ɾaɡˈal/,/ɾaɡˈal/,0,0.0,0.0,5,5
1084,*/ɾaðˈimə/,/ɾaðˈimə/,0,0.0,0.0,6,6
1085,*/vaɾbˈɛt͡s/,/ɾabˈɛt͡s/,2,0.4,0.7307692307692307,6,5
1086,*/ɾˈaʃə/,/ɾˈaʃə/,0,0.0,0.0,4,4
1087,*/ɾˈasə/,/ɾˈasə/,0,0.0,0.0,4,4
1088,*/rˈavə/,/ɾˈavə/,1,0.25,0.057692307692307696,4,4
1089,*/ɾˈafkə/,/ɾˈavɡə/,2,0.4,0.07692307692307693,5,5
1090,*/ɾənd͡zˈɔj/,/ɾənd͡zˈɔj/,0,0.0,0.0,6,6
1091,*/ɾəmˈɔj/,/ɾəmˈɔj/,0,0.0,0.0,5,5
1092,*/ɾˈəɾə/,/ɾˈəɾə/,0,0.0,0.0,4,4
1093,*/ɾˈəməɾ/,/ɾˈəməɾ/,0,0.0,0.0,5,5
1094,*/ɾˈɛɟ/,/ɾˈɛɟ/,0,0.0,0.0,3,3
1095,*/ɾˈɛʒɡə/,/ɾˈɛʒɡə/,0,0.0,0.0,5,5
1096,*/ɾˈɛnd/,/ɾˈɛnd/,0,0.0,0.0,4,4
1097,*/ɾˈɛnd/,/ɾˈɛnd/,0,0.0,0.0,4,4
1098,*/ɾiɡˈɔj/,/ɾiɡˈɔj/,0,0.0,0.0,5,5
1099,*/ɾˈiɡə/,/ɾˈiɡə/,0,0.0,0.0,4,4
1100,*/ɾˈicɛ/,/ɾˈicɛ/,0,0.0,0.0,4,4
1101,*/rˈytə/,/ɾˈytə/,1,0.25,0.057692307692307696,4,4
1102,*/ɾɔˈit/,/ɾɔˈit/,0,0.0,0.0,4,4
1103,*/rəɡɔvˈɛskə/,/ɾɔɡɔvˈɛt͡skə/,3,0.3333333333333333,0.25,9,9
1104,*/rɔʃpˈɔɲə/,/ɾɔʃpˈɔɲə/,1,0.14285714285714285,0.057692307692307696,7,7
1105,*/ɾɔtˈaɾ/,/ɾɔtˈaɾ/,0,0.0,0.0,5,5
1106,*/ɾɔbɔtˈit/,/ɾɔbtˈit/,1,0.16666666666666666,0.8269230769230769,7,6
1107,*/ɾˈɔj/,/ɾˈɔj/,0,0.0,0.0,3,3
1108,*/ɾˈɔjkə/,/ɾˈɔjkə/,0,0.0,0.0,5,5
1109,*/ɾˈɔɡə/,/ɾˈɔɡə/,0,0.0,0.0,4,4
1110,*/ɾˈɔzə/,/ɾˈɔzə/,0,0.0,0.0,4,4
1111,*/ɾˈɔb/,/ɾˈɔb/,0,0.0,0.0,3,3
1112,*/ruŋɡˈɔj/,/ɾuŋɡˈɔj/,1,0.16666666666666666,0.057692307692307696,6,6
1113,*/ɾˈus/,/ɾˈus/,0,0.0,0.0,3,3
1114,*/ɾˈunɛt͡s/,/ɾˈuns/,2,0.5,0.8076923076923077,5,4
1115,*/ɾəŋɡˈat/,/raɡˈat/,3,0.6,0.5192307692307693,6,5
1116,*/rəɡɔzˈinə/,/raɡɔzˈinə/,1,0.125,0.09615384615384616,8,8
1117,*/raʃcˈɛl/,/raʃcˈɛl/,0,0.0,0.0,6,6
1118,*/ranˈit͡sə/,/ranˈit͡sə/,0,0.0,0.0,6,6
1119,*/rapˈat/,/rapˈat/,0,0.0,0.0,5,5
1120,*/rˈalˠ/,/rˈalˠ/,0,0.0,0.0,3,3
1121,*/rˈacɛ/,/rˈacɛ/,0,0.0,0.0,4,4
1123,*/rˈap/,/rˈap/,0,0.0,0.0,3,3
1124,*/rˈapə/,/rˈapə/,0,0.0,0.0,4,4
1125,*/rˈafʃ/,/rˈafʃ/,0,0.0,0.0,4,4
1126,*/rəkˈajə/,/rəkˈajə/,0,0.0,0.0,6,6
1127,*/rəɡˈalˠə/,/rəɡˈalˠə/,0,0.0,0.0,6,6
1128,*/riɡˈɔj/,/rəɟˈɔj/,2,0.4,0.17307692307692307,5,5
1129,*/rəndˈɛj/,/rəɲɟˈɛj/,2,0.3333333333333333,0.34615384615384615,6,6
1130,*/rəʃˈajə/,/rəʃˈajə/,0,0.0,0.0,6,6
1131,*/rəʃˈinə/,/rəʃˈiɾə/,1,0.16666666666666666,0.09615384615384616,6,6
1132,*/rənˈɔj/,/rənˈɔj/,0,0.0,0.0,5,5
1133,*/rəfˈɛj/,/rəfˈɛj/,0,0.0,0.0,5,5
1134,*/əɾmˈatə/,/rəmˈatə/,2,0.3333333333333333,0.4807692307692308,6,6
1135,*/rəmˈit/,/rəmˈit/,0,0.0,0.0,5,5
1136,*/rumbˈɛj/,/rəmbˈɛj/,1,0.16666666666666666,0.17307692307692307,6,6
1137,*/rˈɛɡulˠ/,/rˈɛɡulˠ/,0,0.0,0.0,5,5
1138,*/rˈɛtəɾ/,/rˈɛtəɾ/,0,0.0,0.0,5,5
1139,*/ɾˈɛt͡skə/,/rˈɛt͡skə/,1,0.2,0.057692307692307696,5,5
1140,*/rˈɛzə/,/rˈɛzə/,0,0.0,0.0,4,4
1141,*/rˈɛp/,/rˈɛp/,0,0.0,0.0,3,3
1142,*/rˈɛp/,/rˈɛp/,0,0.0,0.0,3,3
1143,*/rˈɛvə/,/rˈɛvə/,0,0.0,0.0,4,4
1144,*/rˈɛm/,/rˈɛm/,0,0.0,0.0,3,3
1145,*/rˈɛm/,/rˈɛmb/,1,0.25,0.36538461538461536,3,4
1146,*/rˈɛm/,/rˈɛmb/,1,0.25,0.36538461538461536,3,4
1147,*/rˈɛʃt/,/rjˈɛʃt/,1,0.2,0.38461538461538464,4,5
1148,*/rˈɛt/,/rjˈɛt/,1,0.25,0.38461538461538464,3,4
1149,*/riʒɡˈɔj/,/riʒɡˈɔj/,0,0.0,0.0,6,6
1150,*/rˈikə/,/rˈikə/,0,0.0,0.0,4,4
1151,*/rˈikə/,/rˈikə/,0,0.0,0.0,4,4
1152,*/rˈicəɾ/,/rˈicəɾ/,0,0.0,0.0,5,5
1153,*/rˈipə/,/rˈipə/,0,0.0,0.0,4,4
1154,*/rˈye̯lˠ/,/rˈye̯lˠ/,0,0.0,0.0,4,4
1155,*/rˈylˠə/,/rˈylˠə/,0,0.0,0.0,4,4
1156,*/rəpˈak/,/rɔpˈak/,1,0.2,0.1346153846153846,5,5
1157,*/rˈɔkə/,/rˈɔkə/,0,0.0,0.0,4,4
1158,*/rˈɔɡə/,/rˈɔɡə/,0,0.0,0.0,4,4
1159,*/rˈɔɡə/,/rˈɔɡə/,0,0.0,0.0,4,4
1160,*/rˈɔtə/,/rˈɔtə/,0,0.0,0.0,4,4
1161,*/rˈɔtulˠ/,/rˈɔtulˠ/,0,0.0,0.0,5,5
1162,*/ɾˈask/,/rˈɔzɡ/,4,1.0,0.36538461538461536,4,4
1163,*/rˈɔbuɾ/,/rˈɔbulˠ/,1,0.2,0.17307692307692307,5,5
1164,*/rufˈɛ/,/rufˈɛ/,0,0.0,0.0,4,4
1165,*/rˈua̯j/,/rˈua̯j/,0,0.0,0.0,4,4
1166,*/rˈuɡə/,/rˈuɡə/,0,0.0,0.0,4,4
1167,*/rˈuʃkulˠ/,/rˈuʃkulˠ/,0,0.0,0.0,6,6
1168,*/rˈuð/,/rˈuð/,0,0.0,0.0,3,3
1169,*/rˈunə/,/rˈunə/,0,0.0,0.0,4,4
1170,*/rˈumb/,/rˈumb/,0,0.0,0.0,4,4
1171,*/rˈumbulˠ/,/rˈumbulˠ/,0,0.0,0.0,6,6
1172,*/pajtˈɔj/,/pajtˈɔj/,0,0.0,0.0,6,6
1173,*/paktˈyɾə/,/paɡətˈyɾə/,2,0.25,0.6730769230769231,7,8
1174,*/paɡˈua̯j/,/paɡˈua̯j/,0,0.0,0.0,6,6
1175,*/palˠˈɔj/,/palˠˈɔj/,0,0.0,0.0,5,5
1176,*/palˠˈɔj/,/palˠˈɔj/,0,0.0,0.0,5,5
1177,*/palˠˈua̯/,/palˠˈua̯/,0,0.0,0.0,5,5
1178,*/paʃtɾˈak/,/paʃtɾˈak/,0,0.0,0.0,7,7
1179,*/paʃnˈik/,/paʃnˈik/,0,0.0,0.0,6,6
1180,*/patkˈua̯/,/patkˈua̯/,0,0.0,0.0,6,6
1181,*/padˈit/,/padˈit/,0,0.0,0.0,5,5
1182,*/paɾmˈɛnd/,/paɾmˈɛnd/,0,0.0,0.0,7,7
1183,*/paɾˈiz/,/parˈiz/,1,0.2,0.057692307692307696,5,5
1184,*/pˈajə/,/pˈajə/,0,0.0,0.0,4,4
1185,*/pˈajt/,/pˈajt/,0,0.0,0.0,4,4
1186,*/pˈak/,/pˈak/,0,0.0,0.0,3,3
1187,*/pˈalˠə/,/pˈalˠə/,0,0.0,0.0,4,4
1188,*/pˈalˠə/,/pˈalˠə/,0,0.0,0.0,4,4
1189,*/pˈac/,/pˈac/,0,0.0,0.0,3,3
1190,*/pˈaʃ/,/pˈaʃ/,0,0.0,0.0,3,3
1191,*/pˈaʃkə/,/pˈaʃkə/,0,0.0,0.0,5,5
1192,*/pˈatə/,/pˈatə/,0,0.0,0.0,4,4
1193,*/pˈalˠ/,/pˈal/,1,0.3333333333333333,0.07692307692307693,3,3
1194,*/pˈalɲə/,/pˈalɲə/,0,0.0,0.0,5,5
1195,*/pˈaɾ/,/pˈaɾ/,0,0.0,0.0,3,3
1196,*/pəɡˈəj/,/pəɡˈəj/,0,0.0,0.0,5,5
1197,*/pəɡˈəɾə/,/pəɡˈəɾə/,0,0.0,0.0,6,6
1198,*/pəɡˈəɾə/,/pəɡˈəɾə/,0,0.0,0.0,6,6
1199,*/pəlˠˈas/,/pəlˠˈas/,0,0.0,0.0,5,5
1200,*/pəlˠˈumb/,/pəlˠˈumb/,0,0.0,0.0,6,6
1201,*/pəlcˈi/,/pəcˈi/,1,0.25,0.5961538461538461,5,4
1202,*/pəʃkˈɔj/,/pəʃkˈɔj/,0,0.0,0.0,6,6
1203,*/pəsˈɔj/,/pəsˈɔj/,0,0.0,0.0,5,5
1204,*/pəndˈaɾ/,/pəndˈaɾ/,0,0.0,0.0,6,6
1205,*/pəlcˈɛj/,/pəlcˈɛj/,0,0.0,0.0,6,6
1206,*/pəɾ/,/pəɾ/,0,0.0,0.0,3,3
1207,*/pəɾhˈɛɾə/,/pəɾhˈɛɾə/,0,0.0,0.0,7,7
1208,*/pəɾkˈavə/,/pəɾkˈavə/,0,0.0,0.0,7,7
1209,*/pəɾcˈi/,/pəɾcˈi/,0,0.0,0.0,5,5
1210,*/pəɾtəɟˈimə/,/pəɾɟˈim/,3,0.5,1.4807692307692308,9,6
1211,*/pəɾɟəlˠˈɔj/,/pəɾɟˈɔj/,2,0.3333333333333333,1.3269230769230769,8,6
1212,*/pəɾtˈɔj/,/pəɾtˈɔj/,0,0.0,0.0,6,6
1213,*/pəɾdəlˠˈɛj/,/pəɾdəlˠˈɛj/,0,0.0,0.0,8,8
1214,*/pɾinˈaɾ/,/pəɾnˈaɾ/,2,0.3333333333333333,0.6346153846153846,6,6
1215,*/pəɾpaɾˈɔj/,/pəɾpaɾˈɔj/,0,0.0,0.0,8,8
1216,*/pɾˈalˠə/,/pərˈalˠə/,2,0.3333333333333333,0.5961538461538461,5,6
1217,*/pɛkˈul/,/pɛkˈul/,0,0.0,0.0,5,5
1218,*/pəʃˈɔj/,/pɛʃˈɔj/,1,0.2,0.057692307692307696,5,5
1219,*/pəʃkətˈaɾ/,/pɛʃkətˈaɾ/,1,0.125,0.057692307692307696,8,8
1220,*/pəʃkəpˈi/,/pɛʃkəpˈi/,1,0.14285714285714285,0.057692307692307696,7,7
1221,*/pɛʃkˈɔp/,/pɛʃkˈɔp/,0,0.0,0.0,6,6
1222,*/pɛtˈavəɾ/,/pɛtˈavəɾ/,0,0.0,0.0,7,7
1223,*/pɛtɾˈɛʃ/,/pɛtɾˈɛʃ/,0,0.0,0.0,6,6
1224,*/pɛðˈanə/,/pɛðˈanə/,0,0.0,0.0,6,6
1225,*/pɛndˈɛsə/,/pɛndˈɛsə/,0,0.0,0.0,7,7
1226,*/pɛndˈɛj/,/pɛndˈɔj/,1,0.16666666666666666,0.15384615384615385,6,6
1227,*/pɛlˈɛnə/,/pɛlˈɛnə/,0,0.0,0.0,6,6
1228,*/pɛlˈin/,/pɛlˈin/,0,0.0,0.0,5,5
1229,*/mbəɾtˈɛʃə/,/pɛɾəndˈɛʃə/,5,0.5555555555555556,1.1346153846153846,8,9
1230,*/pəɾnˈɛʃə/,/pɛɾəndˈɛʃə/,3,0.3333333333333333,1.0769230769230769,7,9
1231,*/paɾəndˈɔj/,/pɛɾəndˈɔj/,1,0.125,0.07692307692307693,8,8
1232,*/mbɾɛtˈua̯ɾ/,/pɛɾəndˈua̯ɾ/,5,0.5555555555555556,1.0,8,9
1233,*/pəɾnˈɔɾ/,/pɛɾəndˈua̯ɾ/,5,0.5555555555555556,1.7692307692307692,6,9
1234,*/pˈɛk/,/pˈɛk/,0,0.0,0.0,3,3
1235,*/pˈɛŋɡ/,/pˈɛŋɡ/,0,0.0,0.0,4,4
1236,*/pˈɛŋɡə/,/pˈɛŋɡə/,0,0.0,0.0,5,5
1237,*/mbjˈɛkə/,/pˈɛŋɡə/,5,1.0,1.0192307692307692,6,5
1238,*/pˈɛlˠɡ/,/pˈɛlˠɡ/,0,0.0,0.0,4,4
1239,*/pˈɛʃə/,/pˈɛʃə/,0,0.0,0.0,4,4
1240,*/pˈɛʃkəp/,/pˈɛʃkəp/,0,0.0,0.0,6,6
1241,*/pˈɛʃc/,/pˈɛʃc/,0,0.0,0.0,4,4
1242,*/pˈɛtə/,/pˈɛtə/,0,0.0,0.0,4,4
1243,*/pˈɛtk/,/pˈɛtk/,0,0.0,0.0,4,4
1244,*/pˈɛtulˠ/,/pˈɛtulˠ/,0,0.0,0.0,5,5
1245,*/pˈɛnə/,/pˈɛnə/,0,0.0,0.0,4,4
1246,*/pˈɛmə/,/pˈɛmə/,0,0.0,0.0,4,4
1247,*/pijavˈit͡sə/,/pjavˈit͡sə/,1,0.14285714285714285,0.3076923076923077,8,7
1248,*/pjˈɛkə/,/pjˈɛkə/,0,0.0,0.0,5,5
1249,*/pjˈɛʃkə/,/pjˈɛʃkə/,0,0.0,0.0,6,6
1250,*/pjˈɛtəɾ/,/pjˈɛtəɾ/,0,0.0,0.0,6,6
1251,*/pˈɛsə/,/pjˈɛsə/,1,0.2,0.5,4,5
1252,*/pjˈɛɾɡulˠ/,/pjˈɛɾɡulˠ/,0,0.0,0.0,7,7
1253,*/pjˈɛpəɾ/,/pjˈɛpəɾ/,0,0.0,0.0,6,6
1254,*/pihˈat/,/pihˈat/,0,0.0,0.0,5,5
1255,*/pˈilˠə/,/pˈilˠə/,0,0.0,0.0,4,4
1256,*/pˈilˠə/,/pˈilˠə/,0,0.0,0.0,4,4
1257,*/pˈilˠə/,/pˈilˠə/,0,0.0,0.0,4,4
1258,*/pˈitə/,/pˈitə/,0,0.0,0.0,4,4
1259,*/pˈiʃkə/,/pˈizɡə/,2,0.4,0.19230769230769232,5,5
1260,*/pˈil/,/pˈil/,0,0.0,0.0,3,3
1261,*/pˈirə/,/pˈirə/,0,0.0,0.0,4,4
1262,*/pˈipə/,/pˈipə/,0,0.0,0.0,4,4
1263,*/pˈykə/,/pˈykə/,0,0.0,0.0,4,4
1264,*/pˈylˠ/,/pˈylˠ/,0,0.0,0.0,3,3
1265,*/pɔjˈak/,/pɔjˈak/,0,0.0,0.0,5,5
1266,*/pɔjˈatə/,/pɔjˈatə/,0,0.0,0.0,6,6
1267,*/pɔjˈan/,/pɔjˈan/,0,0.0,0.0,5,5
1268,*/pɔtˈɛrə/,/pɔtˈɛɾɛ/,2,0.3333333333333333,0.11538461538461539,6,6
1269,*/patkˈua̯/,/pɔtkˈua̯/,1,0.16666666666666666,0.23076923076923078,6,6
1270,*/pɔstˈajə/,/pɔstˈahɛ/,2,0.2857142857142857,0.2692307692307692,7,7
1271,*/pɔstˈat/,/pɔstˈat/,0,0.0,0.0,6,6
1272,*/pɔstɾˈɛhə/,/pɔstɾˈɛ/,2,0.3333333333333333,0.8461538461538461,8,6
1273,*/pɔnˈit/,/pɔnˈit/,0,0.0,0.0,5,5
1274,*/pɔɾˈɛnd/,/pɔɾˈɛnd/,0,0.0,0.0,6,6
1275,*/pɔɾɔsˈit/,/pɔɾɔsˈit/,0,0.0,0.0,7,7
1276,*/pɔɾˈit/,/pɔrˈit/,1,0.2,0.057692307692307696,5,5
1277,*/pˈɔʃt/,/pˈɔʃt/,0,0.0,0.0,4,4
1278,*/pˈɔʃtəɾ/,/pˈɔʃtəɾ/,0,0.0,0.0,6,6
1279,*/pˈɔt/,/pˈɔt/,0,0.0,0.0,3,3
1280,*/pˈɔtkə/,/pˈɔtkə/,0,0.0,0.0,5,5
1281,*/pˈɔr/,/pˈɔɾ/,1,0.3333333333333333,0.057692307692307696,3,3
1282,*/pˈɔɾtə/,/pˈɔɾtə/,0,0.0,0.0,5,5
1283,*/pˈɔr/,/pˈɔr/,0,0.0,0.0,3,3
1284,*/pˈɔric/,/pˈɔric/,0,0.0,0.0,5,5
1285,*/pˈɔpulˠ/,/pˈɔpulˠ/,0,0.0,0.0,5,5
1286,*/plˠaʃˈit͡sə/,/plˠaʃˈit͡sə/,0,0.0,0.0,7,7
1287,*/plˠˈajə/,/plˠˈajə/,0,0.0,0.0,5,5
1288,*/plˠˈaz/,/plˠˈaz/,0,0.0,0.0,4,4
1289,*/plˠˈɔt͡ʃə/,/plˠˈɔt͡ʃə/,0,0.0,0.0,5,5
1290,*/plˠˈɔʃkə/,/plˠˈɔt͡ʃkə/,1,0.16666666666666666,0.057692307692307696,6,6
1291,*/plˠˈat͡skə/,/plˠˈɔt͡skə/,1,0.16666666666666666,0.23076923076923078,6,6
1292,*/plˠˈɔskə/,/plˠˈɔskə/,0,0.0,0.0,6,6
1293,*/plˠˈuskə/,/plˠˈuskə/,0,0.0,0.0,6,6
1294,*/pulˠˈəndə/,/pulˠˈəndə/,0,0.0,0.0,7,7
1295,*/puʃˈɔj/,/puʃˈɔj/,0,0.0,0.0,5,5
1296,*/puʃtˈɛt/,/puʃtˈɛt/,0,0.0,0.0,6,6
1297,*/puʃtˈɔj/,/puʃtˈɔj/,0,0.0,0.0,6,6
1298,*/putˈəɾə/,/putˈəɾə/,0,0.0,0.0,6,6
1299,*/pɔsˈulˠə/,/pusˈulˠə/,1,0.16666666666666666,0.07692307692307693,6,6
1300,*/pulcˈɛɾ/,/pulcˈɛɾ/,0,0.0,0.0,6,6
1301,*/pulcˈye̯ɾ/,/pulcˈye̯ɾ/,0,0.0,0.0,7,7
1302,*/pɾˈɔj/,/puɾˈɔj/,1,0.2,0.8653846153846154,4,5
1303,*/purˈi/,/purˈi/,0,0.0,0.0,4,4
1304,*/pəɾpaɾˈɔj/,/puprˈɔj/,4,0.6666666666666666,1.4615384615384615,8,6
1305,*/pˈuk/,/pˈuk/,0,0.0,0.0,3,3
1306,*/pˈukə/,/pˈukə/,0,0.0,0.0,4,4
1307,*/pˈuŋɡə/,/pˈuŋɡə/,0,0.0,0.0,5,5
1308,*/pˈus/,/pˈus/,0,0.0,0.0,3,3
1309,*/pˈul/,/pˈul/,0,0.0,0.0,3,3
1310,*/pˈulə/,/pˈulə/,0,0.0,0.0,4,4
1311,*/pˈulpə/,/pˈulpə/,0,0.0,0.0,5,5
1312,*/pˈurə/,/pˈurə/,0,0.0,0.0,4,4
1313,*/pˈupə/,/pˈupə/,0,0.0,0.0,4,4
1314,*/pˈupə/,/pˈupə/,0,0.0,0.0,4,4
1315,*/pˈuɲtə/,/pˈuftə/,1,0.2,0.3076923076923077,5,5
1316,*/plaʃnˈik/,/plaʃnˈik/,0,0.0,0.0,7,7
1317,*/plˈaɡə/,/plˈaɡə/,0,0.0,0.0,5,5
1318,*/plˈaŋɡ/,/plˈaŋɡ/,0,0.0,0.0,5,5
1319,*/plˈaŋɡ/,/plˈaŋɡ/,0,0.0,0.0,5,5
1320,*/plivˈat/,/plɛvˈat/,1,0.16666666666666666,0.07692307692307693,6,6
1321,*/plɛnˈit͡sə/,/plɛvˈit͡sə/,1,0.14285714285714285,0.21153846153846154,7,7
1322,*/pəlˠˈɛŋɡ/,/plˈɛŋɡ/,2,0.4,0.7307692307692307,6,5
1323,*/plˈɛŋɡə/,/plˈɛŋɡə/,0,0.0,0.0,6,6
1324,*/pəlˠˈɛŋɡə/,/plˈɛŋɡə/,2,0.3333333333333333,0.7307692307692307,7,6
1325,*/plˈɛp/,/plˈɛp/,0,0.0,0.0,4,4
1326,*/plˈic/,/plˈic/,0,0.0,0.0,4,4
1327,*/plˈyskə/,/plˈyskə/,0,0.0,0.0,6,6
1328,*/plˈua̯ɾ/,/plˈua̯ɾ/,0,0.0,0.0,5,5
1329,*/plˈumb/,/plˈumb/,0,0.0,0.0,5,5
1330,*/pɾˈah/,/pɾˈaf/,1,0.25,0.19230769230769232,4,4
1331,*/pɾəmvˈɛɾə/,/pɾəmvˈɛɾə/,0,0.0,0.0,8,8
1332,*/pɾəmɛtˈɔj/,/pɾɛmtˈɔj/,2,0.2857142857142857,0.75,8,7
1333,*/pɾˈɛ/,/pɾˈɛ/,0,0.0,0.0,3,3
1334,*/pɾˈɛlˠ/,/pɾˈɛlˠ/,0,0.0,0.0,4,4
1335,*/pɾˈaʃ/,/pɾˈɛʃ/,1,0.25,0.07692307692307693,4,4
1336,*/pɾˈɛðə/,/pɾˈɛðə/,0,0.0,0.0,5,5
1337,*/pɾivˈɔj/,/pɾivˈɔj/,0,0.0,0.0,6,6
1338,*/pɾˈij/,/pɾˈij/,0,0.0,0.0,4,4
1339,*/purˈi/,/pɾˈijə/,4,0.8,1.1730769230769231,4,5
1340,*/pɾˈil/,/pɾˈilˠ/,1,0.25,0.07692307692307693,4,4
1341,*/pɾˈiɲɟ/,/pɾˈiɲɟ/,0,0.0,0.0,5,5
1342,*/pɾˈisk/,/pɾˈisk/,0,0.0,0.0,5,5
1343,*/pɾˈind/,/pɾˈind/,0,0.0,0.0,5,5
1344,*/pɾˈɛtəɾ/,/pɾˈiftəɾ/,2,0.2857142857142857,0.6730769230769231,6,7
1345,*/pɾɔʒmˈɔj/,/pɾɔʒmˈɔj/,0,0.0,0.0,7,7
1346,*/pɾɔðˈɔj/,/pɾɔðˈɔj/,0,0.0,0.0,6,6
1347,*/pɾɔndˈit/,/pɾɔndˈit/,0,0.0,0.0,7,7
1348,*/pɔbɾatˈim/,/pɾɔbatˈin/,3,0.375,0.9807692307692307,8,8
1349,*/pɾˈɔj/,/pɾˈɔj/,0,0.0,0.0,4,4
1350,*/bɾˈɔkə/,/pɾˈɔkə/,1,0.2,0.038461538461538464,5,5
1351,*/pɾˈɔʒəm/,/pɾˈɔʒəm/,0,0.0,0.0,6,6
1352,*/pɾˈua̯j/,/pɾˈua̯j/,0,0.0,0.0,5,5
1353,*/pɾˈua̯j/,/pɾˈua̯j/,0,0.0,0.0,5,5
1354,*/baktˈi/,/baktˈi/,0,0.0,0.0,5,5
1355,*/batˈit/,/batˈit/,0,0.0,0.0,5,5
1356,*/baɾˈatəɾ/,/balˈadəɾ/,2,0.2857142857142857,0.1346153846153846,7,7
1357,*/baɾmˈɔʃ/,/baɾmˈaʃ/,1,0.16666666666666666,0.23076923076923078,6,6
1358,*/bˈac/,/bˈac/,0,0.0,0.0,3,3
1359,*/bˈaɲə/,/bˈaɲə/,0,0.0,0.0,4,4
1360,*/bˈalt͡ʃəm/,/bˈalt͡ʃəm/,0,0.0,0.0,6,6
1361,*/bˈaɾkə/,/bˈaɾkə/,0,0.0,0.0,5,5
1362,*/bˈabə/,/bˈabə/,0,0.0,0.0,4,4
1363,*/bəɡˈatə/,/bəɡˈatə/,0,0.0,0.0,6,6
1364,*/batˈajə/,/bətˈajə/,1,0.16666666666666666,0.09615384615384616,6,6
1365,*/bɛnkˈɔj/,/bənkˈɔj/,1,0.16666666666666666,0.057692307692307696,6,6
1367,*/bəɾt͡ʃˈik/,/bəɾt͡ʃˈik/,0,0.0,0.0,6,6
1368,*/bəɾʃnˈik/,/bəɾʃnˈik/,0,0.0,0.0,7,7
1369,*/bəɾtˈat/,/bəɾtˈat/,0,0.0,0.0,6,6
1370,*/bəɾzˈəɾə/,/bəɾzˈəɾə/,0,0.0,0.0,7,7
1371,*/bəɾzˈɛʃtə/,/bəɾzˈɛʃtə/,0,0.0,0.0,8,8
1372,*/batˈajə/,/bɛtˈɛjə/,2,0.3333333333333333,0.15384615384615385,6,6
1373,*/bɛlˈɛvə/,/bɛlˈɛvə/,0,0.0,0.0,6,6
1374,*/bɛlbˈit͡sə/,/bɛlbˈit͡sə/,0,0.0,0.0,7,7
1375,*/bɛlvˈit͡sə/,/bɛlvˈit͡sə/,0,0.0,0.0,7,7
1376,*/bɛɡɾˈat/,/bɛɾˈat/,1,0.2,0.5576923076923077,6,5
1377,*/bˈɛjkə/,/bˈɛjkə/,0,0.0,0.0,5,5
1378,*/bˈɛl/,/bˈɛl/,0,0.0,0.0,3,3
1379,*/bˈɛlt͡sə/,/bˈɛlt͡sə/,0,0.0,0.0,5,5
1380,*/bˈɛɾk/,/bˈɛɾk/,0,0.0,0.0,4,4
1381,*/biɲˈaɾ/,/biɲˈaɾ/,0,0.0,0.0,5,5
1382,*/biʃtˈajə/,/biʃtˈajə/,0,0.0,0.0,7,7
1383,*/biʃnˈit͡sə/,/biʃnˈit͡sə/,0,0.0,0.0,7,7
1384,*/bɛsˈɛdə/,/bisˈɛdə/,1,0.16666666666666666,0.07692307692307693,6,6
1385,*/bistɾˈit͡sə/,/bistɾˈit͡sə/,0,0.0,0.0,8,8
1386,*/bˈiʃə/,/bˈiʃə/,0,0.0,0.0,4,4
1387,*/bˈisk/,/bˈisk/,0,0.0,0.0,4,4
1388,*/bˈistəɾ/,/bˈistəɾ/,0,0.0,0.0,6,6
1389,*/bɔɡˈɔvə/,/bɔɡˈɔvə/,0,0.0,0.0,6,6
1390,*/bɔɾˈikə/,/bɔɾˈiɡə/,1,0.16666666666666666,0.038461538461538464,6,6
1391,*/bˈɔlˠə/,/bˈɔlˠə/,0,0.0,0.0,4,4
1392,*/bˈɔlbə/,/bˈɔlbə/,0,0.0,0.0,5,5
1393,*/bua̯lˠˈit͡sə/,/bua̯lˠˈit͡sə/,0,0.0,0.0,7,7
1394,*/bulˈɔɡ/,/bulˠˈɔɡ/,1,0.2,0.07692307692307693,5,5
1395,*/but͡ʃˈat/,/but͡ʃˈat/,0,0.0,0.0,5,5
1396,*/buʃtɾˈit͡sə/,/buʃtɾˈit͡sə/,0,0.0,0.0,8,8
1397,*/bult͡ʃˈɛʃ/,/bult͡ʃˈɛʃ/,0,0.0,0.0,6,6
1398,*/bˈua̯lˠ/,/bˈua̯lˠ/,0,0.0,0.0,4,4
1399,*/bˈujk/,/bˈujk/,0,0.0,0.0,4,4
1400,*/bˈukə/,/bˈukə/,0,0.0,0.0,4,4
1401,*/bˈuʃ/,/bˈuʃ/,0,0.0,0.0,3,3
1402,*/bˈuʃtəɾ/,/bˈuʃtəɾ/,0,0.0,0.0,6,6
1403,*/bˈut/,/bˈut/,0,0.0,0.0,3,3
1404,*/bˈulə/,/bˈulə/,0,0.0,0.0,4,4
1405,*/bˈulc/,/bˈulc/,0,0.0,0.0,4,4
1406,*/pˈulbəɾ/,/bˈulbəɾ/,1,0.16666666666666666,0.038461538461538464,6,6
1407,*/bˈuɾɡ/,/bˈuɾɡ/,0,0.0,0.0,4,4
1408,*/bˈuf/,/bˈuf/,0,0.0,0.0,3,3
1409,*/blˈatə/,/blˈatə/,0,0.0,0.0,5,5
1410,*/blˈanə/,/blˈanə/,0,0.0,0.0,5,5
1411,*/blˈɛj/,/blˈɛj/,0,0.0,0.0,4,4
1412,*/bɛlˠˈuʃ/,/blˈuʃ/,2,0.5,0.8076923076923077,5,4
1413,*/blˈudə/,/blˈudə/,0,0.0,0.0,5,5
1414,*/blˈudə/,/blˈudə/,0,0.0,0.0,5,5
1415,*/bɾˈazdə/,/bɾˈazə/,1,0.2,0.40384615384615385,6,5
1416,*/bɾˈanə/,/bɾˈanə/,0,0.0,0.0,5,5
1417,*/bɾˈavə/,/bɾˈavə/,0,0.0,0.0,5,5
1418,*/bɾˈɛc/,/bɾˈɛkə/,2,0.4,0.6153846153846154,4,5
1419,*/bɾˈɛɡ/,/bɾˈɛɡ/,0,0.0,0.0,4,4
1420,*/bɾˈɛʃkə/,/bɾˈɛʃkə/,0,0.0,0.0,6,6
1421,*/bɾˈɛʃkə/,/bɾˈɛʃkə/,0,0.0,0.0,6,6
1422,*/bɾˈɛtk/,/bɾˈɛtk/,0,0.0,0.0,5,5
1423,*/bɾˈisk/,/bɾˈisk/,0,0.0,0.0,5,5
1424,*/bɾˈiskə/,/bɾˈiskə/,0,0.0,0.0,6,6
1425,*/bɾˈymə/,/bɾˈymə/,0,0.0,0.0,5,5
1426,*/bɾˈukə/,/bɾˈukə/,0,0.0,0.0,5,5
1427,*/fajkˈua̯/,/fajkˈua̯/,0,0.0,0.0,6,6
1428,*/facˈɔlˠ/,/facˈɔlˠ/,0,0.0,0.0,5,5
1429,*/faʃˈua̯lˠ/,/faʃˈua̯lˠ/,0,0.0,0.0,6,6
1430,*/fəʃcˈɔj/,/faʃcˈɔj/,1,0.16666666666666666,0.09615384615384616,6,6
1431,*/faɾkˈɔj/,/faɾkˈɔj/,0,0.0,0.0,6,6
1432,*/fˈaj/,/fˈaj/,0,0.0,0.0,3,3
1433,*/fˈaɡ/,/fˈaɡ/,0,0.0,0.0,3,3
1434,*/fˈacɛ/,/fˈacɛ/,0,0.0,0.0,4,4
1435,*/fˈaʃcə/,/fˈaʃcə/,0,0.0,0.0,5,5
1436,*/fˈat/,/fˈat/,0,0.0,0.0,3,3
1437,*/fˈaɾ/,/fˈaɾ/,0,0.0,0.0,3,3
1438,*/fˈaɾkə/,/fˈaɾkə/,0,0.0,0.0,5,5
1439,*/fˈaɾmək/,/fˈaɾmək/,0,0.0,0.0,6,6
1440,*/fˈamə/,/fˈamə/,0,0.0,0.0,4,4
1441,*/fˈamulˠ/,/fˈamulˠ/,0,0.0,0.0,5,5
1442,*/fəɲˈɛʃtəɾ/,/fəɲˈɛʃtəɾ/,0,0.0,0.0,8,8
1443,*/fɔnˈɛɾ/,/fənˈɛɾ/,1,0.2,0.1346153846153846,5,5
1444,*/fəlcˈiɲə/,/fəlcˈiɲə/,0,0.0,0.0,7,7
1445,*/fəɾkˈɔj/,/fəɾkˈɔj/,0,0.0,0.0,6,6
1446,*/fəɾɡəlˠˈɔj/,/fəɾɡəlˠˈɔj/,0,0.0,0.0,8,8
1447,*/fəɾɡˈɔj/,/fəɾɡˈɔj/,0,0.0,0.0,6,6
1449,*/fərˈatə/,/fərˈatə/,0,0.0,0.0,6,6
1450,*/fərˈɔj/,/fərˈɔj/,0,0.0,0.0,5,5
1451,*/fəmˈijə/,/fəmˈijə/,0,0.0,0.0,6,6
1452,*/fˈəŋɡ/,/fˈəŋɡ/,0,0.0,0.0,4,4
1453,*/fjˈɔj/,/fɛjˈɔj/,1,0.2,0.5192307692307693,4,5
1454,*/fˈɛ/,/fˈɛ/,0,0.0,0.0,2,2
1455,*/fˈɛjkə/,/fˈɛjkə/,0,0.0,0.0,5,5
1456,*/fˈɛlə/,/fˈɛlə/,0,0.0,0.0,4,4
1457,*/fˈɛlə/,/fˈɛlə/,0,0.0,0.0,4,4
1458,*/fˈɛr/,/fˈɛr/,0,0.0,0.0,3,3
1459,*/fˈɛməɾ/,/fˈɛməɾ/,0,0.0,0.0,5,5
1460,*/fjˈɛj/,/fjˈɛj/,0,0.0,0.0,4,4
1461,*/fjˈɛʃtəɾ/,/fjˈɛʃtəɾ/,0,0.0,0.0,7,7
1462,*/fjˈɔlˠə/,/fjˈɔlˠə/,0,0.0,0.0,5,5
1463,*/fiʃtəlˠˈɔj/,/fiʃkəlˠˈɔj/,1,0.125,0.17307692307692307,8,8
1465,*/fˈik/,/fˈik/,0,0.0,0.0,3,3
1466,*/fˈilˠ/,/fˈilˠ/,0,0.0,0.0,3,3
1467,*/fajtˈyɾə/,/fytˈyɾə/,2,0.3333333333333333,0.6730769230769231,7,6
1468,*/fˈye̯j/,/fˈye̯j/,0,0.0,0.0,4,4
1469,*/fɔjlˈɛtə/,/fɔjlˈɛtə/,0,0.0,0.0,7,7
1470,*/fˈɔɾt/,/fˈɔɾt/,0,0.0,0.0,4,4
1471,*/fuɾmˈɛlə/,/fˈɔɾbəl/,4,0.6666666666666666,0.8846153846153846,7,6
1472,*/hlˈað/,/flˠˈad/,3,0.75,0.36538461538461536,4,4
1473,*/fult͡ʃˈi/,/fucˈi/,2,0.5,0.9230769230769231,5,4
1474,*/fuʒɲˈaɾ/,/fuʒɲˈaɾ/,0,0.0,0.0,6,6
1475,*/fulcˈɛt/,/fulcˈɛt/,0,0.0,0.0,6,6
1476,*/flˠɛtˈɛɾɛ/,/fultˈɛɾɛ/,2,0.2857142857142857,0.6538461538461539,7,7
1477,*/fuɾtˈunə/,/fuɾtˈunə/,0,0.0,0.0,7,7
1479,*/fˈuʃə/,/fˈuʃə/,0,0.0,0.0,4,4
1480,*/fˈuʃtulˠ/,/fˈuʃtulˠ/,0,0.0,0.0,6,6
1481,*/fˈuʒɲə/,/fˈuʒɲə/,0,0.0,0.0,5,5
1482,*/fˈut/,/fˈut/,0,0.0,0.0,3,3
1483,*/fˈund/,/fˈund/,0,0.0,0.0,4,4
1484,*/fˈuɾkə/,/fˈuɾkə/,0,0.0,0.0,5,5
1485,*/fˈur/,/fˈur/,0,0.0,0.0,3,3
1486,*/fˈuric/,/fˈuric/,0,0.0,0.0,5,5
1487,*/fcˈi/,/fcˈi/,0,0.0,0.0,3,3
1488,*/fcˈɔlˠə/,/fcˈɔlˠə/,0,0.0,0.0,5,5
1489,*/fʃˈat/,/fʃˈat/,0,0.0,0.0,4,4
1490,*/fʃˈikə/,/fʃˈikə/,0,0.0,0.0,5,5
1491,*/fʃˈikulˠ/,/fʃˈikulˠ/,0,0.0,0.0,6,6
1492,*/ftilˠˈɔj/,/ftilˠˈɔj/,0,0.0,0.0,6,6
1493,*/ftˈɔj/,/ftˈɔj/,0,0.0,0.0,4,4
1494,*/ftˈɔj/,/ftˈɔj/,0,0.0,0.0,4,4
1495,*/ftˈujə/,/ftˈujə/,0,0.0,0.0,5,5
1496,*/flamˈuɾ/,/flamˈuɾ/,0,0.0,0.0,6,6
1497,*/flˈakulˠ/,/flˈakə/,2,0.4,0.9423076923076923,6,5
1498,*/flˈakulˠ/,/flˈakəɾa/,3,0.42857142857142855,1.0192307692307692,6,7
1499,*/flˈaʃkə/,/flˈaʃkə/,0,0.0,0.0,6,6
1500,*/flˈamə/,/flˈamə/,0,0.0,0.0,5,5
1501,*/flˈɛj/,/flˈɛj/,0,0.0,0.0,4,4
1502,*/flˈi/,/flˈi/,0,0.0,0.0,3,3
1503,*/flɔɾˈi/,/flɔɾˈi/,0,0.0,0.0,5,5
1504,*/flˈɔk/,/flˈɔk/,0,0.0,0.0,4,4
1505,*/flutulˠˈɔj/,/flutuɾˈɔj/,1,0.125,0.17307692307692307,8,8
1506,*/fɾaʃˈua̯lˠ/,/fɾaʃˈua̯lˠ/,0,0.0,0.0,7,7
1507,*/fɾand͡zˈɔlˠə/,/fɾand͡zˈɔlˠə/,0,0.0,0.0,8,8
1508,*/fɾˈaʃəɾ/,/fɾˈaʃəɾ/,0,0.0,0.0,6,6
1509,*/fɾəɲɟˈi/,/fɾəɲɟˈi/,0,0.0,0.0,6,6
1510,*/fɾˈəŋɡ/,/fɾˈəŋɡ/,0,0.0,0.0,5,5
1511,*/fɾˈɛ/,/fɾˈɛ/,0,0.0,0.0,3,3
1512,*/fɾˈɛɾə/,/fɾˈɛɾə/,0,0.0,0.0,5,5
1513,*/fɾˈyt/,/fɾˈyt/,0,0.0,0.0,4,4
1514,*/fɾˈuʃkə/,/fɾˈuʃkə/,0,0.0,0.0,6,6
1515,*/valˠkˈua̯/,/valˠkˈua̯/,0,0.0,0.0,6,6
1516,*/vˈaj/,/vˈaj/,0,0.0,0.0,3,3
1517,*/vˈak/,/vˈak/,0,0.0,0.0,3,3
1518,*/vˈɔlˠə/,/vˈalˠə/,1,0.25,0.23076923076923078,4,4
1519,*/vˈaʃtəɾ/,/vˈaʃtəɾ/,0,0.0,0.0,6,6
1520,*/vˈal/,/vˈal/,0,0.0,0.0,3,3
1521,*/vˈaɾɡ/,/vˈaɾɡ/,0,0.0,0.0,4,4
1522,*/vˈəɾɡəɾ/,/vˈaɾɡəɾ/,1,0.16666666666666666,0.09615384615384616,6,6
1523,*/vˈaɾfəɾ/,/vˈaɾfəɾ/,0,0.0,0.0,6,6
1524,*/vˈar/,/vˈar/,0,0.0,0.0,3,3
1525,*/vˈapə/,/vˈapə/,0,0.0,0.0,4,4
1526,*/vəɟˈilˠɛ/,/vəɟˈilˠɛ/,0,0.0,0.0,6,6
1527,*/vəʃtˈɔj/,/vəʃtˈɔj/,0,0.0,0.0,6,6
1528,*/vəʃnˈik/,/vəʃnˈik/,0,0.0,0.0,6,6
1529,*/vəʒɡˈɔj/,/vəʒɡˈɔj/,0,0.0,0.0,6,6
1530,*/vəɾʃˈɔj/,/vəɾʃˈɔj/,0,0.0,0.0,6,6
1531,*/vəɾtˈɛt/,/vəɾtˈɛt/,0,0.0,0.0,6,6
1532,*/vəɾtˈit/,/vəɾtˈit/,0,0.0,0.0,6,6
1533,*/vəɾtˈyt/,/vəɾtˈyt/,0,0.0,0.0,6,6
1534,*/vəɾsnˈik/,/vəɾsnˈik/,0,0.0,0.0,7,7
1535,*/vəɾvˈit/,/vəɾvˈit/,0,0.0,0.0,6,6
1536,*/vəɾmˈik/,/vəɾmˈik/,0,0.0,0.0,6,6
1537,*/vərˈi/,/vərˈi/,0,0.0,0.0,4,4
1538,*/vərˈizə/,/vərˈizə/,0,0.0,0.0,6,6
1539,*/vɾˈət͡ʃə/,/vˈəɾt͡ʃə/,2,0.4,0.5384615384615384,5,5
1540,*/vˈɛɾstə/,/vˈəɾsə/,2,0.4,0.4230769230769231,6,5
1541,*/vəɡˈɔj/,/vɛɡˈɔj/,1,0.2,0.057692307692307696,5,5
1542,*/vɛtˈulˠə/,/vɛtˈulˠə/,0,0.0,0.0,6,6
1543,*/vɛlˈɛnd͡zə/,/vɛlˈɛnd͡zə/,0,0.0,0.0,7,7
1544,*/vˈɛ/,/vˈɛ/,0,0.0,0.0,2,2
1545,*/vˈɛʃ/,/vˈɛʃ/,0,0.0,0.0,3,3
1546,*/vˈɛʃk/,/vˈɛʃk/,0,0.0,0.0,4,4
1547,*/vˈɛʃk/,/vˈɛʃk/,0,0.0,0.0,4,4
1548,*/vˈɛʃtulˠ/,/vˈɛʃtulˠ/,0,0.0,0.0,6,6
1549,*/vˈɛdəɾ/,/vˈɛdəɾ/,0,0.0,0.0,5,5
1550,*/vˈɛs/,/vˈɛs/,0,0.0,0.0,3,3
1551,*/vˈɛsə/,/vˈɛsə/,0,0.0,0.0,4,4
1552,*/vˈɛnd/,/vˈɛnd/,0,0.0,0.0,4,4
1553,*/vˈɛlˠ/,/vˈɛl/,1,0.3333333333333333,0.07692307692307693,3,3
1554,*/vˈɛɾə/,/vˈɛɾə/,0,0.0,0.0,4,4
1555,*/vˈɛɾð/,/vˈɛɾð/,0,0.0,0.0,4,4
1556,*/vˈɛɾb/,/vˈɛɾb/,0,0.0,0.0,4,4
1557,*/vˈɛr/,/vˈɛr/,0,0.0,0.0,3,3
1558,*/vˈɛpəɾ/,/vˈɛpəɾ/,0,0.0,0.0,5,5
1559,*/vjˈɛj/,/vjˈɛj/,0,0.0,0.0,4,4
1560,*/vjˈɛtəɾ/,/vjˈɛtəɾ/,0,0.0,0.0,6,6
1561,*/vjˈɛɾʃə/,/vjˈɛɾʃə/,0,0.0,0.0,6,6
1562,*/vˈɛɾðə/,/vjˈɛɾðə/,1,0.16666666666666666,0.4423076923076923,5,6
1563,*/vˈitəj/,/viɟˈɛ/,4,1.0,0.9038461538461539,5,4
1564,*/viɲˈalˠ/,/viɲˈalˠ/,0,0.0,0.0,5,5
1565,*/vitˈɔɾɛ/,/vitˈɔɾɛ/,0,0.0,0.0,6,6
1566,*/viɾˈua̯/,/viɾˈua̯/,0,0.0,0.0,5,5
1567,*/vˈɛj/,/vˈij/,1,0.3333333333333333,0.07692307692307693,3,3
1568,*/vˈijə/,/vˈijə/,0,0.0,0.0,4,4
1569,*/vˈicɛ/,/vˈicə/,1,0.25,0.057692307692307696,4,4
1570,*/vˈiʃɲə/,/vˈiʃɲə/,0,0.0,0.0,5,5
1571,*/vˈitəɾk/,/vˈitəɾk/,0,0.0,0.0,6,6
1572,*/vˈidəɾ/,/vˈidəɾ/,0,0.0,0.0,5,5
1573,*/vˈisk/,/vˈisk/,0,0.0,0.0,4,4
1574,*/vˈilə/,/vˈilə/,0,0.0,0.0,4,4
1575,*/vˈiɾɟəɾ/,/vˈiɾɟəɾ/,0,0.0,0.0,6,6
1576,*/vˈye̯j/,/vˈye̯j/,0,0.0,0.0,4,4
1577,*/vˈɔkulˠ/,/vˈɔkulˠ/,0,0.0,0.0,5,5
1578,*/vˈalə/,/vˈɔlə/,1,0.25,0.23076923076923078,4,4
1579,*/vˈɔbaɡ/,/vˈɔbəɡ/,1,0.2,0.09615384615384616,5,5
1580,*/vulˠnˈɛt/,/vulˠnˈɛt/,0,0.0,0.0,6,6
1581,*/vuɾkɔlˠˈak/,/vuɾkɔlˠˈak/,0,0.0,0.0,8,8
1582,*/vuɾˈatə/,/vurˈatə/,1,0.16666666666666666,0.057692307692307696,6,6
1583,*/vˈua̯j/,/vˈua̯j/,0,0.0,0.0,4,4
1584,*/bˈɛŋɡ/,/vɟˈɛ/,4,1.3333333333333333,1.0192307692307692,4,3
1585,*/bˈɛɲə/,/vɟˈɛɲə/,2,0.4,0.6153846153846154,4,5
1586,*/vlˈɛj/,/vlˈɛj/,0,0.0,0.0,4,4
1587,*/vlˈɛsə/,/vlˈɛsə/,0,0.0,0.0,5,5
1588,*/vlˈɛɾə/,/vlˈɛɾə/,0,0.0,0.0,5,5
1589,*/vlɔɲˈat/,/vlɔɲˈat/,0,0.0,0.0,6,6
1590,*/vlˈɔɾə/,/vlˈɔɾə/,0,0.0,0.0,5,5
1591,*/vɾˈəɾ/,/vɾˈəɾ/,0,0.0,0.0,4,4
1592,*/vɾˈɛɾ/,/vɾˈɛɾ/,0,0.0,0.0,4,4
1593,*/vɾˈɛɾə/,/vɾˈɛɾə/,0,0.0,0.0,5,5
1594,*/vɾˈiɡulˠ/,/vɾˈiɡulˠ/,0,0.0,0.0,6,6
1595,*/vɾˈul/,/vɾˈulˠ/,1,0.25,0.07692307692307693,4,4
1596,*/vɾˈaɡə/,/vrˈaɡə/,1,0.2,0.057692307692307696,5,5
1597,*/mahnˈit/,/mahnˈit/,0,0.0,0.0,6,6
1598,*/majˈɛɾɛ/,/majˈɛɾɛ/,0,0.0,0.0,6,6
1599,*/malˠəɲɟˈɛj/,/malˠəɲɟˈɛj/,0,0.0,0.0,8,8
1600,*/malˠkˈɔj/,/malˠkˈɔj/,0,0.0,0.0,6,6
1601,*/maɟˈi/,/maɟˈi/,0,0.0,0.0,4,4
1602,*/maʃtˈɛɾk/,/maʃtˈɛɾk/,0,0.0,0.0,7,7
1603,*/maʃtɾˈɔj/,/maʃtɾˈɔj/,0,0.0,0.0,7,7
1604,*/matˈukə/,/matˈukə/,0,0.0,0.0,6,6
1605,*/malt͡sˈɔlˠə/,/mat͡sˈɔlˠə/,1,0.16666666666666666,0.5576923076923077,7,6
1606,*/manuʃˈacɛ/,/manuʃˈacɛ/,0,0.0,0.0,8,8
1607,*/mandˈilɛ/,/mandˈilɛ/,0,0.0,0.0,7,7
1608,*/malt͡sˈɔj/,/malt͡sˈɔj/,0,0.0,0.0,6,6
1609,*/mˈaɾc/,/maɾˈac/,2,0.4,0.7884615384615384,4,5
1610,*/maɾˈɛnə/,/maɾˈɛnə/,0,0.0,0.0,6,6
1611,*/maɾʃtˈɔj/,/maɾʃtˈɔj/,0,0.0,0.0,7,7
1612,*/məɾtˈɛsə/,/maɾtˈɛsə/,1,0.14285714285714285,0.09615384615384616,7,7
1613,*/məɾtˈɔj/,/maɾtˈɔj/,1,0.16666666666666666,0.09615384615384616,6,6
1614,*/mərˈaj/,/marˈaj/,1,0.2,0.09615384615384616,5,5
1616,*/mˈaj/,/mˈaj/,0,0.0,0.0,3,3
1617,*/mˈaj/,/mˈaj/,0,0.0,0.0,3,3
1618,*/mˈajt/,/mˈajt/,0,0.0,0.0,4,4
1619,*/mˈak/,/mˈak/,0,0.0,0.0,3,3
1620,*/mˈalˠ/,/mˈalˠ/,0,0.0,0.0,3,3
1621,*/mˈat͡ʃə/,/mˈat͡ʃə/,0,0.0,0.0,4,4
1622,*/mˈaʃə/,/mˈaʃə/,0,0.0,0.0,4,4
1623,*/mˈaʃkulˠ/,/mˈaʃkulˠ/,0,0.0,0.0,6,6
1624,*/mˈat/,/mˈat/,0,0.0,0.0,3,3
1625,*/mˈatkə/,/mˈatkə/,0,0.0,0.0,5,5
1626,*/mˈat͡sə/,/mˈat͡sə/,0,0.0,0.0,4,4
1627,*/mˈazə/,/mˈazə/,0,0.0,0.0,4,4
1628,*/mˈaɾ/,/mˈaɾ/,0,0.0,0.0,3,3
1629,*/mˈaɾk/,/mˈaɾk/,0,0.0,0.0,4,4
1631,*/mˈaɾt/,/mˈaɾt/,0,0.0,0.0,4,4
1632,*/mˈaɾs/,/mˈaɾs/,0,0.0,0.0,4,4
1633,*/mˈaɾmuɾ/,/mˈaɾmuɾ/,0,0.0,0.0,6,6
1634,*/məkˈat/,/məkˈat/,0,0.0,0.0,5,5
1635,*/məkˈɔj/,/məkˈɔj/,0,0.0,0.0,5,5
1636,*/məɡˈaʃtəɾ/,/məɡˈaʃtəɾ/,0,0.0,0.0,8,8
1637,*/məɡˈulˠə/,/məɡˈulˠə/,0,0.0,0.0,6,6
1638,*/məŋɡˈɔj/,/məŋɡˈɔj/,0,0.0,0.0,6,6
1639,*/məlˠˈaɡə/,/məlˠˈaɡə/,0,0.0,0.0,6,6
1640,*/məlˠˈɛɲə/,/məlˠˈɛɲə/,0,0.0,0.0,6,6
1641,*/məlˠˈɛt/,/məlˠˈɛt/,0,0.0,0.0,5,5
1642,*/məɲˈɔlˠə/,/məɲˈɔlˠə/,0,0.0,0.0,6,6
1643,*/məɲɟˈi/,/məɲɟˈi/,0,0.0,0.0,5,5
1644,*/məɲɟˈilˠ/,/məɲɟˈilˠ/,0,0.0,0.0,6,6
1645,*/məɲɟˈilˠɛ/,/məɲɟˈilˠɛ/,0,0.0,0.0,7,7
1647,*/məʃˈɛɾə/,/məʃˈɛɾə/,0,0.0,0.0,6,6
1648,*/məʃˈikə/,/məʃˈikə/,0,0.0,0.0,6,6
1649,*/məʃˈiɾə/,/məʃˈiɾə/,0,0.0,0.0,6,6
1650,*/məʃˈɔj/,/məʃˈɔj/,0,0.0,0.0,5,5
1651,*/məʃtəkˈɔj/,/məʃtɛkˈɔj/,1,0.125,0.057692307692307696,8,8
1652,*/məʃtˈɛkəɾ/,/məʃtˈɛkəɾ/,0,0.0,0.0,8,8
1653,*/matɾˈik/,/mətɾˈik/,1,0.16666666666666666,0.09615384615384616,6,6
1654,*/məsˈɔj/,/məsˈɔj/,0,0.0,0.0,5,5
1655,*/məsˈuk/,/məsˈuk/,0,0.0,0.0,5,5
1656,*/minˈɔj/,/mənˈɔj/,1,0.2,0.09615384615384616,5,5
1657,*/məndˈafʃ/,/məndˈafʃ/,0,0.0,0.0,7,7
1658,*/mujkˈɔj/,/məlkˈɔj/,2,0.3333333333333333,0.4423076923076923,6,6
1659,*/məɾtˈɔj/,/məltˈɔj/,1,0.16666666666666666,0.09615384615384616,6,6
1660,*/mɾˈɛj/,/məɾˈɛj/,1,0.2,0.5,4,5
1661,*/məɾˈi/,/məɾˈi/,0,0.0,0.0,4,4
1662,*/məɾˈi/,/məɾˈi/,0,0.0,0.0,4,4
1663,*/məɾˈiz/,/məɾˈiz/,0,0.0,0.0,5,5
1664,*/məɾkˈɔʃ/,/məɾkˈɔʃ/,0,0.0,0.0,6,6
1665,*/məɾkˈuɾə/,/məɾkˈuɾə/,0,0.0,0.0,7,7
1666,*/məɾɡˈɔj/,/məɾɡˈɔj/,0,0.0,0.0,6,6
1667,*/məɾɡˈɔj/,/məɾɡˈɔj/,0,0.0,0.0,6,6
1668,*/məɾˈu/,/məɾˈu/,0,0.0,0.0,4,4
1669,*/məɾcˈɛɾ/,/məɾcˈɛɾ/,0,0.0,0.0,6,6
1670,*/məɾcˈiɲə/,/məɾcˈiɲə/,0,0.0,0.0,7,7
1671,*/məɾʃˈinə/,/məɾʃˈinə/,0,0.0,0.0,7,7
1672,*/məɾtˈi/,/məɾtˈi/,0,0.0,0.0,5,5
1673,*/məɾzˈɛj/,/məɾzˈɛj/,0,0.0,0.0,6,6
1674,*/məɾzˈit/,/məɾzˈit/,0,0.0,0.0,6,6
1675,*/məɾməɾˈit/,/məɾməɾˈit/,0,0.0,0.0,8,8
1676,*/mərˈajə/,/mərˈajə/,0,0.0,0.0,6,6
1677,*/mərˈajə/,/mərˈajə/,0,0.0,0.0,6,6
1678,*/mˈəŋɡə/,/mˈəŋɡə/,0,0.0,0.0,5,5
1680,*/mˈəŋɡəɾ/,/mˈəŋɡəɾ/,0,0.0,0.0,6,6
1681,*/mˈəɲə/,/mˈəɲə/,0,0.0,0.0,4,4
1682,*/mˈəɲɟəɾ/,/mˈəɲɟəɾ/,0,0.0,0.0,6,6
1684,*/mtˈɔj/,/mɛjtˈɔj/,2,0.3333333333333333,0.9615384615384616,4,6
1685,*/mɛtˈalɛ/,/mɛtˈalɛ/,0,0.0,0.0,6,6
1686,*/məndˈɛhj/,/mɛtˈɛh/,4,0.8,1.0,7,5
1687,*/mˈɛlˠə/,/mˈɛlˠə/,0,0.0,0.0,4,4
1688,*/mˈɛʃə/,/mˈɛʃə/,0,0.0,0.0,4,4
1689,*/mˈɛnd/,/mˈɛnd/,0,0.0,0.0,4,4
1690,*/mˈɛnd/,/mˈɛnd/,0,0.0,0.0,4,4
1691,*/mˈɛndə/,/mˈɛndə/,0,0.0,0.0,5,5
1692,*/mˈɛndulˠ/,/mˈɛndulˠ/,0,0.0,0.0,6,6
1693,*/mˈɛɾə/,/mˈɛɾə/,0,0.0,0.0,4,4
1694,*/mˈɛrə/,/mˈɛrə/,0,0.0,0.0,4,4
1695,*/mjˈɛk/,/mjˈɛk/,0,0.0,0.0,4,4
1696,*/mjˈɛɡulˠ/,/mjˈɛɡulˠ/,0,0.0,0.0,6,6
1697,*/mjˈɛʃtəɾ/,/mjˈɛʃtəɾ/,0,0.0,0.0,7,7
1698,*/mjˈɛtə/,/mjˈɛtə/,0,0.0,0.0,5,5
1699,*/mjˈɛz/,/mjˈɛz/,0,0.0,0.0,4,4
1700,*/milˈiŋɡə/,/milˈiŋɡə/,0,0.0,0.0,7,7
1701,*/mˈijə/,/mˈijə/,0,0.0,0.0,4,4
1702,*/mˈik/,/mˈik/,0,0.0,0.0,3,3
1703,*/mˈitə/,/mˈitə/,0,0.0,0.0,4,4
1704,*/mˈyk/,/mˈyk/,0,0.0,0.0,3,3
1705,*/mˈylˠ/,/mˈylˠ/,0,0.0,0.0,3,3
1706,*/mˈyʃk/,/mˈyʃk/,0,0.0,0.0,4,4
1707,*/mɔtɔvˈilɛ/,/mɔtɔvˈilɛ/,0,0.0,0.0,8,8
1708,*/mɔlˈikə/,/mɔlˈikə/,0,0.0,0.0,6,6
1709,*/mɔlˈit/,/mɔlˈit/,0,0.0,0.0,5,5
1710,*/mɔlˈit͡sə/,/mɔlˈit͡sə/,0,0.0,0.0,6,6
1711,*/mɔɾˈat͡ʃə/,/mɔɾˈat͡ʃə/,0,0.0,0.0,6,6
1712,*/mɔɾɔvˈit͡sə/,/mɔɾɔvˈit͡sə/,0,0.0,0.0,8,8
1713,*/mɔɾɔvˈinə/,/mɔɾɔvˈinə/,0,0.0,0.0,8,8
1714,*/mɔɾnˈit͡sə/,/mɔɾnˈit͡sə/,0,0.0,0.0,7,7
1715,*/mˈɔkəɾ/,/mˈɔkəɾ/,0,0.0,0.0,5,5
1716,*/mˈɔlˠə/,/mˈɔlˠə/,0,0.0,0.0,4,4
1718,*/mˈɔð/,/mˈɔð/,0,0.0,0.0,3,3
1719,*/mˈɔl/,/mˈɔl/,0,0.0,0.0,3,3
1720,*/mˈɔɾə/,/mˈɔɾə/,0,0.0,0.0,4,4
1721,*/mˈɔɾt/,/mˈɔɾt/,0,0.0,0.0,4,4
1722,*/məŋɡˈɔj/,/muŋɡˈɔj/,1,0.16666666666666666,0.17307692307692307,6,6
1723,*/mulˠˈaɾ/,/mulˠˈaɾ/,0,0.0,0.0,5,5
1724,*/mulˠˈi/,/mulˠˈi/,0,0.0,0.0,4,4
1725,*/muʃcəlˠˈua̯ɾ/,/muʃkəlˠˈye̯ɾ/,3,0.3333333333333333,0.19230769230769232,9,9
1726,*/muʃkˈɔɲə/,/muʃkˈɔɲə/,0,0.0,0.0,7,7
1727,*/muʃtəkˈɔj/,/muʃtəkˈɔj/,0,0.0,0.0,8,8
1728,*/muʒˈənt͡skə/,/muʒˈənt͡skə/,0,0.0,0.0,8,8
1729,*/muɾtˈajə/,/muɾtˈajə/,0,0.0,0.0,7,7
1730,*/muɾmuɾˈɔj/,/muɾmuɾˈɔj/,0,0.0,0.0,8,8
1731,*/mˈu/,/mˈu/,0,0.0,0.0,2,2
1732,*/mˈulˠə/,/mˈulˠə/,0,0.0,0.0,4,4
1733,*/mˈuʃkulˠ/,/mˈuʃkulˠ/,0,0.0,0.0,6,6
1734,*/mˈuʃt/,/mˈuʃt/,0,0.0,0.0,4,4
1735,*/mˈuz/,/mˈuz/,0,0.0,0.0,3,3
1736,*/mˈuzɡə/,/mˈuzɡə/,0,0.0,0.0,5,5
1737,*/mˈyɾ/,/mˈuɾ/,1,0.3333333333333333,0.07692307692307693,3,3
1738,*/mˈunk/,/mˈuɾɡ/,2,0.5,0.1346153846153846,4,4
1739,*/mˈuɾɡə/,/mˈuɾɡə/,0,0.0,0.0,5,5
1740,*/mˈurə/,/mˈurə/,0,0.0,0.0,4,4
1741,*/mbətˈi/,/mtˈi/,2,0.6666666666666666,1.0576923076923077,5,3
1742,*/md͡zˈɔj/,/md͡zˈɔj/,0,0.0,0.0,4,4
1743,*/mlˈyc/,/mlˈyʃ/,1,0.25,0.19230769230769232,4,4
1745,*/mɾˈɛkulˠ/,/mɾˈɛkulˠ/,0,0.0,0.0,6,6
1746,*/mbulˠˈɔj/,/mbalˠˈɔj/,1,0.16666666666666666,0.23076923076923078,6,6
1747,*/mbləndˈɔj/,/mbəltˈɔj/,3,0.42857142857142855,0.5961538461538461,8,7
1748,*/mbˈɔɾij/,/mbˈɔɾjɛ/,2,0.3333333333333333,0.23076923076923078,6,6
1749,*/mbulˠˈɔj/,/mbulˈɔj/,1,0.16666666666666666,0.07692307692307693,6,6
1750,*/mbəhˈat/,/mbufˈat/,2,0.3333333333333333,0.36538461538461536,6,6
1751,*/mblˈɔj/,/mblˈɔj/,0,0.0,0.0,5,5
1752,*/mbɾˈazən/,/mbɾˈazən/,0,0.0,0.0,7,7
1753,*/mbɾɛtɾˈɛʃə/,/mbɾɛtəɾˈɛʃə/,1,0.1,0.6153846153846154,9,10
1754,*/mbɾˈɛt/,/mbɾˈɛt/,0,0.0,0.0,5,5
1755,*/mbɾˈɛtəɾ/,/mbɾˈɛtəɾ/,0,0.0,0.0,7,7
1756,*/mbɾˈɔj/,/mbɾˈɔj/,0,0.0,0.0,5,5